[17156:11888:0515/183855.985:WARNING:chrome_main_delegate.cc(745)] This is Chrome version 128.0.6613.138 (not a warning)
[17156:4564:0515/183856.022:ERROR:google_update_settings.cc(265)] Failed opening key Software\Chromium to set usagestats; result: 5
[17156:11888:0515/183856.040:WARNING:account_consistency_mode_manager.cc(77)] Desktop Identity Consistency cannot be enabled as no OAuth client ID and client secret have been configured.
[8760:1744:0515/183859.061:WARNING:frame_impl.cc(430)] virtual CefFrameImpl::SendProcessMessage sent to detached frame 5-804B6B45F7F75716A5B7ACAF7E8828E5 will be ignored
[17156:11888:0515/183904.061:ERROR:device_event_log_impl.cc(196)] [18:39:03.733] USB: usb_service_win.cc:105 SetupDiGetDeviceProperty({{A45C254E-DF1C-4EFD-8020-67D146A850E0}, 6}) failed: 요소가 없습니다. (0x490)
[16140:4244:0515/185839.509:VERBOSE1:network_delegate.cc(36)] NetworkDelegate::NotifyBeforeURLRequest: https://optimizationguide-pa.googleapis.com/v1:GetModels?key=dummytoken
[16140:4244:0515/185839.513:VERBOSE1:tls_handshaker.cc(105)] TlsClient: Continuing handshake
[16140:4244:0515/185839.514:VERBOSE1:tls_handshaker.cc(126)] TlsClient: SSL_do_handshake returned when entering early data. After retry, rv=-1, SSL_in_early_data=1
[16140:4244:0515/185839.553:VERBOSE1:tls_handshaker.cc(105)] TlsClient: Continuing handshake
[16140:4244:0515/185839.553:VERBOSE1:tls_handshaker.cc(105)] TlsClient: Continuing handshake
[16140:4244:0515/185839.553:VERBOSE1:tls_client_handshaker.cc(528)] Client: handshake finished
[16140:4244:0515/190127.528:VERBOSE1:network_delegate.cc(36)] NetworkDelegate::NotifyBeforeURLRequest: https://optimizationguide-pa.googleapis.com/v1:GetModels?key=dummytoken
[16140:4244:0515/190127.532:VERBOSE1:tls_handshaker.cc(105)] TlsClient: Continuing handshake
[16140:4244:0515/190127.532:VERBOSE1:tls_handshaker.cc(126)] TlsClient: SSL_do_handshake returned when entering early data. After retry, rv=-1, SSL_in_early_data=1
[16140:4244:0515/190127.573:VERBOSE1:tls_handshaker.cc(105)] TlsClient: Continuing handshake
[16140:4244:0515/190127.573:VERBOSE1:tls_handshaker.cc(105)] TlsClient: Continuing handshake
[16140:4244:0515/190127.573:VERBOSE1:tls_client_handshaker.cc(528)] Client: handshake finished
[16140:4244:0515/190411.533:VERBOSE1:network_delegate.cc(36)] NetworkDelegate::NotifyBeforeURLRequest: https://optimizationguide-pa.googleapis.com/v1:GetModels?key=dummytoken
[16140:4244:0515/190411.537:VERBOSE1:tls_handshaker.cc(105)] TlsClient: Continuing handshake
[16140:4244:0515/190411.538:VERBOSE1:tls_handshaker.cc(126)] TlsClient: SSL_do_handshake returned when entering early data. After retry, rv=-1, SSL_in_early_data=1
[16140:4244:0515/190411.580:VERBOSE1:tls_handshaker.cc(105)] TlsClient: Continuing handshake
[16140:4244:0515/190411.580:VERBOSE1:tls_handshaker.cc(105)] TlsClient: Continuing handshake
[16140:4244:0515/190411.580:VERBOSE1:tls_client_handshaker.cc(528)] Client: handshake finished
[16140:4244:0515/190653.546:VERBOSE1:network_delegate.cc(36)] NetworkDelegate::NotifyBeforeURLRequest: https://optimizationguide-pa.googleapis.com/v1:GetModels?key=dummytoken
[16140:4244:0515/190653.549:VERBOSE1:tls_handshaker.cc(105)] TlsClient: Continuing handshake
[16140:4244:0515/190653.550:VERBOSE1:tls_handshaker.cc(126)] TlsClient: SSL_do_handshake returned when entering early data. After retry, rv=-1, SSL_in_early_data=1
[16140:4244:0515/190653.588:VERBOSE1:tls_handshaker.cc(105)] TlsClient: Continuing handshake
[16140:4244:0515/190653.588:VERBOSE1:tls_handshaker.cc(105)] TlsClient: Continuing handshake
[16140:4244:0515/190653.588:VERBOSE1:tls_client_handshaker.cc(528)] Client: handshake finished
[16140:4244:0515/190950.893:VERBOSE1:network_delegate.cc(36)] NetworkDelegate::NotifyBeforeURLRequest: https://optimizationguide-pa.googleapis.com/v1:GetModels?key=dummytoken
[16140:4244:0515/190950.896:VERBOSE1:tls_handshaker.cc(105)] TlsClient: Continuing handshake
[16140:4244:0515/190950.930:VERBOSE1:tls_handshaker.cc(105)] TlsClient: Continuing handshake
[16140:4244:0515/190951.227:VERBOSE1:tls_handshaker.cc(105)] TlsClient: Continuing handshake
[16140:4244:0515/190951.228:VERBOSE1:tls_handshaker.cc(126)] TlsClient: SSL_do_handshake returned when entering early data. After retry, rv=-1, SSL_in_early_data=1
[16140:4244:0515/190951.228:VERBOSE1:tls_handshaker.cc(105)] TlsClient: Continuing handshake
[16140:4244:0515/190951.228:VERBOSE1:tls_client_handshaker.cc(625)] 0-RTT handshake attempted but was rejected by the server
[16140:4244:0515/190951.228:VERBOSE1:tls_handshaker.cc(105)] TlsClient: Continuing handshake
[16140:4244:0515/190951.228:VERBOSE1:tls_handshaker.cc(105)] TlsClient: Continuing handshake
[16140:4244:0515/190951.228:VERBOSE1:tls_client_handshaker.cc(528)] Client: handshake finished
[16140:4244:0515/191221.241:VERBOSE1:network_delegate.cc(36)] NetworkDelegate::NotifyBeforeURLRequest: https://optimizationguide-pa.googleapis.com/v1:GetModels?key=dummytoken
[16140:4244:0515/191221.246:VERBOSE1:tls_handshaker.cc(105)] TlsClient: Continuing handshake
[16140:4244:0515/191221.246:VERBOSE1:tls_handshaker.cc(126)] TlsClient: SSL_do_handshake returned when entering early data. After retry, rv=-1, SSL_in_early_data=1
[16140:4244:0515/191221.290:VERBOSE1:tls_handshaker.cc(105)] TlsClient: Continuing handshake
[16140:4244:0515/191221.290:VERBOSE1:tls_handshaker.cc(105)] TlsClient: Continuing handshake
[16140:4244:0515/191221.290:VERBOSE1:tls_client_handshaker.cc(528)] Client: handshake finished
[16140:4244:0515/191514.261:VERBOSE1:network_delegate.cc(36)] NetworkDelegate::NotifyBeforeURLRequest: https://optimizationguide-pa.googleapis.com/v1:GetModels?key=dummytoken
[16140:4244:0515/191514.267:VERBOSE1:tls_handshaker.cc(105)] TlsClient: Continuing handshake
[16140:4244:0515/191514.307:VERBOSE1:tls_handshaker.cc(105)] TlsClient: Continuing handshake
[16140:4244:0515/191514.924:VERBOSE1:tls_handshaker.cc(105)] TlsClient: Continuing handshake
[16140:4244:0515/191514.924:VERBOSE1:tls_handshaker.cc(126)] TlsClient: SSL_do_handshake returned when entering early data. After retry, rv=-1, SSL_in_early_data=1
[16140:4244:0515/191514.924:VERBOSE1:tls_handshaker.cc(105)] TlsClient: Continuing handshake
[16140:4244:0515/191514.924:VERBOSE1:tls_client_handshaker.cc(625)] 0-RTT handshake attempted but was rejected by the server
[16140:4244:0515/191514.924:VERBOSE1:tls_handshaker.cc(105)] TlsClient: Continuing handshake
[16140:4244:0515/191514.924:VERBOSE1:tls_handshaker.cc(105)] TlsClient: Continuing handshake
[16140:4244:0515/191514.924:VERBOSE1:tls_handshaker.cc(105)] TlsClient: Continuing handshake
[16140:4244:0515/191514.924:VERBOSE1:tls_handshaker.cc(105)] TlsClient: Continuing handshake
[16140:4244:0515/191514.924:VERBOSE1:tls_client_handshaker.cc(528)] Client: handshake finished
[16140:4244:0515/191755.280:VERBOSE1:network_delegate.cc(36)] NetworkDelegate::NotifyBeforeURLRequest: https://optimizationguide-pa.googleapis.com/v1:GetModels?key=dummytoken
[16140:4244:0515/191755.288:VERBOSE1:tls_handshaker.cc(105)] TlsClient: Continuing handshake
[16140:4244:0515/191755.288:VERBOSE1:tls_handshaker.cc(126)] TlsClient: SSL_do_handshake returned when entering early data. After retry, rv=-1, SSL_in_early_data=1
[16140:4244:0515/191755.325:VERBOSE1:tls_handshaker.cc(105)] TlsClient: Continuing handshake
[16140:4244:0515/191755.325:VERBOSE1:tls_handshaker.cc(105)] TlsClient: Continuing handshake
[16140:4244:0515/191755.325:VERBOSE1:tls_client_handshaker.cc(528)] Client: handshake finished
[16140:4244:0515/192046.631:VERBOSE1:network_delegate.cc(36)] NetworkDelegate::NotifyBeforeURLRequest: https://optimizationguide-pa.googleapis.com/v1:GetModels?key=dummytoken
[16140:4244:0515/192046.636:VERBOSE1:tls_handshaker.cc(105)] TlsClient: Continuing handshake
[16140:4244:0515/192046.636:VERBOSE1:tls_handshaker.cc(126)] TlsClient: SSL_do_handshake returned when entering early data. After retry, rv=-1, SSL_in_early_data=1
[16140:4244:0515/192046.671:VERBOSE1:tls_handshaker.cc(105)] TlsClient: Continuing handshake
[16140:4244:0515/192046.681:VERBOSE1:tls_handshaker.cc(105)] TlsClient: Continuing handshake
[16140:4244:0515/192046.681:VERBOSE1:tls_client_handshaker.cc(625)] 0-RTT handshake attempted but was rejected by the server
[16140:4244:0515/192046.681:VERBOSE1:tls_handshaker.cc(105)] TlsClient: Continuing handshake
[16140:4244:0515/192046.681:VERBOSE1:tls_handshaker.cc(105)] TlsClient: Continuing handshake
[16140:4244:0515/192046.682:VERBOSE1:tls_client_handshaker.cc(528)] Client: handshake finished
[16140:4244:0515/192325.657:VERBOSE1:network_delegate.cc(36)] NetworkDelegate::NotifyBeforeURLRequest: https://optimizationguide-pa.googleapis.com/v1:GetModels?key=dummytoken
[16140:4244:0515/192325.661:VERBOSE1:tls_handshaker.cc(105)] TlsClient: Continuing handshake
[16140:4244:0515/192325.662:VERBOSE1:tls_handshaker.cc(126)] TlsClient: SSL_do_handshake returned when entering early data. After retry, rv=-1, SSL_in_early_data=1
[16140:4244:0515/192325.699:VERBOSE1:tls_handshaker.cc(105)] TlsClient: Continuing handshake
[16140:4244:0515/192325.700:VERBOSE1:tls_handshaker.cc(105)] TlsClient: Continuing handshake
[16140:4244:0515/192325.700:VERBOSE1:tls_client_handshaker.cc(625)] 0-RTT handshake attempted but was rejected by the server
[16140:4244:0515/192325.701:VERBOSE1:tls_handshaker.cc(105)] TlsClient: Continuing handshake
[16140:4244:0515/192325.701:VERBOSE1:tls_handshaker.cc(105)] TlsClient: Continuing handshake
[16140:4244:0515/192325.701:VERBOSE1:tls_handshaker.cc(105)] TlsClient: Continuing handshake
[16140:4244:0515/192325.701:VERBOSE1:tls_handshaker.cc(105)] TlsClient: Continuing handshake
[16140:4244:0515/192325.702:VERBOSE1:tls_client_handshaker.cc(528)] Client: handshake finished
[16140:4244:0515/192623.679:VERBOSE1:network_delegate.cc(36)] NetworkDelegate::NotifyBeforeURLRequest: https://optimizationguide-pa.googleapis.com/v1:GetModels?key=dummytoken
[16140:4244:0515/192623.686:VERBOSE1:tls_handshaker.cc(105)] TlsClient: Continuing handshake
[16140:4244:0515/192623.687:VERBOSE1:tls_handshaker.cc(126)] TlsClient: SSL_do_handshake returned when entering early data. After retry, rv=-1, SSL_in_early_data=1
[16140:4244:0515/192623.727:VERBOSE1:tls_handshaker.cc(105)] TlsClient: Continuing handshake
[16140:4244:0515/192623.727:VERBOSE1:tls_handshaker.cc(105)] TlsClient: Continuing handshake
[16140:4244:0515/192623.727:VERBOSE1:tls_client_handshaker.cc(528)] Client: handshake finished
[16140:4244:0515/192906.366:VERBOSE1:network_delegate.cc(36)] NetworkDelegate::NotifyBeforeURLRequest: https://optimizationguide-pa.googleapis.com/v1:GetModels?key=dummytoken
[16140:4244:0515/192906.372:VERBOSE1:tls_handshaker.cc(105)] TlsClient: Continuing handshake
[16140:4244:0515/192906.373:VERBOSE1:tls_handshaker.cc(126)] TlsClient: SSL_do_handshake returned when entering early data. After retry, rv=-1, SSL_in_early_data=1
[16140:4244:0515/192906.407:VERBOSE1:tls_handshaker.cc(105)] TlsClient: Continuing handshake
[16140:4244:0515/192906.415:VERBOSE1:tls_handshaker.cc(105)] TlsClient: Continuing handshake
[16140:4244:0515/192906.415:VERBOSE1:tls_client_handshaker.cc(625)] 0-RTT handshake attempted but was rejected by the server
[16140:4244:0515/192906.415:VERBOSE1:tls_handshaker.cc(105)] TlsClient: Continuing handshake
[16140:4244:0515/192906.415:VERBOSE1:tls_handshaker.cc(105)] TlsClient: Continuing handshake
[16140:4244:0515/192906.415:VERBOSE1:tls_client_handshaker.cc(528)] Client: handshake finished
[16140:4244:0515/193141.391:VERBOSE1:network_delegate.cc(36)] NetworkDelegate::NotifyBeforeURLRequest: https://optimizationguide-pa.googleapis.com/v1:GetModels?key=dummytoken
[16140:4244:0515/193141.396:VERBOSE1:tls_handshaker.cc(105)] TlsClient: Continuing handshake
[16140:4244:0515/193141.397:VERBOSE1:tls_handshaker.cc(126)] TlsClient: SSL_do_handshake returned when entering early data. After retry, rv=-1, SSL_in_early_data=1
[16140:4244:0515/193141.436:VERBOSE1:tls_handshaker.cc(105)] TlsClient: Continuing handshake
[16140:4244:0515/193141.438:VERBOSE1:tls_handshaker.cc(105)] TlsClient: Continuing handshake
[16140:4244:0515/193141.438:VERBOSE1:tls_client_handshaker.cc(625)] 0-RTT handshake attempted but was rejected by the server
[16140:4244:0515/193141.438:VERBOSE1:tls_handshaker.cc(105)] TlsClient: Continuing handshake
[16140:4244:0515/193141.439:VERBOSE1:tls_handshaker.cc(105)] TlsClient: Continuing handshake
[16140:4244:0515/193141.439:VERBOSE1:tls_handshaker.cc(105)] TlsClient: Continuing handshake
[16140:4244:0515/193141.439:VERBOSE1:tls_handshaker.cc(105)] TlsClient: Continuing handshake
[16140:4244:0515/193141.440:VERBOSE1:tls_client_handshaker.cc(528)] Client: handshake finished
[16140:4244:0515/193420.075:VERBOSE1:network_delegate.cc(36)] NetworkDelegate::NotifyBeforeURLRequest: https://optimizationguide-pa.googleapis.com/v1:GetModels?key=dummytoken
[16140:4244:0515/193420.079:VERBOSE1:tls_handshaker.cc(105)] TlsClient: Continuing handshake
[16140:4244:0515/193420.079:VERBOSE1:tls_handshaker.cc(126)] TlsClient: SSL_do_handshake returned when entering early data. After retry, rv=-1, SSL_in_early_data=1
[16140:4244:0515/193420.118:VERBOSE1:tls_handshaker.cc(105)] TlsClient: Continuing handshake
[16140:4244:0515/193420.118:VERBOSE1:tls_handshaker.cc(105)] TlsClient: Continuing handshake
[16140:4244:0515/193420.118:VERBOSE1:tls_client_handshaker.cc(528)] Client: handshake finished
[16140:4244:0515/193656.763:VERBOSE1:network_delegate.cc(36)] NetworkDelegate::NotifyBeforeURLRequest: https://optimizationguide-pa.googleapis.com/v1:GetModels?key=dummytoken
[16140:4244:0515/193656.770:VERBOSE1:tls_handshaker.cc(105)] TlsClient: Continuing handshake
[16140:4244:0515/193656.771:VERBOSE1:tls_handshaker.cc(126)] TlsClient: SSL_do_handshake returned when entering early data. After retry, rv=-1, SSL_in_early_data=1
[16140:4244:0515/193656.813:VERBOSE1:tls_handshaker.cc(105)] TlsClient: Continuing handshake
[16140:4244:0515/193656.813:VERBOSE1:tls_handshaker.cc(105)] TlsClient: Continuing handshake
[16140:4244:0515/193656.813:VERBOSE1:tls_client_handshaker.cc(528)] Client: handshake finished
[16140:4244:0515/193940.114:VERBOSE1:network_delegate.cc(36)] NetworkDelegate::NotifyBeforeURLRequest: https://optimizationguide-pa.googleapis.com/v1:GetModels?key=dummytoken
[16140:4244:0515/193940.117:VERBOSE1:tls_handshaker.cc(105)] TlsClient: Continuing handshake
[16140:4244:0515/193940.117:VERBOSE1:tls_handshaker.cc(126)] TlsClient: SSL_do_handshake returned when entering early data. After retry, rv=-1, SSL_in_early_data=1
[16140:4244:0515/193940.151:VERBOSE1:tls_handshaker.cc(105)] TlsClient: Continuing handshake
[16140:4244:0515/193940.160:VERBOSE1:tls_handshaker.cc(105)] TlsClient: Continuing handshake
[16140:4244:0515/193940.160:VERBOSE1:tls_client_handshaker.cc(625)] 0-RTT handshake attempted but was rejected by the server
[16140:4244:0515/193940.160:VERBOSE1:tls_handshaker.cc(105)] TlsClient: Continuing handshake
[16140:4244:0515/193940.160:VERBOSE1:tls_handshaker.cc(105)] TlsClient: Continuing handshake
[16140:4244:0515/193940.160:VERBOSE1:tls_client_handshaker.cc(528)] Client: handshake finished
[17156:11888:0515/194156.254:ERROR:device_event_log_impl.cc(196)] [19:41:56.070] USB: usb_service_win.cc:105 SetupDiGetDeviceProperty({{A45C254E-DF1C-4EFD-8020-67D146A850E0}, 6}) failed: 요소가 없습니다. (0x490)
[16140:4244:0515/194220.258:VERBOSE1:network_delegate.cc(36)] NetworkDelegate::NotifyBeforeURLRequest: https://optimizationguide-pa.googleapis.com/v1:GetModels?key=dummytoken
[16140:4244:0515/194220.263:VERBOSE1:tls_handshaker.cc(105)] TlsClient: Continuing handshake
[16140:4244:0515/194220.264:VERBOSE1:tls_handshaker.cc(126)] TlsClient: SSL_do_handshake returned when entering early data. After retry, rv=-1, SSL_in_early_data=1
[16140:4244:0515/194220.301:VERBOSE1:tls_handshaker.cc(105)] TlsClient: Continuing handshake
[16140:4244:0515/194220.301:VERBOSE1:tls_handshaker.cc(105)] TlsClient: Continuing handshake
[16140:4244:0515/194220.301:VERBOSE1:tls_client_handshaker.cc(625)] 0-RTT handshake attempted but was rejected by the server
[16140:4244:0515/194220.301:VERBOSE1:tls_handshaker.cc(105)] TlsClient: Continuing handshake
[16140:4244:0515/194220.301:VERBOSE1:tls_handshaker.cc(105)] TlsClient: Continuing handshake
[16140:4244:0515/194220.301:VERBOSE1:tls_handshaker.cc(105)] TlsClient: Continuing handshake
[16140:4244:0515/194220.301:VERBOSE1:tls_handshaker.cc(105)] TlsClient: Continuing handshake
[16140:4244:0515/194220.923:VERBOSE1:tls_handshaker.cc(105)] TlsClient: Continuing handshake
[16140:4244:0515/194220.924:VERBOSE1:tls_client_handshaker.cc(528)] Client: handshake finished
[16140:4244:0515/194454.950:VERBOSE1:network_delegate.cc(36)] NetworkDelegate::NotifyBeforeURLRequest: https://optimizationguide-pa.googleapis.com/v1:GetModels?key=dummytoken
[16140:4244:0515/194454.954:VERBOSE1:tls_handshaker.cc(105)] TlsClient: Continuing handshake
[16140:4244:0515/194454.955:VERBOSE1:tls_handshaker.cc(126)] TlsClient: SSL_do_handshake returned when entering early data. After retry, rv=-1, SSL_in_early_data=1
[16140:4244:0515/194454.995:VERBOSE1:tls_handshaker.cc(105)] TlsClient: Continuing handshake
[16140:4244:0515/194454.995:VERBOSE1:tls_handshaker.cc(105)] TlsClient: Continuing handshake
[16140:4244:0515/194454.995:VERBOSE1:tls_client_handshaker.cc(528)] Client: handshake finished
[16140:4244:0515/194742.974:VERBOSE1:network_delegate.cc(36)] NetworkDelegate::NotifyBeforeURLRequest: https://optimizationguide-pa.googleapis.com/v1:GetModels?key=dummytoken
[16140:4244:0515/194742.979:VERBOSE1:tls_handshaker.cc(105)] TlsClient: Continuing handshake
[16140:4244:0515/194742.979:VERBOSE1:tls_handshaker.cc(126)] TlsClient: SSL_do_handshake returned when entering early data. After retry, rv=-1, SSL_in_early_data=1
[16140:4244:0515/194743.019:VERBOSE1:tls_handshaker.cc(105)] TlsClient: Continuing handshake
[16140:4244:0515/194743.019:VERBOSE1:tls_handshaker.cc(105)] TlsClient: Continuing handshake
[16140:4244:0515/194743.019:VERBOSE1:tls_client_handshaker.cc(528)] Client: handshake finished
[17156:11888:0515/195007.663:VERBOSE1:device_event_log_impl.cc(198)] [19:50:07.662] Display: EVENT: screen_win.cc:893 Displays updated, count: 1
[17156:11888:0515/195007.663:VERBOSE1:device_event_log_impl.cc(198)] [19:50:07.663] Display: EVENT: screen_win.cc:895 Display[2863984915] bounds=[0,0 1920x1080], workarea=[0,0 1920x1032], scale=1, rotation=0, panel_rotation=0 external detected
[21260:19916:0515/195011.560:VERBOSE1:frame_impl.cc(620)] frame 6-C716C346056AECF570D56354E122C5DC disconnected (reason=BROWSER_FRAME_DISCONNECT, current_state=CONNECTION_ACKED)
[21260:19916:0515/195011.560:VERBOSE1:frame_impl.cc(633)] frame 6-C716C346056AECF570D56354E122C5DC connection retry scheduled
[17156:11888:0515/195011.560:VERBOSE1:frame_host_impl.cc(515)] frame 6-C716C346056AECF570D56354E122C5DC (main) detached (reason=NEW_MAIN_FRAME, is_connected=1)
[17156:11888:0515/195011.569:VERBOSE1:account_reconcilor.cc(264)] AccountReconcilor::Shutdown
[17156:11888:0515/195011.569:VERBOSE1:account_reconcilor.cc(718)] AccountReconcilor::AbortReconcile: try again later
[17156:11888:0515/195011.569:VERBOSE1:account_reconcilor.cc(827)] AccountReconcilor::CalculateIfMultiloginReconcileIsDone: Error was 
[17156:11888:0515/195011.569:VERBOSE1:account_reconcilor.cc(313)] AccountReconcilor::UnregisterWithIdentityManager
[17156:11888:0515/195011.569:VERBOSE1:account_reconcilor.cc(286)] AccountReconcilor::UnregisterWithContentSettings
[17156:11888:0515/195011.569:VERBOSE1:gaia_cookie_manager_service.cc(628)] GaiaCookieManagerService::CancelAll
[17156:11888:0515/195011.569:VERBOSE1:mutable_profile_oauth2_token_service_delegate.cc(752)] MutablePO2TS::Shutdown
[17156:11888:0515/195011.569:VERBOSE1:mutable_profile_oauth2_token_service_delegate.cc(235)] MutablePO2TS::~MutablePO2TS
[17156:11888:0515/195011.569:VERBOSE1:device_event_log_impl.cc(198)] [19:50:11.569] Bluetooth: EVENT: bluetooth_api.cc:109 BluetoothAPI: Shutdown
[17156:11888:0515/195011.570:VERBOSE1:account_reconcilor.cc(193)] AccountReconcilor::~AccountReconcilor
[17156:11888:0515/195011.572:VERBOSE1:device_event_log_impl.cc(198)] [19:50:11.571] Bluetooth: EVENT: bluetooth_api.cc:95 ~BluetoothAPI: 000018EC00339A00
[17156:11888:0515/195011.628:VERBOSE1:component_updater_service.cc(180)] CrxUpdateService stopping
[17156:11888:0515/195011.628:WARNING:pref_notifier_impl.cc(41)] Pref observer for media_router.cast_allow_all_ips found at shutdown.
[17156:11888:0515/195011.646:VERBOSE1:statistics_recorder.cc(607)] Collections of all histograms
Histogram: API.StorageAccess.AllowedRequests2 recorded 97 samples, mean = 0.1 (flags = 0x41)
0  ------------------------------------------------------------------------O (90 = 92.8%)
1  ------O                                                                   (7 = 7.2%) {92.8%}
2  ... 

Histogram: API.StorageAccess.DocumentInheritedStorageAccess recorded 3 samples, mean = 0.0 (flags = 0x41)
0  ---O                                                                      (3 = 100.0%)
1  ... 

Histogram: API.StorageAccess.DocumentLoadedWithStorageAccess recorded 3 samples, mean = 0.0 (flags = 0x41)
0  ---O                                                                      (3 = 100.0%)
1  ... 

Histogram: Accessibility.CaptionSettingsLoadedFromSystemSettings recorded 1 samples, mean = 0.0 (flags = 0x41)
0  -O                                                                        (1 = 100.0%)
1  ... 

Histogram: Accessibility.ImageLabels2 recorded 1 samples, mean = 0.0 (flags = 0x41)
0  -O                                                                        (1 = 100.0%)
1  ... 

Histogram: Accessibility.LiveCaption.FeatureEnabled2 recorded 1 samples, mean = 1.0 (flags = 0x41)
0  O                                                                         (0 = 0.0%)
1  -O                                                                        (1 = 100.0%) {0.0%}
2  O                                                                         (0 = 0.0%) {100.0%}

Histogram: Accessibility.LiveCaption2 recorded 1 samples, mean = 0.0 (flags = 0x41)
0  -O                                                                        (1 = 100.0%)
1  ... 

Histogram: Accessibility.ManuallyEnabled recorded 1 samples, mean = 0.0 (flags = 0x41)
0  -O                                                                        (1 = 100.0%)
1  ... 

Histogram: Accessibility.WinJAWS recorded 1 samples, mean = 0.0 (flags = 0x41)
0  -O                                                                        (1 = 100.0%)
1  ... 

Histogram: Accessibility.WinNVDA recorded 1 samples, mean = 0.0 (flags = 0x41)
0  -O                                                                        (1 = 100.0%)
1  ... 

Histogram: Accessibility.WinSAToGo recorded 1 samples, mean = 0.0 (flags = 0x41)
0  -O                                                                        (1 = 100.0%)
1  ... 

Histogram: Accessibility.WinScreenReader2 recorded 1 samples, mean = 0.0 (flags = 0x41)
0  -O                                                                        (1 = 100.0%)
1  ... 

Histogram: Accessibility.WinStickyKeys recorded 1 samples, mean = 0.0 (flags = 0x41)
0  -O                                                                        (1 = 100.0%)
1  ... 

Histogram: Accessibility.WinSupernova recorded 1 samples, mean = 0.0 (flags = 0x41)
0  -O                                                                        (1 = 100.0%)
1  ... 

Histogram: Accessibility.WinZoomText recorded 1 samples, mean = 0.0 (flags = 0x41)
0  -O                                                                        (1 = 100.0%)
1  ... 

Histogram: AppBanners.InstallableStatusCode recorded 1 samples (flags = 0x41)
8  -O                                                                        (1 = 100.0%)

Histogram: Apps.PreferredApps.EntryCount recorded 1 samples, mean = 0.0 (flags = 0x41)
0  -O                                                                        (1 = 100.0%)
1  ... 

Histogram: Autofill.Address.IsEnabled.Startup recorded 1 samples, mean = 1.0 (flags = 0x41)
0  O                                                                         (0 = 0.0%)
1  -O                                                                        (1 = 100.0%) {0.0%}
2  O                                                                         (0 = 0.0%) {100.0%}

Histogram: Autofill.CreditCard.IsEnabled.Startup recorded 1 samples, mean = 1.0 (flags = 0x41)
0  O                                                                         (0 = 0.0%)
1  -O                                                                        (1 = 100.0%) {0.0%}
2  O                                                                         (0 = 0.0%) {100.0%}

Histogram: Autofill.DOMContentLoadedInOutermostMainFrame recorded 1 samples, mean = 1.0 (flags = 0x41)
0  O                                                                         (0 = 0.0%)
1  -O                                                                        (1 = 100.0%) {0.0%}
2  O                                                                         (0 = 0.0%) {100.0%}

Histogram: Autofill.Funnel.ParsedAsType.Address recorded 2 samples, mean = 0.0 (flags = 0x41)
0  --O                                                                       (2 = 100.0%)
1  ... 

Histogram: Autofill.Funnel.ParsedAsType.CreditCard recorded 2 samples, mean = 0.0 (flags = 0x41)
0  --O                                                                       (2 = 100.0%)
1  ... 

Histogram: Autofill.Funnel.ParsedAsType.VirtualCard.StandaloneCvc recorded 2 samples, mean = 0.0 (flags = 0x41)
0  --O                                                                       (2 = 100.0%)
1  ... 

Histogram: Autofill.IsEnabled.Startup recorded 1 samples, mean = 1.0 (flags = 0x41)
0  O                                                                         (0 = 0.0%)
1  -O                                                                        (1 = 100.0%) {0.0%}
2  O                                                                         (0 = 0.0%) {100.0%}

Histogram: Autofill.Leipzig.Duplication.NumberOfLocalSupersetProfilesOnStartup recorded 1 samples, mean = 0.0 (flags = 0x41)
0  -O                                                                        (1 = 100.0%)
1  ... 

Histogram: Autofill.NumberOfDriversPerFactory recorded 1 samples, mean = 1.0 (flags = 0x41)
0  O                                                                         (0 = 0.0%)
1  -O                                                                        (1 = 100.0%) {0.0%}
2  ... 

Histogram: Autofill.Offer.StoredOfferCount2.CardLinkedOffer recorded 1 samples, mean = 0.0 (flags = 0x41)
0  -O                                                                        (1 = 100.0%)
1  ... 

Histogram: Autofill.Offer.StoredOfferCount2.GPayPromoCodeOffer recorded 1 samples, mean = 0.0 (flags = 0x41)
0  -O                                                                        (1 = 100.0%)
1  ... 

Histogram: Autofill.PaymentMethods.CvcStorageIsEnabled.Startup recorded 1 samples, mean = 0.0 (flags = 0x41)
0  -O                                                                        (1 = 100.0%)
1  ... 

Histogram: Autofill.StoredCreditCardCount recorded 1 samples, mean = 0.0 (flags = 0x41)
0  -O                                                                        (1 = 100.0%)
1  ... 

Histogram: Autofill.StoredCreditCardCount.Local recorded 1 samples, mean = 0.0 (flags = 0x41)
0  -O                                                                        (1 = 100.0%)
1  ... 

Histogram: Autofill.StoredCreditCardCount.Local.WithInvalidCardNumber recorded 1 samples, mean = 0.0 (flags = 0x41)
0  -O                                                                        (1 = 100.0%)
1  ... 

Histogram: Autofill.StoredCreditCardCount.Local.WithNickname recorded 1 samples, mean = 0.0 (flags = 0x41)
0  -O                                                                        (1 = 100.0%)
1  ... 

Histogram: Autofill.StoredCreditCardCount.Server recorded 1 samples, mean = 0.0 (flags = 0x41)
0  -O                                                                        (1 = 100.0%)
1  ... 

Histogram: Autofill.StoredCreditCardCount.Server.Masked recorded 1 samples, mean = 0.0 (flags = 0x41)
0  -O                                                                        (1 = 100.0%)
1  ... 

Histogram: Autofill.StoredCreditCardCount.Server.Masked.WithNickname recorded 1 samples, mean = 0.0 (flags = 0x41)
0  -O                                                                        (1 = 100.0%)
1  ... 

Histogram: Autofill.StoredCreditCardCount.Server.Unmasked recorded 1 samples, mean = 0.0 (flags = 0x41)
0  -O                                                                        (1 = 100.0%)
1  ... 

Histogram: Autofill.StoredCreditCardCount.Server.WithCardArtImage recorded 1 samples, mean = 0.0 (flags = 0x41)
0  -O                                                                        (1 = 100.0%)
1  ... 

Histogram: Autofill.StoredCreditCardCount.Server.WithVirtualCardMetadata recorded 1 samples, mean = 0.0 (flags = 0x41)
0  -O                                                                        (1 = 100.0%)
1  ... 

Histogram: Autofill.StoredIbanCount recorded 1 samples, mean = 0.0 (flags = 0x41)
0  -O                                                                        (1 = 100.0%)
1  ... 

Histogram: Autofill.StoredProfileCount.AccountChrome recorded 1 samples, mean = 0.0 (flags = 0x41)
0  -O                                                                        (1 = 100.0%)
1  ... 

Histogram: Autofill.StoredProfileCount.AccountNonChrome recorded 1 samples, mean = 0.0 (flags = 0x41)
0  -O                                                                        (1 = 100.0%)
1  ... 

Histogram: Autofill.StoredProfileCount.Legacy recorded 1 samples, mean = 0.0 (flags = 0x41)
0  -O                                                                        (1 = 100.0%)
1  ... 

Histogram: Autofill.StoredProfileCount.Total recorded 1 samples, mean = 0.0 (flags = 0x41)
0  -O                                                                        (1 = 100.0%)
1  ... 

Histogram: Autofill.TimingInterval.ExtractFormData.GetFormDataFromUnownedInputElements.AutofillAgentReset recorded 2 samples, mean = 1438650.0 (flags = 0x41)
0        ... 
982376   -O                                                                        (1 = 50.0%) {0.0%}
1146725  ... 
1562508  -O                                                                        (1 = 50.0%) {50.0%}
1823911  ... 

Histogram: Autofill.TimingInterval.ExtractFormData.GetFormDataFromUnownedInputElements.DOMContentLoaded recorded 2 samples, mean = 1074074240.0 (flags = 0x41)
0         ... 
617637    -O                                                                        (1 = 50.0%) {0.0%}
720966    ... 
10000000  -O                                                                        (1 = 50.0%) {50.0%}

Histogram: Autofill.TimingInterval.ExtractFormData.UpdateFormCache.AutofillAgentReset recorded 2 samples, mean = 1438652.0 (flags = 0x41)
0        ... 
982376   -O                                                                        (1 = 50.0%) {0.0%}
1146725  ... 
1562508  -O                                                                        (1 = 50.0%) {50.0%}
1823911  ... 

Histogram: Autofill.TimingInterval.ExtractFormData.UpdateFormCache.DOMContentLoaded recorded 2 samples, mean = 332461.0 (flags = 0x41)
0       ... 
5       -O                                                                        (1 = 50.0%) {0.0%}
6       ... 
617637  -O                                                                        (1 = 50.0%) {50.0%}
720966  ... 

Histogram: Autofill.TimingInterval.UpdateFormCache.UpdateFormCache.AutofillAgentReset recorded 2 samples, mean = 1438672.0 (flags = 0x41)
0        ... 
982376   -O                                                                        (1 = 50.0%) {0.0%}
1146725  ... 
1562508  -O                                                                        (1 = 50.0%) {50.0%}
1823911  ... 

Histogram: Autofill.TimingInterval.UpdateFormCache.UpdateFormCache.DOMContentLoaded recorded 2 samples, mean = 332481.0 (flags = 0x41)
0       ... 
27      -O                                                                        (1 = 50.0%) {0.0%}
32      ... 
617637  -O                                                                        (1 = 50.0%) {50.0%}
720966  ... 

Histogram: Autofill.TimingPrecise.ExtractFormData recorded 4 samples, mean = 25.2 (flags = 0x41)
0   ... 
2   --O                                                                       (2 = 50.0%) {0.0%}
3   ... 
32  -O                                                                        (1 = 25.0%) {50.0%}
36  ... 
60  -O                                                                        (1 = 25.0%) {75.0%}
68  ... 

Histogram: Autofill.TimingPrecise.ExtractFormData.GetFormDataFromUnownedInputElements recorded 2 samples, mean = 32.5 (flags = 0x41)
0   ... 
2   -O                                                                        (1 = 50.0%) {0.0%}
3   ... 
60  -O                                                                        (1 = 50.0%) {50.0%}
68  ... 

Histogram: Autofill.TimingPrecise.ExtractFormData.UpdateFormCache recorded 2 samples, mean = 18.0 (flags = 0x41)
0   ... 
2   -O                                                                        (1 = 50.0%) {0.0%}
3   ... 
32  -O                                                                        (1 = 50.0%) {50.0%}
36  ... 

Histogram: Autofill.TimingPrecise.InferLabelForElement recorded 4 samples, mean = 0.0 (flags = 0x41)
0  ----O                                                                     (4 = 100.0%)
1  ... 

Histogram: Autofill.TimingPrecise.UpdateFormCache recorded 2 samples, mean = 42.0 (flags = 0x41)
0   ... 
28  -O                                                                        (1 = 50.0%) {0.0%}
32  ... 
53  -O                                                                        (1 = 50.0%) {50.0%}
60  ... 

Histogram: Autofill.TimingPrecise.UpdateFormCache.UpdateFormCache recorded 2 samples, mean = 42.0 (flags = 0x41)
0   ... 
28  -O                                                                        (1 = 50.0%) {0.0%}
32  ... 
53  -O                                                                        (1 = 50.0%) {50.0%}
60  ... 

Histogram: Autofill.VirtualCardUsageData.StoredUsageDataCount recorded 1 samples, mean = 0.0 (flags = 0x41)
0  -O                                                                        (1 = 100.0%)
1  ... 

Histogram: Blink.CSSStyleSheetResource.ParseTime recorded 8 samples, mean = 727.0 (flags = 0x41)
0     ... 
55    -O                                                                        (1 = 12.5%) {0.0%}
76    ---O                                                                      (3 = 37.5%) {12.5%}
105   -O                                                                        (1 = 12.5%) {50.0%}
146   ... 
542   -O                                                                        (1 = 12.5%) {62.5%}
752   -O                                                                        (1 = 12.5%) {75.0%}
1043  ... 
3865  -O                                                                        (1 = 12.5%) {87.5%}
5362  ... 

Histogram: Blink.CommitDocumentLoaderTime recorded 3 samples, mean = 3.0 (flags = 0x41)
0  O                                                                         (0 = 0.0%)
1  --O                                                                       (2 = 66.7%) {0.0%}
2  ... 
7  -O                                                                        (1 = 33.3%) {66.7%}
8  ... 

Histogram: Blink.CookiesTime recorded 20 samples, mean = 0.0 (flags = 0x41)
0  --------------------O                                                     (20 = 100.0%)
1  ... 

Histogram: Blink.CullRect.UpdateTime recorded 24 samples, mean = 3.2 (flags = 0x41)
0   -------O                                                                  (7 = 29.2%)
1   --------O                                                                 (8 = 33.3%) {29.2%}
2   ---O                                                                      (3 = 12.5%) {62.5%}
3   O                                                                         (0 = 0.0%) {75.0%}
4   -O                                                                        (1 = 4.2%) {75.0%}
6   O                                                                         (0 = 0.0%) {79.2%}
8   --O                                                                       (2 = 8.3%) {79.2%}
11  ---O                                                                      (3 = 12.5%) {87.5%}
15  ... 

Histogram: Blink.DocumentLoader.CommitNavigationToStartLoadingResponse.Time.OutermostMainFrame.NewNavigation.IsHTTPOrHTTPS recorded 1 samples, mean = 0.0 (flags = 0x41)
0  -O                                                                        (1 = 100.0%)
1  ... 

Histogram: Blink.DocumentLoader.CreateParserPostCommit.Time.OutermostMainFrame.NewNavigation.IsHTTPOrHTTPS recorded 1 samples, mean = 6.0 (flags = 0x41)
0  ... 
6  -O                                                                        (1 = 100.0%) {0.0%}
7  ... 

Histogram: Blink.Experimental.Cookies.CacheLookupResult2 recorded 20 samples, mean = 0.9 (flags = 0x41)
0  -O                                                                        (1 = 5.0%)
1  -------------------O                                                      (19 = 95.0%) {5.0%}
2  ... 

Histogram: Blink.Experimental.Cookies.FirstCookieRequest recorded 1 samples, mean = 1.0 (flags = 0x41)
0  O                                                                         (0 = 0.0%)
1  -O                                                                        (1 = 100.0%) {0.0%}
2  ... 

Histogram: Blink.Fetch.RequestResourceTime2 recorded 124 samples, mean = 115.0 (flags = 0x41)
0     ... 
11    -------------------------------O                                          (31 = 25.0%) {0.0%}
15    ------------------------O                                                 (24 = 19.4%) {25.0%}
21    -----------------------O                                                  (23 = 18.5%) {44.4%}
29    -----O                                                                    (5 = 4.0%) {62.9%}
40    --------O                                                                 (8 = 6.5%) {66.9%}
55    -----O                                                                    (5 = 4.0%) {73.4%}
76    -----------O                                                              (11 = 8.9%) {77.4%}
105   ------O                                                                   (6 = 4.8%) {86.3%}
146   ----O                                                                     (4 = 3.2%) {91.1%}
203   --O                                                                       (2 = 1.6%) {94.4%}
282   -O                                                                        (1 = 0.8%) {96.0%}
391   --O                                                                       (2 = 1.6%) {96.8%}
542   -O                                                                        (1 = 0.8%) {98.4%}
752   ... 
5362  -O                                                                        (1 = 0.8%) {99.2%}
7439  ... 

Histogram: Blink.Fetch.RequestResourceTime2.Preload recorded 41 samples, mean = 56.9 (flags = 0x41)
0    ... 
15   --------O                                                                 (8 = 19.5%) {0.0%}
21   --------------O                                                           (14 = 34.1%) {19.5%}
29   ----O                                                                     (4 = 9.8%) {53.7%}
40   ---O                                                                      (3 = 7.3%) {63.4%}
55   --O                                                                       (2 = 4.9%) {70.7%}
76   ---O                                                                      (3 = 7.3%) {75.6%}
105  ------O                                                                   (6 = 14.6%) {82.9%}
146  ... 
391  -O                                                                        (1 = 2.4%) {97.6%}
542  ... 

Histogram: Blink.FetchQueuedPreloadsTime.MainFrame.Initial recorded 1 samples, mean = 1.0 (flags = 0x41)
0  O                                                                         (0 = 0.0%)
1  -O                                                                        (1 = 100.0%) {0.0%}
2  ... 

Histogram: Blink.Fonts.DecodeTime recorded 5 samples, mean = 4619.4 (flags = 0x41)
0     ... 
2786  --O                                                                       (2 = 40.0%) {0.0%}
3865  --O                                                                       (2 = 40.0%) {40.0%}
5362  -O                                                                        (1 = 20.0%) {80.0%}
7439  ... 

Histogram: Blink.Fonts.VariableFontsRatio recorded 5 samples, mean = 1.2 (flags = 0x41)
0  O                                                                         (0 = 0.0%)
1  ----O                                                                     (4 = 80.0%) {0.0%}
2  -O                                                                        (1 = 20.0%) {80.0%}
3  ... 

Histogram: Blink.ForcedStyleAndLayout.UpdateTime.PreFCP recorded 2 samples, mean = 7.5 (flags = 0x41)
0   -O                                                                        (1 = 50.0%)
1   ... 
15  -O                                                                        (1 = 50.0%) {50.0%}
21  ... 

Histogram: Blink.HTMLFastPathParser.AbortedParseSize recorded 32 samples, mean = 1.8 (flags = 0x41)
0  ----O                                                                     (4 = 12.5%)
1  O                                                                         (0 = 0.0%) {12.5%}
2  ----------------------------O                                             (28 = 87.5%) {12.5%}
3  ... 

Histogram: Blink.HTMLFastPathParser.AbortedParseTime2 recorded 32 samples, mean = 1.3 (flags = 0x41)
0   -------------O                                                            (13 = 40.6%)
1   --------------O                                                           (14 = 43.8%) {40.6%}
2   ---O                                                                      (3 = 9.4%) {84.4%}
3   ... 
5   -O                                                                        (1 = 3.1%) {93.8%}
6   ... 
16  -O                                                                        (1 = 3.1%) {96.9%}
17  ... 

Histogram: Blink.HTMLFastPathParser.ParseResult recorded 64 samples, mean = 8.1 (flags = 0x41)
0   --------------------------------O                                         (32 = 50.0%)
1   ... 
4   ----O                                                                     (4 = 6.2%) {50.0%}
5   ... 
18  ----------------------------O                                             (28 = 43.8%) {56.2%}
19  ... 

Histogram: Blink.HTMLFastPathParser.SuccessfulParseSize recorded 32 samples, mean = 322.5 (flags = 0x41)
0    ... 
146  ----O                                                                     (4 = 12.5%) {0.0%}
203  --------O                                                                 (8 = 25.0%) {12.5%}
282  ------------O                                                             (12 = 37.5%) {37.5%}
391  --------O                                                                 (8 = 25.0%) {75.0%}
542  ... 

Histogram: Blink.HTMLFastPathParser.SuccessfulParseTime2 recorded 32 samples, mean = 4.7 (flags = 0x41)
0   -O                                                                        (1 = 3.1%)
1   -------O                                                                  (7 = 21.9%) {3.1%}
2   ---------O                                                                (9 = 28.1%) {25.0%}
3   ----O                                                                     (4 = 12.5%) {53.1%}
4   -O                                                                        (1 = 3.1%) {65.6%}
5   --O                                                                       (2 = 6.2%) {68.8%}
6   -O                                                                        (1 = 3.1%) {75.0%}
7   ... 
9   -O                                                                        (1 = 3.1%) {78.1%}
10  -O                                                                        (1 = 3.1%) {81.2%}
11  -O                                                                        (1 = 3.1%) {84.4%}
12  O                                                                         (0 = 0.0%) {87.5%}
13  -O                                                                        (1 = 3.1%) {87.5%}
14  O                                                                         (0 = 0.0%) {90.6%}
15  -O                                                                        (1 = 3.1%) {90.6%}
16  -O                                                                        (1 = 3.1%) {93.8%}
17  O                                                                         (0 = 0.0%) {96.9%}
18  -O                                                                        (1 = 3.1%) {96.9%}
19  ... 

Histogram: Blink.HTMLFastPathParser.TotalParseTime2 recorded 64 samples, mean = 12.0 (flags = 0x41)
0   O                                                                         (0 = 0.0%)
1   ---O                                                                      (3 = 4.7%) {0.0%}
2   -----------O                                                              (11 = 17.2%) {4.7%}
3   -------O                                                                  (7 = 10.9%) {21.9%}
4   --O                                                                       (2 = 3.1%) {32.8%}
5   ----O                                                                     (4 = 6.2%) {35.9%}
6   -------O                                                                  (7 = 10.9%) {42.2%}
7   -O                                                                        (1 = 1.6%) {53.1%}
8   ----O                                                                     (4 = 6.2%) {54.7%}
9   ---O                                                                      (3 = 4.7%) {60.9%}
10  -O                                                                        (1 = 1.6%) {65.6%}
11  ---O                                                                      (3 = 4.7%) {67.2%}
12  ... 
14  --O                                                                       (2 = 3.1%) {71.9%}
15  O                                                                         (0 = 0.0%) {75.0%}
16  ---O                                                                      (3 = 4.7%) {75.0%}
17  ... 
19  -O                                                                        (1 = 1.6%) {79.7%}
21  O                                                                         (0 = 0.0%) {81.2%}
23  -O                                                                        (1 = 1.6%) {81.2%}
25  --O                                                                       (2 = 3.1%) {82.8%}
27  ... 
31  --O                                                                       (2 = 3.1%) {85.9%}
34  --O                                                                       (2 = 3.1%) {89.1%}
37  -O                                                                        (1 = 1.6%) {92.2%}
40  -O                                                                        (1 = 1.6%) {93.8%}
43  -O                                                                        (1 = 1.6%) {95.3%}
46  O                                                                         (0 = 0.0%) {96.9%}
50  -O                                                                        (1 = 1.6%) {96.9%}
54  ... 
63  -O                                                                        (1 = 1.6%) {98.4%}
68  ... 

Histogram: Blink.HTMLParsing.ChunkCount4 recorded 1 samples, mean = 1.0 (flags = 0x41)
0  O                                                                         (0 = 0.0%)
1  -O                                                                        (1 = 100.0%) {0.0%}
2  ... 

Histogram: Blink.HTMLParsing.InputCharacterCount4 recorded 1 samples, mean = 157373.0 (flags = 0x41)
0       ... 
141691  -O                                                                        (1 = 100.0%) {0.0%}
196583  ... 

Histogram: Blink.HTMLParsing.ParsingTimeMax4 recorded 1 samples, mean = 2129.0 (flags = 0x41)
0     ... 
2120  -O                                                                        (1 = 100.0%) {0.0%}
2153  ... 

Histogram: Blink.HTMLParsing.ParsingTimeMin4 recorded 1 samples, mean = 2129.0 (flags = 0x41)
0     ... 
1963  -O                                                                        (1 = 100.0%) {0.0%}
2235  ... 

Histogram: Blink.HTMLParsing.ParsingTimeTotal4 recorded 1 samples, mean = 2129.0 (flags = 0x41)
0     ... 
2120  -O                                                                        (1 = 100.0%) {0.0%}
2153  ... 

Histogram: Blink.HTMLParsing.PreloadRequestCount recorded 1 samples, mean = 33.0 (flags = 0x41)
0   ... 
33  -O                                                                        (1 = 100.0%) {0.0%}
37  ... 

Histogram: Blink.HTMLParsing.TimeToDeferredPumpTokenizer4 recorded 1 samples, mean = 228.0 (flags = 0x41)
0    ... 
217  -O                                                                        (1 = 100.0%) {0.0%}
247  ... 

Histogram: Blink.HTMLParsing.TokensParsedAverage4 recorded 1 samples, mean = 127.0 (flags = 0x41)
0    ... 
113  -O                                                                        (1 = 100.0%) {0.0%}
149  ... 

Histogram: Blink.HTMLParsing.TokensParsedMax4 recorded 1 samples, mean = 127.0 (flags = 0x41)
0    ... 
113  -O                                                                        (1 = 100.0%) {0.0%}
149  ... 

Histogram: Blink.HTMLParsing.TokensParsedMin4 recorded 1 samples, mean = 127.0 (flags = 0x41)
0    ... 
114  -O                                                                        (1 = 100.0%) {0.0%}
135  ... 

Histogram: Blink.HTMLParsing.TokensParsedTotal4 recorded 1 samples, mean = 127.0 (flags = 0x41)
0    ... 
105  -O                                                                        (1 = 100.0%) {0.0%}
146  ... 

Histogram: Blink.HTMLParsing.YieldedTimeAverage4 recorded 1 samples, mean = 222.0 (flags = 0x41)
0    ... 
198  -O                                                                        (1 = 100.0%) {0.0%}
231  ... 

Histogram: Blink.HTMLParsing.YieldedTimeMax4 recorded 1 samples, mean = 234.0 (flags = 0x41)
0    ... 
233  -O                                                                        (1 = 100.0%) {0.0%}
237  ... 

Histogram: Blink.HTMLParsing.YieldedTimeMin4 recorded 1 samples, mean = 210.0 (flags = 0x41)
0    ... 
198  -O                                                                        (1 = 100.0%) {0.0%}
231  ... 

Histogram: Blink.History.VisitedLinks.IsLinkStyledAsVisited recorded 22 samples, mean = 0.0 (flags = 0x41)
0  ----------------------O                                                   (22 = 100.0%)
1  ... 

Histogram: Blink.IntersectionObservation.UpdateTime.PreFCP recorded 1 samples, mean = 6.0 (flags = 0x41)
0  ... 
6  -O                                                                        (1 = 100.0%) {0.0%}
8  ... 

Histogram: Blink.JavascriptDocumentUpdate.UpdateTime.PreFCP recorded 1 samples, mean = 0.0 (flags = 0x41)
0  -O                                                                        (1 = 100.0%)
1  ... 

Histogram: Blink.Layout.InlineNode.ShapeText.MaxTime.InOutermostMainFrame3 recorded 1 samples, mean = 0.0 (flags = 0x41)
0  -O                                                                        (1 = 100.0%)
1  ... 

Histogram: Blink.Layout.InlineNode.ShapeText.TotalTime.InOutermostMainFrame3 recorded 1 samples, mean = 0.0 (flags = 0x41)
0  -O                                                                        (1 = 100.0%)
1  ... 

Histogram: Blink.Layout.SVGImage.Count.InOutermostMainFrame recorded 1 samples, mean = 0.0 (flags = 0x41)
0  -O                                                                        (1 = 100.0%)
1  ... 

Histogram: Blink.Layout.SVGImage.TotalTime.InOutermostMainFrame recorded 1 samples, mean = 0.0 (flags = 0x41)
0  -O                                                                        (1 = 100.0%)
1  ... 

Histogram: Blink.MainFrame.UpdateTime.PreFCP recorded 24 samples, mean = 1837.4 (flags = 0x41)
0      ... 
40     -O                                                                        (1 = 4.2%) {0.0%}
55     -----O                                                                    (5 = 20.8%) {4.2%}
76     --O                                                                       (2 = 8.3%) {25.0%}
105    ----O                                                                     (4 = 16.7%) {33.3%}
146    -----O                                                                    (5 = 20.8%) {50.0%}
203    -O                                                                        (1 = 4.2%) {70.8%}
282    O                                                                         (0 = 0.0%) {75.0%}
391    -O                                                                        (1 = 4.2%) {75.0%}
542    O                                                                         (0 = 0.0%) {79.2%}
752    -O                                                                        (1 = 4.2%) {79.2%}
1043   ... 
2786   -O                                                                        (1 = 4.2%) {83.3%}
3865   -O                                                                        (1 = 4.2%) {87.5%}
5362   ... 
10321  -O                                                                        (1 = 4.2%) {91.7%}
14319  O                                                                         (0 = 0.0%) {95.8%}
19866  -O                                                                        (1 = 4.2%) {95.8%}
27562  ... 

Histogram: Blink.MemoryCache.RevalidationPolicy.AsyncScript recorded 47 samples, mean = 1.5 (flags = 0x41)
0  -----------------------O                                                  (23 = 48.9%)
1  ... 
3  ------------------------O                                                 (24 = 51.1%) {48.9%}
4  ... 

Histogram: Blink.MemoryCache.RevalidationPolicy.CSSStyleSheet recorded 8 samples, mean = 0.0 (flags = 0x41)
0  --------O                                                                 (8 = 100.0%)
1  ... 

Histogram: Blink.MemoryCache.RevalidationPolicy.Dead.CSSStyleSheet recorded 1 samples, mean = 0.0 (flags = 0x41)
0  -O                                                                        (1 = 100.0%)
1  ... 

Histogram: Blink.MemoryCache.RevalidationPolicy.Dead.Font recorded 2 samples, mean = 0.0 (flags = 0x41)
0  --O                                                                       (2 = 100.0%)
1  ... 

Histogram: Blink.MemoryCache.RevalidationPolicy.Dead.Script recorded 22 samples, mean = 0.0 (flags = 0x41)
0  ----------------------O                                                   (22 = 100.0%)
1  ... 

Histogram: Blink.MemoryCache.RevalidationPolicy.Font recorded 23 samples, mean = 4.0 (flags = 0x41)
0  -O                                                                        (1 = 4.3%)
1  ... 
4  ------------------O                                                       (18 = 78.3%) {4.3%}
5  ----O                                                                     (4 = 17.4%) {82.6%}
6  O                                                                         (0 = 0.0%) {100.0%}

Histogram: Blink.MemoryCache.RevalidationPolicy.Image recorded 26 samples, mean = 4.0 (flags = 0x41)
0  ... 
3  -O                                                                        (1 = 3.8%) {0.0%}
4  -------------------------O                                                (25 = 96.2%) {3.8%}
5  ... 

Histogram: Blink.MemoryCache.RevalidationPolicy.Manifest recorded 1 samples, mean = 3.0 (flags = 0x41)
0  ... 
3  -O                                                                        (1 = 100.0%) {0.0%}
4  ... 

Histogram: Blink.MemoryCache.RevalidationPolicy.Preload.CSSStyleSheet recorded 15 samples, mean = 1.6 (flags = 0x41)
0  -------O                                                                  (7 = 46.7%)
1  ... 
3  --------O                                                                 (8 = 53.3%) {46.7%}
4  ... 

Histogram: Blink.MemoryCache.RevalidationPolicy.Preload.Font recorded 2 samples, mean = 1.5 (flags = 0x41)
0  -O                                                                        (1 = 50.0%)
1  ... 
3  -O                                                                        (1 = 50.0%) {50.0%}
4  ... 

Histogram: Blink.MemoryCache.RevalidationPolicy.Preload.Script recorded 24 samples, mean = 2.8 (flags = 0x41)
0  --O                                                                       (2 = 8.3%)
1  ... 
3  ----------------------O                                                   (22 = 91.7%) {8.3%}
4  ... 

Histogram: Blink.MemoryCache.RevalidationPolicy.Raw recorded 4 samples, mean = 3.0 (flags = 0x41)
0  ... 
3  ----O                                                                     (4 = 100.0%) {0.0%}
4  ... 

Histogram: Blink.MemoryCache.RevalidationPolicy.Script recorded 25 samples, mean = 0.4 (flags = 0x41)
0  ----------------------O                                                   (22 = 88.0%)
1  ... 
3  ---O                                                                      (3 = 12.0%) {88.0%}
4  ... 

Histogram: Blink.PreloadRequestStartDuration recorded 41 samples, mean = 58.4 (flags = 0x41)
0    ... 
15   -----O                                                                    (5 = 12.2%) {0.0%}
21   -----------------O                                                        (17 = 41.5%) {12.2%}
29   ----O                                                                     (4 = 9.8%) {53.7%}
40   ---O                                                                      (3 = 7.3%) {63.4%}
55   --O                                                                       (2 = 4.9%) {70.7%}
76   ---O                                                                      (3 = 7.3%) {75.6%}
105  -----O                                                                    (5 = 12.2%) {82.9%}
146  -O                                                                        (1 = 2.4%) {95.1%}
203  ... 
391  -O                                                                        (1 = 2.4%) {97.6%}
542  ... 

Histogram: Blink.PreloadRequestWaitTime recorded 31 samples, mean = 1.0 (flags = 0x41)
0  O                                                                         (0 = 0.0%)
1  ------------------------------O                                           (30 = 96.8%) {0.0%}
2  -O                                                                        (1 = 3.2%) {96.8%}
3  ... 

Histogram: Blink.PrepareToStopParsingTime recorded 35 samples, mean = 0.0 (flags = 0x41)
0  -----------------------------------O                                      (35 = 100.0%)
1  ... 

Histogram: Blink.PumpTokenizerTime recorded 70 samples, mean = 0.1 (flags = 0x41)
0  --------------------------------------------------------------------O     (68 = 97.1%)
1  O                                                                         (0 = 0.0%) {97.1%}
2  --O                                                                       (2 = 2.9%) {97.1%}
3  ... 

Histogram: Blink.ResourceRequest.BackgroundResourceFetchSupportStatus recorded 44 samples, mean = 0.0 (flags = 0x41)
0  -------------------------------------------O                              (43 = 97.7%)
1  O                                                                         (0 = 0.0%) {97.7%}
2  -O                                                                        (1 = 2.3%) {97.7%}
3  ... 

Histogram: Blink.ResourceRequest.CompletionDelay2 recorded 44 samples, mean = 7.9 (flags = 0x41)
0    -----O                                                                    (5 = 11.4%)
1    -----O                                                                    (5 = 11.4%) {11.4%}
2    ---O                                                                      (3 = 6.8%) {22.7%}
3    ---O                                                                      (3 = 6.8%) {29.5%}
4    -O                                                                        (1 = 2.3%) {36.4%}
5    ----O                                                                     (4 = 9.1%) {38.6%}
6    -O                                                                        (1 = 2.3%) {47.7%}
7    -------O                                                                  (7 = 15.9%) {50.0%}
8    -----------O                                                              (11 = 25.0%) {65.9%}
10   --O                                                                       (2 = 4.5%) {90.9%}
12   O                                                                         (0 = 0.0%) {95.5%}
14   -O                                                                        (1 = 2.3%) {95.5%}
17   ... 
114  -O                                                                        (1 = 2.3%) {97.7%}
135  ... 

Histogram: Blink.ResourceRequest.RedirectDelay2 recorded 1 samples, mean = 6.0 (flags = 0x41)
0  ... 
6  -O                                                                        (1 = 100.0%) {0.0%}
7  ... 

Histogram: Blink.ResourceRequest.ResponseDelay2 recorded 44 samples, mean = 8.8 (flags = 0x41)
0    ----O                                                                     (4 = 9.1%)
1    -------O                                                                  (7 = 15.9%) {9.1%}
2    ----O                                                                     (4 = 9.1%) {25.0%}
3    O                                                                         (0 = 0.0%) {34.1%}
4    -O                                                                        (1 = 2.3%) {34.1%}
5    -----O                                                                    (5 = 11.4%) {36.4%}
6    --O                                                                       (2 = 4.5%) {47.7%}
7    -O                                                                        (1 = 2.3%) {52.3%}
8    -----O                                                                    (5 = 11.4%) {54.5%}
10   -----O                                                                    (5 = 11.4%) {65.9%}
12   --------O                                                                 (8 = 18.2%) {77.3%}
14   -O                                                                        (1 = 2.3%) {95.5%}
17   ... 
114  -O                                                                        (1 = 2.3%) {97.7%}
135  ... 

Histogram: Blink.ResourceRequest.StartDelay2 recorded 44 samples, mean = 555.4 (flags = 0x41)
0    ... 
4    -O                                                                        (1 = 2.3%) {0.0%}
5    ... 
190  --O                                                                       (2 = 4.5%) {2.3%}
226  O                                                                         (0 = 0.0%) {6.8%}
268  -------O                                                                  (7 = 15.9%) {6.8%}
318  ---O                                                                      (3 = 6.8%) {22.7%}
378  -O                                                                        (1 = 2.3%) {29.5%}
449  ... 
633  ----------------------------O                                             (28 = 63.6%) {31.8%}
752  O                                                                         (0 = 0.0%) {95.5%}
894  --O                                                                       (2 = 4.5%) {95.5%}
1062 ... 

Histogram: Blink.ScanAndPreloadTime.MainFrame.Initial recorded 1 samples, mean = 2.0 (flags = 0x41)
0  ... 
2  -O                                                                        (1 = 100.0%) {0.0%}
3  ... 

Histogram: Blink.ScanAndPreloadTime.MainFrame.NonInitial recorded 1 samples, mean = 0.0 (flags = 0x41)
0  -O                                                                        (1 = 100.0%)
1  ... 

Histogram: Blink.ScanAndPreloadTime2.MainFrame.Initial recorded 1 samples, mean = 2278.0 (flags = 0x41)
0     ... 
2008  -O                                                                        (1 = 100.0%) {0.0%}
2786  ... 

Histogram: Blink.ScanAndPreloadTime2.MainFrame.NonInitial recorded 1 samples, mean = 11.0 (flags = 0x41)
0   ... 
11  -O                                                                        (1 = 100.0%) {0.0%}
15  ... 

Histogram: Blink.ScanAndPreloadTime2.Preload.MainFrame.Initial recorded 1 samples, mean = 1181.0 (flags = 0x41)
0     ... 
1043  -O                                                                        (1 = 100.0%) {0.0%}
1447  ... 

Histogram: Blink.ScanAndPreloadTime2.Preload.MainFrame.NonInitial recorded 1 samples, mean = 1.0 (flags = 0x41)
0  O                                                                         (0 = 0.0%)
1  -O                                                                        (1 = 100.0%) {0.0%}
2  ... 

Histogram: Blink.ScanAndPreloadTime2.Scan.MainFrame.Initial recorded 1 samples, mean = 1086.0 (flags = 0x41)
0     ... 
1043  -O                                                                        (1 = 100.0%) {0.0%}
1447  ... 

Histogram: Blink.ScanAndPreloadTime2.Scan.MainFrame.NonInitial recorded 1 samples, mean = 1.0 (flags = 0x41)
0  O                                                                         (0 = 0.0%)
1  -O                                                                        (1 = 100.0%) {0.0%}
2  ... 

Histogram: Blink.Script.AsyncScript.FromReadyToStartExecution.Time recorded 25 samples, mean = 1.0 (flags = 0x41)
0   -----------------O                                                        (17 = 68.0%)
1   -----O                                                                    (5 = 20.0%) {68.0%}
2   -O                                                                        (1 = 4.0%) {88.0%}
3   ... 
8   -O                                                                        (1 = 4.0%) {92.0%}
10  -O                                                                        (1 = 4.0%) {96.0%}
13  ... 

Histogram: Blink.Script.SchedulingType recorded 40 samples, mean = 5.3 (flags = 0x41)
0  ... 
3  -O                                                                        (1 = 2.5%) {0.0%}
4  O                                                                         (0 = 0.0%) {2.5%}
5  -------------------------O                                                (25 = 62.5%) {2.5%}
6  --------------O                                                           (14 = 35.0%) {65.0%}
7  ... 

Histogram: Blink.UseCounter.AnimatedCSSProperties recorded 1 samples, mean = 1.0 (flags = 0x41)
0  O                                                                         (0 = 0.0%)
1  -O                                                                        (1 = 100.0%) {0.0%}
2  ... 

Histogram: Blink.UseCounter.CSSProperties recorded 96 samples, mean = 275.0 (flags = 0x41)
0    O                                                                         (0 = 0.0%)
1    -O                                                                        (1 = 1.0%) {0.0%}
2    -O                                                                        (1 = 1.0%) {1.0%}
3    -O                                                                        (1 = 1.0%) {2.1%}
4    -O                                                                        (1 = 1.0%) {3.1%}
5    -O                                                                        (1 = 1.0%) {4.2%}
6    -O                                                                        (1 = 1.0%) {5.2%}
7    -O                                                                        (1 = 1.0%) {6.2%}
8    -O                                                                        (1 = 1.0%) {7.3%}
9    O                                                                         (0 = 0.0%) {8.3%}
10   -O                                                                        (1 = 1.0%) {8.3%}
11   ... 
14   -O                                                                        (1 = 1.0%) {9.4%}
15   ... 
20   -O                                                                        (1 = 1.0%) {10.4%}
21   -O                                                                        (1 = 1.0%) {11.5%}
22   ... 
24   -O                                                                        (1 = 1.0%) {12.5%}
25   ... 
34   -O                                                                        (1 = 1.0%) {13.5%}
35   ... 
42   -O                                                                        (1 = 1.0%) {14.6%}
43   ... 
53   -O                                                                        (1 = 1.0%) {15.6%}
54   ... 
59   -O                                                                        (1 = 1.0%) {16.7%}
60   ... 
66   -O                                                                        (1 = 1.0%) {17.7%}
67   ... 
69   -O                                                                        (1 = 1.0%) {18.8%}
70   ... 
72   -O                                                                        (1 = 1.0%) {19.8%}
73   O                                                                         (0 = 0.0%) {20.8%}
74   -O                                                                        (1 = 1.0%) {20.8%}
75   ... 
77   -O                                                                        (1 = 1.0%) {21.9%}
78   ... 
81   -O                                                                        (1 = 1.0%) {22.9%}
82   ... 
84   -O                                                                        (1 = 1.0%) {24.0%}
85   ... 
89   -O                                                                        (1 = 1.0%) {25.0%}
90   ... 
95   -O                                                                        (1 = 1.0%) {26.0%}
96   -O                                                                        (1 = 1.0%) {27.1%}
97   -O                                                                        (1 = 1.0%) {28.1%}
98   -O                                                                        (1 = 1.0%) {29.2%}
99   O                                                                         (0 = 0.0%) {30.2%}
100  -O                                                                        (1 = 1.0%) {30.2%}
101  ... 
105  -O                                                                        (1 = 1.0%) {31.2%}
106  -O                                                                        (1 = 1.0%) {32.3%}
107  -O                                                                        (1 = 1.0%) {33.3%}
108  O                                                                         (0 = 0.0%) {34.4%}
109  -O                                                                        (1 = 1.0%) {34.4%}
110  ... 
118  -O                                                                        (1 = 1.0%) {35.4%}
119  -O                                                                        (1 = 1.0%) {36.5%}
120  ... 
124  -O                                                                        (1 = 1.0%) {37.5%}
125  ... 
127  -O                                                                        (1 = 1.0%) {38.5%}
128  -O                                                                        (1 = 1.0%) {39.6%}
129  -O                                                                        (1 = 1.0%) {40.6%}
130  ... 
143  -O                                                                        (1 = 1.0%) {41.7%}
144  ... 
150  -O                                                                        (1 = 1.0%) {42.7%}
151  O                                                                         (0 = 0.0%) {43.8%}
152  -O                                                                        (1 = 1.0%) {43.8%}
153  -O                                                                        (1 = 1.0%) {44.8%}
154  -O                                                                        (1 = 1.0%) {45.8%}
155  O                                                                         (0 = 0.0%) {46.9%}
156  -O                                                                        (1 = 1.0%) {46.9%}
157  -O                                                                        (1 = 1.0%) {47.9%}
158  O                                                                         (0 = 0.0%) {49.0%}
159  -O                                                                        (1 = 1.0%) {49.0%}
160  O                                                                         (0 = 0.0%) {50.0%}
161  -O                                                                        (1 = 1.0%) {50.0%}
162  ... 
164  -O                                                                        (1 = 1.0%) {51.0%}
165  -O                                                                        (1 = 1.0%) {52.1%}
166  ... 
175  -O                                                                        (1 = 1.0%) {53.1%}
176  ... 
231  -O                                                                        (1 = 1.0%) {54.2%}
232  -O                                                                        (1 = 1.0%) {55.2%}
233  O                                                                         (0 = 0.0%) {56.2%}
234  -O                                                                        (1 = 1.0%) {56.2%}
235  -O                                                                        (1 = 1.0%) {57.3%}
236  O                                                                         (0 = 0.0%) {58.3%}
237  -O                                                                        (1 = 1.0%) {58.3%}
238  -O                                                                        (1 = 1.0%) {59.4%}
239  -O                                                                        (1 = 1.0%) {60.4%}
240  -O                                                                        (1 = 1.0%) {61.5%}
241  O                                                                         (0 = 0.0%) {62.5%}
242  -O                                                                        (1 = 1.0%) {62.5%}
243  ... 
303  -O                                                                        (1 = 1.0%) {63.5%}
304  ... 
369  -O                                                                        (1 = 1.0%) {64.6%}
370  -O                                                                        (1 = 1.0%) {65.6%}
371  ... 
415  -O                                                                        (1 = 1.0%) {66.7%}
416  ... 
432  -O                                                                        (1 = 1.0%) {67.7%}
433  -O                                                                        (1 = 1.0%) {68.8%}
434  ... 
437  -O                                                                        (1 = 1.0%) {69.8%}
438  ... 
446  -O                                                                        (1 = 1.0%) {70.8%}
447  ... 
508  -O                                                                        (1 = 1.0%) {71.9%}
509  ... 
514  -O                                                                        (1 = 1.0%) {72.9%}
515  -O                                                                        (1 = 1.0%) {74.0%}
516  -O                                                                        (1 = 1.0%) {75.0%}
517  ... 
537  -O                                                                        (1 = 1.0%) {76.0%}
538  ... 
549  -O                                                                        (1 = 1.0%) {77.1%}
550  ... 
563  -O                                                                        (1 = 1.0%) {78.1%}
564  ... 
591  -O                                                                        (1 = 1.0%) {79.2%}
592  -O                                                                        (1 = 1.0%) {80.2%}
593  O                                                                         (0 = 0.0%) {81.2%}
594  -O                                                                        (1 = 1.0%) {81.2%}
595  -O                                                                        (1 = 1.0%) {82.3%}
596  ... 
598  -O                                                                        (1 = 1.0%) {83.3%}
599  -O                                                                        (1 = 1.0%) {84.4%}
600  ... 
618  -O                                                                        (1 = 1.0%) {85.4%}
619  -O                                                                        (1 = 1.0%) {86.5%}
620  -O                                                                        (1 = 1.0%) {87.5%}
621  -O                                                                        (1 = 1.0%) {88.5%}
622  ... 
636  -O                                                                        (1 = 1.0%) {89.6%}
637  ... 
657  -O                                                                        (1 = 1.0%) {90.6%}
658  -O                                                                        (1 = 1.0%) {91.7%}
659  ... 
662  -O                                                                        (1 = 1.0%) {92.7%}
663  ... 
672  -O                                                                        (1 = 1.0%) {93.8%}
673  -O                                                                        (1 = 1.0%) {94.8%}
674  O                                                                         (0 = 0.0%) {95.8%}
675  -O                                                                        (1 = 1.0%) {95.8%}
676  ... 
696  -O                                                                        (1 = 1.0%) {96.9%}
697  ... 
746  -O                                                                        (1 = 1.0%) {97.9%}
747  ... 
770  -O                                                                        (1 = 1.0%) {99.0%}
771  ... 

Histogram: Blink.UseCounter.Features recorded 174 samples, mean = 2205.3 (flags = 0x41)
0     ... 
13    -O                                                                        (1 = 0.6%) {0.0%}
14    ... 
16    -O                                                                        (1 = 0.6%) {0.6%}
17    ... 
52    -O                                                                        (1 = 0.6%) {1.1%}
53    ... 
69    -O                                                                        (1 = 0.6%) {1.7%}
70    ... 
123   -O                                                                        (1 = 0.6%) {2.3%}
124   -O                                                                        (1 = 0.6%) {2.9%}
125   -O                                                                        (1 = 0.6%) {3.4%}
126   ... 
138   -O                                                                        (1 = 0.6%) {4.0%}
139   ... 
240   -O                                                                        (1 = 0.6%) {4.6%}
241   ... 
250   -O                                                                        (1 = 0.6%) {5.2%}
251   ... 
429   -O                                                                        (1 = 0.6%) {5.7%}
430   -O                                                                        (1 = 0.6%) {6.3%}
431   -O                                                                        (1 = 0.6%) {6.9%}
432   -O                                                                        (1 = 0.6%) {7.5%}
433   ... 
469   -O                                                                        (1 = 0.6%) {8.0%}
470   ... 
494   -O                                                                        (1 = 0.6%) {8.6%}
495   ... 
522   -O                                                                        (1 = 0.6%) {9.2%}
523   -O                                                                        (1 = 0.6%) {9.8%}
524   -O                                                                        (1 = 0.6%) {10.3%}
525   ... 
540   -O                                                                        (1 = 0.6%) {10.9%}
541   ... 
587   -O                                                                        (1 = 0.6%) {11.5%}
588   -O                                                                        (1 = 0.6%) {12.1%}
589   ... 
675   -O                                                                        (1 = 0.6%) {12.6%}
676   ... 
710   -O                                                                        (1 = 0.6%) {13.2%}
711   -O                                                                        (1 = 0.6%) {13.8%}
712   -O                                                                        (1 = 0.6%) {14.4%}
713   ... 
717   -O                                                                        (1 = 0.6%) {14.9%}
718   ... 
730   -O                                                                        (1 = 0.6%) {15.5%}
731   ... 
744   -O                                                                        (1 = 0.6%) {16.1%}
745   ... 
780   -O                                                                        (1 = 0.6%) {16.7%}
781   -O                                                                        (1 = 0.6%) {17.2%}
782   ... 
786   -O                                                                        (1 = 0.6%) {17.8%}
787   -O                                                                        (1 = 0.6%) {18.4%}
788   ... 
804   -O                                                                        (1 = 0.6%) {19.0%}
805   ... 
900   -O                                                                        (1 = 0.6%) {19.5%}
901   -O                                                                        (1 = 0.6%) {20.1%}
902   ... 
907   -O                                                                        (1 = 0.6%) {20.7%}
908   ... 
954   -O                                                                        (1 = 0.6%) {21.3%}
955   ... 
970   -O                                                                        (1 = 0.6%) {21.8%}
971   O                                                                         (0 = 0.0%) {22.4%}
972   -O                                                                        (1 = 0.6%) {22.4%}
973   -O                                                                        (1 = 0.6%) {23.0%}
974   ... 
976   -O                                                                        (1 = 0.6%) {23.6%}
977   ... 
1023  -O                                                                        (1 = 0.6%) {24.1%}
1024  ... 
1069  -O                                                                        (1 = 0.6%) {24.7%}
1070  -O                                                                        (1 = 0.6%) {25.3%}
1071  ... 
1075  -O                                                                        (1 = 0.6%) {25.9%}
1076  -O                                                                        (1 = 0.6%) {26.4%}
1077  ... 
1124  -O                                                                        (1 = 0.6%) {27.0%}
1125  ... 
1302  -O                                                                        (1 = 0.6%) {27.6%}
1303  ... 
1347  -O                                                                        (1 = 0.6%) {28.2%}
1348  ... 
1351  -O                                                                        (1 = 0.6%) {28.7%}
1352  ... 
1354  -O                                                                        (1 = 0.6%) {29.3%}
1355  ... 
1368  -O                                                                        (1 = 0.6%) {29.9%}
1369  ... 
1417  -O                                                                        (1 = 0.6%) {30.5%}
1418  ... 
1441  -O                                                                        (1 = 0.6%) {31.0%}
1442  ... 
1458  -O                                                                        (1 = 0.6%) {31.6%}
1459  -O                                                                        (1 = 0.6%) {32.2%}
1460  ... 
1462  -O                                                                        (1 = 0.6%) {32.8%}
1463  -O                                                                        (1 = 0.6%) {33.3%}
1464  ... 
1467  -O                                                                        (1 = 0.6%) {33.9%}
1468  ... 
1502  -O                                                                        (1 = 0.6%) {34.5%}
1503  ... 
1692  -O                                                                        (1 = 0.6%) {35.1%}
1693  -O                                                                        (1 = 0.6%) {35.6%}
1694  ... 
1827  -O                                                                        (1 = 0.6%) {36.2%}
1828  ... 
2013  -O                                                                        (1 = 0.6%) {36.8%}
2014  ... 
2077  -O                                                                        (1 = 0.6%) {37.4%}
2078  ... 
2094  -O                                                                        (1 = 0.6%) {37.9%}
2095  O                                                                         (0 = 0.0%) {38.5%}
2096  -O                                                                        (1 = 0.6%) {38.5%}
2097  ... 
2100  -O                                                                        (1 = 0.6%) {39.1%}
2101  ... 
2112  -O                                                                        (1 = 0.6%) {39.7%}
2113  ... 
2121  -O                                                                        (1 = 0.6%) {40.2%}
2122  ... 
2157  -O                                                                        (1 = 0.6%) {40.8%}
2158  ... 
2188  -O                                                                        (1 = 0.6%) {41.4%}
2189  O                                                                         (0 = 0.0%) {42.0%}
2190  -O                                                                        (1 = 0.6%) {42.0%}
2191  -O                                                                        (1 = 0.6%) {42.5%}
2192  ... 
2195  -O                                                                        (1 = 0.6%) {43.1%}
2196  ... 
2203  -O                                                                        (1 = 0.6%) {43.7%}
2204  -O                                                                        (1 = 0.6%) {44.3%}
2205  ... 
2217  -O                                                                        (1 = 0.6%) {44.8%}
2218  ... 
2226  -O                                                                        (1 = 0.6%) {45.4%}
2227  O                                                                         (0 = 0.0%) {46.0%}
2228  -O                                                                        (1 = 0.6%) {46.0%}
2229  -O                                                                        (1 = 0.6%) {46.6%}
2230  ... 
2236  -O                                                                        (1 = 0.6%) {47.1%}
2237  ... 
2298  -O                                                                        (1 = 0.6%) {47.7%}
2299  ... 
2314  -O                                                                        (1 = 0.6%) {48.3%}
2315  ... 
2319  -O                                                                        (1 = 0.6%) {48.9%}
2320  ... 
2322  -O                                                                        (1 = 0.6%) {49.4%}
2323  ... 
2347  -O                                                                        (1 = 0.6%) {50.0%}
2348  ... 
2355  -O                                                                        (1 = 0.6%) {50.6%}
2356  ... 
2361  -O                                                                        (1 = 0.6%) {51.1%}
2362  ... 
2387  -O                                                                        (1 = 0.6%) {51.7%}
2388  -O                                                                        (1 = 0.6%) {52.3%}
2389  ... 
2399  -O                                                                        (1 = 0.6%) {52.9%}
2400  ... 
2413  -O                                                                        (1 = 0.6%) {53.4%}
2414  ... 
2429  -O                                                                        (1 = 0.6%) {54.0%}
2430  O                                                                         (0 = 0.0%) {54.6%}
2431  -O                                                                        (1 = 0.6%) {54.6%}
2432  ... 
2487  -O                                                                        (1 = 0.6%) {55.2%}
2488  ... 
2518  -O                                                                        (1 = 0.6%) {55.7%}
2519  ... 
2598  -O                                                                        (1 = 0.6%) {56.3%}
2599  ... 
2618  -O                                                                        (1 = 0.6%) {56.9%}
2619  ... 
2654  -O                                                                        (1 = 0.6%) {57.5%}
2655  -O                                                                        (1 = 0.6%) {58.0%}
2656  -O                                                                        (1 = 0.6%) {58.6%}
2657  -O                                                                        (1 = 0.6%) {59.2%}
2658  -O                                                                        (1 = 0.6%) {59.8%}
2659  -O                                                                        (1 = 0.6%) {60.3%}
2660  -O                                                                        (1 = 0.6%) {60.9%}
2661  -O                                                                        (1 = 0.6%) {61.5%}
2662  -O                                                                        (1 = 0.6%) {62.1%}
2663  -O                                                                        (1 = 0.6%) {62.6%}
2664  ... 
2699  -O                                                                        (1 = 0.6%) {63.2%}
2700  -O                                                                        (1 = 0.6%) {63.8%}
2701  -O                                                                        (1 = 0.6%) {64.4%}
2702  -O                                                                        (1 = 0.6%) {64.9%}
2703  -O                                                                        (1 = 0.6%) {65.5%}
2704  -O                                                                        (1 = 0.6%) {66.1%}
2705  -O                                                                        (1 = 0.6%) {66.7%}
2706  -O                                                                        (1 = 0.6%) {67.2%}
2707  -O                                                                        (1 = 0.6%) {67.8%}
2708  ... 
2710  -O                                                                        (1 = 0.6%) {68.4%}
2711  -O                                                                        (1 = 0.6%) {69.0%}
2712  ... 
2714  -O                                                                        (1 = 0.6%) {69.5%}
2715  -O                                                                        (1 = 0.6%) {70.1%}
2716  -O                                                                        (1 = 0.6%) {70.7%}
2717  ... 
2723  -O                                                                        (1 = 0.6%) {71.3%}
2724  ... 
2738  -O                                                                        (1 = 0.6%) {71.8%}
2739  ... 
2769  -O                                                                        (1 = 0.6%) {72.4%}
2770  ... 
2841  -O                                                                        (1 = 0.6%) {73.0%}
2842  ... 
2903  -O                                                                        (1 = 0.6%) {73.6%}
2904  -O                                                                        (1 = 0.6%) {74.1%}
2905  ... 
2927  -O                                                                        (1 = 0.6%) {74.7%}
2928  ... 
2935  -O                                                                        (1 = 0.6%) {75.3%}
2936  ... 
3004  -O                                                                        (1 = 0.6%) {75.9%}
3005  ... 
3019  -O                                                                        (1 = 0.6%) {76.4%}
3020  -O                                                                        (1 = 0.6%) {77.0%}
3021  ... 
3028  -O                                                                        (1 = 0.6%) {77.6%}
3029  ... 
3066  -O                                                                        (1 = 0.6%) {78.2%}
3067  ... 
3157  -O                                                                        (1 = 0.6%) {78.7%}
3158  ... 
3198  -O                                                                        (1 = 0.6%) {79.3%}
3199  ... 
3254  -O                                                                        (1 = 0.6%) {79.9%}
3255  ... 
3258  -O                                                                        (1 = 0.6%) {80.5%}
3259  ... 
3275  -O                                                                        (1 = 0.6%) {81.0%}
3276  ... 
3279  -O                                                                        (1 = 0.6%) {81.6%}
3280  ... 
3307  -O                                                                        (1 = 0.6%) {82.2%}
3308  -O                                                                        (1 = 0.6%) {82.8%}
3309  ... 
3349  -O                                                                        (1 = 0.6%) {83.3%}
3350  ... 
3359  -O                                                                        (1 = 0.6%) {83.9%}
3360  ... 
3408  -O                                                                        (1 = 0.6%) {84.5%}
3409  ... 
3444  -O                                                                        (1 = 0.6%) {85.1%}
3445  ... 
3698  -O                                                                        (1 = 0.6%) {85.6%}
3699  ... 
3789  -O                                                                        (1 = 0.6%) {86.2%}
3790  -O                                                                        (1 = 0.6%) {86.8%}
3791  ... 
3803  -O                                                                        (1 = 0.6%) {87.4%}
3804  ... 
3870  -O                                                                        (1 = 0.6%) {87.9%}
3871  ... 
3973  -O                                                                        (1 = 0.6%) {88.5%}
3974  ... 
4007  -O                                                                        (1 = 0.6%) {89.1%}
4008  ... 
4113  -O                                                                        (1 = 0.6%) {89.7%}
4114  ... 
4161  -O                                                                        (1 = 0.6%) {90.2%}
4162  ... 
4177  -O                                                                        (1 = 0.6%) {90.8%}
4178  ... 
4194  -O                                                                        (1 = 0.6%) {91.4%}
4195  O                                                                         (0 = 0.0%) {92.0%}
4196  -O                                                                        (1 = 0.6%) {92.0%}
4197  ... 
4240  -O                                                                        (1 = 0.6%) {92.5%}
4241  O                                                                         (0 = 0.0%) {93.1%}
4242  -O                                                                        (1 = 0.6%) {93.1%}
4243  ... 
4307  -O                                                                        (1 = 0.6%) {93.7%}
4308  ... 
4317  -O                                                                        (1 = 0.6%) {94.3%}
4318  ... 
4346  -O                                                                        (1 = 0.6%) {94.8%}
4347  ... 
4372  -O                                                                        (1 = 0.6%) {95.4%}
4373  ... 
4379  -O                                                                        (1 = 0.6%) {96.0%}
4380  ... 
4419  -O                                                                        (1 = 0.6%) {96.6%}
4420  ... 
4561  -O                                                                        (1 = 0.6%) {97.1%}
4562  ... 
4673  -O                                                                        (1 = 0.6%) {97.7%}
4674  ... 
4689  -O                                                                        (1 = 0.6%) {98.3%}
4690  ... 
4743  -O                                                                        (1 = 0.6%) {98.9%}
4744  ... 
4994  -O                                                                        (1 = 0.6%) {99.4%}
4995  ... 

Histogram: Blink.UseCounter.MainFrame.Features recorded 174 samples, mean = 2205.3 (flags = 0x41)
0     ... 
13    -O                                                                        (1 = 0.6%) {0.0%}
14    ... 
16    -O                                                                        (1 = 0.6%) {0.6%}
17    ... 
52    -O                                                                        (1 = 0.6%) {1.1%}
53    ... 
69    -O                                                                        (1 = 0.6%) {1.7%}
70    ... 
123   -O                                                                        (1 = 0.6%) {2.3%}
124   -O                                                                        (1 = 0.6%) {2.9%}
125   -O                                                                        (1 = 0.6%) {3.4%}
126   ... 
138   -O                                                                        (1 = 0.6%) {4.0%}
139   ... 
240   -O                                                                        (1 = 0.6%) {4.6%}
241   ... 
250   -O                                                                        (1 = 0.6%) {5.2%}
251   ... 
429   -O                                                                        (1 = 0.6%) {5.7%}
430   -O                                                                        (1 = 0.6%) {6.3%}
431   -O                                                                        (1 = 0.6%) {6.9%}
432   -O                                                                        (1 = 0.6%) {7.5%}
433   ... 
469   -O                                                                        (1 = 0.6%) {8.0%}
470   ... 
494   -O                                                                        (1 = 0.6%) {8.6%}
495   ... 
522   -O                                                                        (1 = 0.6%) {9.2%}
523   -O                                                                        (1 = 0.6%) {9.8%}
524   -O                                                                        (1 = 0.6%) {10.3%}
525   ... 
540   -O                                                                        (1 = 0.6%) {10.9%}
541   ... 
587   -O                                                                        (1 = 0.6%) {11.5%}
588   -O                                                                        (1 = 0.6%) {12.1%}
589   ... 
675   -O                                                                        (1 = 0.6%) {12.6%}
676   ... 
710   -O                                                                        (1 = 0.6%) {13.2%}
711   -O                                                                        (1 = 0.6%) {13.8%}
712   -O                                                                        (1 = 0.6%) {14.4%}
713   ... 
717   -O                                                                        (1 = 0.6%) {14.9%}
718   ... 
730   -O                                                                        (1 = 0.6%) {15.5%}
731   ... 
744   -O                                                                        (1 = 0.6%) {16.1%}
745   ... 
780   -O                                                                        (1 = 0.6%) {16.7%}
781   -O                                                                        (1 = 0.6%) {17.2%}
782   ... 
786   -O                                                                        (1 = 0.6%) {17.8%}
787   -O                                                                        (1 = 0.6%) {18.4%}
788   ... 
804   -O                                                                        (1 = 0.6%) {19.0%}
805   ... 
900   -O                                                                        (1 = 0.6%) {19.5%}
901   -O                                                                        (1 = 0.6%) {20.1%}
902   ... 
907   -O                                                                        (1 = 0.6%) {20.7%}
908   ... 
954   -O                                                                        (1 = 0.6%) {21.3%}
955   ... 
970   -O                                                                        (1 = 0.6%) {21.8%}
971   O                                                                         (0 = 0.0%) {22.4%}
972   -O                                                                        (1 = 0.6%) {22.4%}
973   -O                                                                        (1 = 0.6%) {23.0%}
974   ... 
976   -O                                                                        (1 = 0.6%) {23.6%}
977   ... 
1023  -O                                                                        (1 = 0.6%) {24.1%}
1024  ... 
1069  -O                                                                        (1 = 0.6%) {24.7%}
1070  -O                                                                        (1 = 0.6%) {25.3%}
1071  ... 
1075  -O                                                                        (1 = 0.6%) {25.9%}
1076  -O                                                                        (1 = 0.6%) {26.4%}
1077  ... 
1124  -O                                                                        (1 = 0.6%) {27.0%}
1125  ... 
1302  -O                                                                        (1 = 0.6%) {27.6%}
1303  ... 
1347  -O                                                                        (1 = 0.6%) {28.2%}
1348  ... 
1351  -O                                                                        (1 = 0.6%) {28.7%}
1352  ... 
1354  -O                                                                        (1 = 0.6%) {29.3%}
1355  ... 
1368  -O                                                                        (1 = 0.6%) {29.9%}
1369  ... 
1417  -O                                                                        (1 = 0.6%) {30.5%}
1418  ... 
1441  -O                                                                        (1 = 0.6%) {31.0%}
1442  ... 
1458  -O                                                                        (1 = 0.6%) {31.6%}
1459  -O                                                                        (1 = 0.6%) {32.2%}
1460  ... 
1462  -O                                                                        (1 = 0.6%) {32.8%}
1463  -O                                                                        (1 = 0.6%) {33.3%}
1464  ... 
1467  -O                                                                        (1 = 0.6%) {33.9%}
1468  ... 
1502  -O                                                                        (1 = 0.6%) {34.5%}
1503  ... 
1692  -O                                                                        (1 = 0.6%) {35.1%}
1693  -O                                                                        (1 = 0.6%) {35.6%}
1694  ... 
1827  -O                                                                        (1 = 0.6%) {36.2%}
1828  ... 
2013  -O                                                                        (1 = 0.6%) {36.8%}
2014  ... 
2077  -O                                                                        (1 = 0.6%) {37.4%}
2078  ... 
2094  -O                                                                        (1 = 0.6%) {37.9%}
2095  O                                                                         (0 = 0.0%) {38.5%}
2096  -O                                                                        (1 = 0.6%) {38.5%}
2097  ... 
2100  -O                                                                        (1 = 0.6%) {39.1%}
2101  ... 
2112  -O                                                                        (1 = 0.6%) {39.7%}
2113  ... 
2121  -O                                                                        (1 = 0.6%) {40.2%}
2122  ... 
2157  -O                                                                        (1 = 0.6%) {40.8%}
2158  ... 
2188  -O                                                                        (1 = 0.6%) {41.4%}
2189  O                                                                         (0 = 0.0%) {42.0%}
2190  -O                                                                        (1 = 0.6%) {42.0%}
2191  -O                                                                        (1 = 0.6%) {42.5%}
2192  ... 
2195  -O                                                                        (1 = 0.6%) {43.1%}
2196  ... 
2203  -O                                                                        (1 = 0.6%) {43.7%}
2204  -O                                                                        (1 = 0.6%) {44.3%}
2205  ... 
2217  -O                                                                        (1 = 0.6%) {44.8%}
2218  ... 
2226  -O                                                                        (1 = 0.6%) {45.4%}
2227  O                                                                         (0 = 0.0%) {46.0%}
2228  -O                                                                        (1 = 0.6%) {46.0%}
2229  -O                                                                        (1 = 0.6%) {46.6%}
2230  ... 
2236  -O                                                                        (1 = 0.6%) {47.1%}
2237  ... 
2298  -O                                                                        (1 = 0.6%) {47.7%}
2299  ... 
2314  -O                                                                        (1 = 0.6%) {48.3%}
2315  ... 
2319  -O                                                                        (1 = 0.6%) {48.9%}
2320  ... 
2322  -O                                                                        (1 = 0.6%) {49.4%}
2323  ... 
2347  -O                                                                        (1 = 0.6%) {50.0%}
2348  ... 
2355  -O                                                                        (1 = 0.6%) {50.6%}
2356  ... 
2361  -O                                                                        (1 = 0.6%) {51.1%}
2362  ... 
2387  -O                                                                        (1 = 0.6%) {51.7%}
2388  -O                                                                        (1 = 0.6%) {52.3%}
2389  ... 
2399  -O                                                                        (1 = 0.6%) {52.9%}
2400  ... 
2413  -O                                                                        (1 = 0.6%) {53.4%}
2414  ... 
2429  -O                                                                        (1 = 0.6%) {54.0%}
2430  O                                                                         (0 = 0.0%) {54.6%}
2431  -O                                                                        (1 = 0.6%) {54.6%}
2432  ... 
2487  -O                                                                        (1 = 0.6%) {55.2%}
2488  ... 
2518  -O                                                                        (1 = 0.6%) {55.7%}
2519  ... 
2598  -O                                                                        (1 = 0.6%) {56.3%}
2599  ... 
2618  -O                                                                        (1 = 0.6%) {56.9%}
2619  ... 
2654  -O                                                                        (1 = 0.6%) {57.5%}
2655  -O                                                                        (1 = 0.6%) {58.0%}
2656  -O                                                                        (1 = 0.6%) {58.6%}
2657  -O                                                                        (1 = 0.6%) {59.2%}
2658  -O                                                                        (1 = 0.6%) {59.8%}
2659  -O                                                                        (1 = 0.6%) {60.3%}
2660  -O                                                                        (1 = 0.6%) {60.9%}
2661  -O                                                                        (1 = 0.6%) {61.5%}
2662  -O                                                                        (1 = 0.6%) {62.1%}
2663  -O                                                                        (1 = 0.6%) {62.6%}
2664  ... 
2699  -O                                                                        (1 = 0.6%) {63.2%}
2700  -O                                                                        (1 = 0.6%) {63.8%}
2701  -O                                                                        (1 = 0.6%) {64.4%}
2702  -O                                                                        (1 = 0.6%) {64.9%}
2703  -O                                                                        (1 = 0.6%) {65.5%}
2704  -O                                                                        (1 = 0.6%) {66.1%}
2705  -O                                                                        (1 = 0.6%) {66.7%}
2706  -O                                                                        (1 = 0.6%) {67.2%}
2707  -O                                                                        (1 = 0.6%) {67.8%}
2708  ... 
2710  -O                                                                        (1 = 0.6%) {68.4%}
2711  -O                                                                        (1 = 0.6%) {69.0%}
2712  ... 
2714  -O                                                                        (1 = 0.6%) {69.5%}
2715  -O                                                                        (1 = 0.6%) {70.1%}
2716  -O                                                                        (1 = 0.6%) {70.7%}
2717  ... 
2723  -O                                                                        (1 = 0.6%) {71.3%}
2724  ... 
2738  -O                                                                        (1 = 0.6%) {71.8%}
2739  ... 
2769  -O                                                                        (1 = 0.6%) {72.4%}
2770  ... 
2841  -O                                                                        (1 = 0.6%) {73.0%}
2842  ... 
2903  -O                                                                        (1 = 0.6%) {73.6%}
2904  -O                                                                        (1 = 0.6%) {74.1%}
2905  ... 
2927  -O                                                                        (1 = 0.6%) {74.7%}
2928  ... 
2935  -O                                                                        (1 = 0.6%) {75.3%}
2936  ... 
3004  -O                                                                        (1 = 0.6%) {75.9%}
3005  ... 
3019  -O                                                                        (1 = 0.6%) {76.4%}
3020  -O                                                                        (1 = 0.6%) {77.0%}
3021  ... 
3028  -O                                                                        (1 = 0.6%) {77.6%}
3029  ... 
3066  -O                                                                        (1 = 0.6%) {78.2%}
3067  ... 
3157  -O                                                                        (1 = 0.6%) {78.7%}
3158  ... 
3198  -O                                                                        (1 = 0.6%) {79.3%}
3199  ... 
3254  -O                                                                        (1 = 0.6%) {79.9%}
3255  ... 
3258  -O                                                                        (1 = 0.6%) {80.5%}
3259  ... 
3275  -O                                                                        (1 = 0.6%) {81.0%}
3276  ... 
3279  -O                                                                        (1 = 0.6%) {81.6%}
3280  ... 
3307  -O                                                                        (1 = 0.6%) {82.2%}
3308  -O                                                                        (1 = 0.6%) {82.8%}
3309  ... 
3349  -O                                                                        (1 = 0.6%) {83.3%}
3350  ... 
3359  -O                                                                        (1 = 0.6%) {83.9%}
3360  ... 
3408  -O                                                                        (1 = 0.6%) {84.5%}
3409  ... 
3444  -O                                                                        (1 = 0.6%) {85.1%}
3445  ... 
3698  -O                                                                        (1 = 0.6%) {85.6%}
3699  ... 
3789  -O                                                                        (1 = 0.6%) {86.2%}
3790  -O                                                                        (1 = 0.6%) {86.8%}
3791  ... 
3803  -O                                                                        (1 = 0.6%) {87.4%}
3804  ... 
3870  -O                                                                        (1 = 0.6%) {87.9%}
3871  ... 
3973  -O                                                                        (1 = 0.6%) {88.5%}
3974  ... 
4007  -O                                                                        (1 = 0.6%) {89.1%}
4008  ... 
4113  -O                                                                        (1 = 0.6%) {89.7%}
4114  ... 
4161  -O                                                                        (1 = 0.6%) {90.2%}
4162  ... 
4177  -O                                                                        (1 = 0.6%) {90.8%}
4178  ... 
4194  -O                                                                        (1 = 0.6%) {91.4%}
4195  O                                                                         (0 = 0.0%) {92.0%}
4196  -O                                                                        (1 = 0.6%) {92.0%}
4197  ... 
4240  -O                                                                        (1 = 0.6%) {92.5%}
4241  O                                                                         (0 = 0.0%) {93.1%}
4242  -O                                                                        (1 = 0.6%) {93.1%}
4243  ... 
4307  -O                                                                        (1 = 0.6%) {93.7%}
4308  ... 
4317  -O                                                                        (1 = 0.6%) {94.3%}
4318  ... 
4346  -O                                                                        (1 = 0.6%) {94.8%}
4347  ... 
4372  -O                                                                        (1 = 0.6%) {95.4%}
4373  ... 
4379  -O                                                                        (1 = 0.6%) {96.0%}
4380  ... 
4419  -O                                                                        (1 = 0.6%) {96.6%}
4420  ... 
4561  -O                                                                        (1 = 0.6%) {97.1%}
4562  ... 
4673  -O                                                                        (1 = 0.6%) {97.7%}
4674  ... 
4689  -O                                                                        (1 = 0.6%) {98.3%}
4690  ... 
4743  -O                                                                        (1 = 0.6%) {98.9%}
4744  ... 
4994  -O                                                                        (1 = 0.6%) {99.4%}
4995  ... 

Histogram: Blink.UseCounter.PermissionsPolicy.Allow2 recorded 0 samples (flags = 0x41)
0 ... 

Histogram: Blink.UseCounter.PermissionsPolicy.Header2 recorded 0 samples (flags = 0x41)
0 ... 

Histogram: Blink.UseCounter.PermissionsPolicy.Violation.Enforce recorded 0 samples (flags = 0x41)
0 ... 

Histogram: Blink.UseCounter.WebDXFeatures recorded 15 samples, mean = 37.7 (flags = 0x41)
0   ... 
5   -O                                                                        (1 = 6.7%) {0.0%}
6   ... 
8   -O                                                                        (1 = 6.7%) {6.7%}
9   -O                                                                        (1 = 6.7%) {13.3%}
10  O                                                                         (0 = 0.0%) {20.0%}
11  -O                                                                        (1 = 6.7%) {20.0%}
12  ... 
27  -O                                                                        (1 = 6.7%) {26.7%}
28  -O                                                                        (1 = 6.7%) {33.3%}
29  -O                                                                        (1 = 6.7%) {40.0%}
30  ... 
38  -O                                                                        (1 = 6.7%) {46.7%}
39  -O                                                                        (1 = 6.7%) {53.3%}
40  ... 
45  -O                                                                        (1 = 6.7%) {60.0%}
46  -O                                                                        (1 = 6.7%) {66.7%}
47  ... 
58  -O                                                                        (1 = 6.7%) {73.3%}
59  ... 
68  -O                                                                        (1 = 6.7%) {80.0%}
69  ... 
71  -O                                                                        (1 = 6.7%) {86.7%}
72  ... 
83  -O                                                                        (1 = 6.7%) {93.3%}
84  ... 

Histogram: Blink.UserDrivenDocumentUpdate.UpdateTime.PreFCP recorded 1 samples, mean = 15.0 (flags = 0x41)
0   ... 
15  -O                                                                        (1 = 100.0%) {0.0%}
21  ... 

Histogram: Bookmarks.BookmarkBar.Shown recorded 1 samples, mean = 0.0 (flags = 0x41)
0  -O                                                                        (1 = 100.0%)
1  ... 

Histogram: Bookmarks.Count.OnProfileLoad3 recorded 1 samples, mean = 0.0 (flags = 0x41)
0  -O                                                                        (1 = 100.0%)
1  ... 

Histogram: Bookmarks.Storage.TimeToLoadAtStartup2 recorded 1 samples, mean = 1800.0 (flags = 0x41)
0     ... 
1782  -O                                                                        (1 = 100.0%) {0.0%}
2117  ... 

Histogram: Bookmarks.Times.OnProfileLoad.TimeSinceAdded3 recorded 1 samples, mean = 0.0 (flags = 0x41)
0  -O                                                                        (1 = 100.0%)
1  ... 

Histogram: Bookmarks.Utilization.OnProfileLoad.PercentageUsed recorded 1 samples, mean = 0.0 (flags = 0x41)
0  -O                                                                        (1 = 100.0%)
1  ... 

Histogram: Bookmarks.Utilization.OnProfileLoad.TotalUnused recorded 1 samples, mean = 0.0 (flags = 0x41)
0  -O                                                                        (1 = 100.0%)
1  ... 

Histogram: Bookmarks.Utilization.OnProfileLoad.TotalUsed recorded 1 samples, mean = 0.0 (flags = 0x41)
0  -O                                                                        (1 = 100.0%)
1  ... 

Histogram: BrotliFilter.CompressionPercent recorded 33 samples, mean = 35.1 (flags = 0x41)
0    ... 
10   -O                                                                        (1 = 3.0%) {0.0%}
11   --O                                                                       (2 = 6.1%) {3.0%}
12   -O                                                                        (1 = 3.0%) {9.1%}
13   O                                                                         (0 = 0.0%) {12.1%}
14   -O                                                                        (1 = 3.0%) {12.1%}
15   O                                                                         (0 = 0.0%) {15.2%}
16   --O                                                                       (2 = 6.1%) {15.2%}
17   -O                                                                        (1 = 3.0%) {21.2%}
18   -O                                                                        (1 = 3.0%) {24.2%}
19   ... 
22   -O                                                                        (1 = 3.0%) {27.3%}
23   -O                                                                        (1 = 3.0%) {30.3%}
24   --O                                                                       (2 = 6.1%) {33.3%}
25   -O                                                                        (1 = 3.0%) {39.4%}
26   -O                                                                        (1 = 3.0%) {42.4%}
27   O                                                                         (0 = 0.0%) {45.5%}
28   -O                                                                        (1 = 3.0%) {45.5%}
29   --O                                                                       (2 = 6.1%) {48.5%}
30   --O                                                                       (2 = 6.1%) {54.5%}
31   ... 
33   -O                                                                        (1 = 3.0%) {60.6%}
34   --O                                                                       (2 = 6.1%) {63.6%}
35   ... 
38   -O                                                                        (1 = 3.0%) {69.7%}
39   -O                                                                        (1 = 3.0%) {72.7%}
40   O                                                                         (0 = 0.0%) {75.8%}
41   -O                                                                        (1 = 3.0%) {75.8%}
42   ... 
44   -O                                                                        (1 = 3.0%) {78.8%}
45   O                                                                         (0 = 0.0%) {81.8%}
46   -O                                                                        (1 = 3.0%) {81.8%}
47   --O                                                                       (2 = 6.1%) {84.8%}
48   ... 
84   -O                                                                        (1 = 3.0%) {90.9%}
85   ... 
101  --O                                                                       (2 = 6.1%) {93.9%}

Histogram: BrotliFilter.Status recorded 33 samples, mean = 1.0 (flags = 0x41)
0  O                                                                         (0 = 0.0%)
1  ---------------------------------O                                        (33 = 100.0%) {0.0%}
2  ... 

Histogram: BrotliFilter.UsedMemoryKB recorded 33 samples, mean = 219.0 (flags = 0x41)
0    ... 
16   --O                                                                       (2 = 6.1%) {0.0%}
20   O                                                                         (0 = 0.0%) {6.1%}
25   ---O                                                                      (3 = 9.1%) {6.1%}
31   -------O                                                                  (7 = 21.2%) {15.2%}
39   O                                                                         (0 = 0.0%) {36.4%}
49   --O                                                                       (2 = 6.1%) {36.4%}
61   O                                                                         (0 = 0.0%) {42.4%}
76   ----O                                                                     (4 = 12.1%) {42.4%}
95   O                                                                         (0 = 0.0%) {54.5%}
119  ---O                                                                      (3 = 9.1%) {54.5%}
149  O                                                                         (0 = 0.0%) {63.6%}
187  -O                                                                        (1 = 3.0%) {63.6%}
234  ... 
367  -------O                                                                  (7 = 21.2%) {66.7%}
460  O                                                                         (0 = 0.0%) {87.9%}
576  -O                                                                        (1 = 3.0%) {87.9%}
722  ---O                                                                      (3 = 9.1%) {90.9%}
905  ... 

Histogram: Browser.ERP.RequestPayloadSizePerHour recorded 1 samples, mean = 0.0 (flags = 0x41)
0  -O                                                                        (1 = 100.0%)
1  ... 

Histogram: Browser.ERP.ResponsePayloadSizePerHour recorded 1 samples, mean = 0.0 (flags = 0x41)
0  -O                                                                        (1 = 100.0%)
1  ... 

Histogram: Browser.MainThreadsCongestion.RunningOnly recorded 142 samples, mean = 0.0 (flags = 0x41)
0  ------------------------------------------------------------------------O (142 = 100.0%)
1  ... 

Histogram: Browser.MainThreadsCongestion.RunningOnly.Initial recorded 1 samples, mean = 0.0 (flags = 0x41)
0  -O                                                                        (1 = 100.0%)
1  ... 

Histogram: Browser.Responsiveness.IOJanksTotalPerMinute recorded 71 samples, mean = 0.0 (flags = 0x41)
0  -----------------------------------------------------------------------O  (71 = 100.0%)
1  ... 

Histogram: Browser.Responsiveness.IOJankyIntervalsPerMinute recorded 71 samples, mean = 0.0 (flags = 0x41)
0  -----------------------------------------------------------------------O  (71 = 100.0%)
1  ... 

Histogram: BrowserRenderProcessHost.Cleanup.DelayReason recorded 8 samples, mean = 5.6 (flags = 0x41)
0  ---O                                                                      (3 = 37.5%)
1  ... 
9  -----O                                                                    (5 = 62.5%) {37.5%}
10 ... 

Histogram: BrowserRenderProcessHost.Cleanup.Total recorded 8 samples, mean = 1.0 (flags = 0x41)
0  O                                                                         (0 = 0.0%)
1  --------O                                                                 (8 = 100.0%) {0.0%}
2  O                                                                         (0 = 0.0%) {100.0%}

Histogram: BrowserRenderProcessHost.ExistingRendererIsInitializedAndNotDead recorded 1 samples, mean = 1.0 (flags = 0x41)
0  O                                                                         (0 = 0.0%)
1  -O                                                                        (1 = 100.0%) {0.0%}
2  O                                                                         (0 = 0.0%) {100.0%}

Histogram: BrowserRenderProcessHost.FastShutdownIfPossible.DelayReason recorded 1 samples, mean = 4.0 (flags = 0x41)
0  ... 
4  -O                                                                        (1 = 100.0%) {0.0%}
5  ... 

Histogram: BrowserRenderProcessHost.FastShutdownIfPossible.Total recorded 1 samples, mean = 1.0 (flags = 0x41)
0  O                                                                         (0 = 0.0%)
1  -O                                                                        (1 = 100.0%) {0.0%}
2  O                                                                         (0 = 0.0%) {100.0%}

Histogram: BrowserRenderProcessHost.SpareProcessEvictedOtherSpare recorded 2 samples, mean = 0.0 (flags = 0x41)
0  --O                                                                       (2 = 100.0%)
1  ... 

Histogram: BrowserRenderProcessHost.SpareProcessMaybeTakeAction recorded 2 samples, mean = 2.0 (flags = 0x41)
0  -O                                                                        (1 = 50.0%)
1  ... 
4  -O                                                                        (1 = 50.0%) {50.0%}
5  ... 

Histogram: BrowserRenderProcessHost.SpareProcessStartupTime recorded 2 samples, mean = 1060.0 (flags = 0x41)
0     ... 
318   -O                                                                        (1 = 50.0%) {0.0%}
378   ... 
1500  -O                                                                        (1 = 50.0%) {50.0%}
1782  ... 

Histogram: BrowserSwitcher.ExternalGreylistSize recorded 1 samples, mean = 0.0 (flags = 0x41)
0  -O                                                                        (1 = 100.0%)
1  ... 

Histogram: BrowserSwitcher.ExternalSitelistSize recorded 1 samples, mean = 0.0 (flags = 0x41)
0  -O                                                                        (1 = 100.0%)
1  ... 

Histogram: BrowserSwitcher.IeemSitelistSize recorded 1 samples, mean = 0.0 (flags = 0x41)
0  -O                                                                        (1 = 100.0%)
1  ... 

Histogram: BrowsingTopics.BrowsingTopicsState.LoadFinishStatus recorded 1 samples, mean = 1.0 (flags = 0x41)
0  O                                                                         (0 = 0.0%)
1  -O                                                                        (1 = 100.0%) {0.0%}
2  O                                                                         (0 = 0.0%) {100.0%}

Histogram: BrowsingTopics.SiteDataStorage.FileSize.KB recorded 1 samples, mean = 28.0 (flags = 0x41)
0   ... 
28  -O                                                                        (1 = 100.0%) {0.0%}
37  ... 

Histogram: BrowsingTopics.SiteDataStorage.InitStatus recorded 1 samples, mean = 1.0 (flags = 0x41)
0  O                                                                         (0 = 0.0%)
1  -O                                                                        (1 = 100.0%) {0.0%}
2  O                                                                         (0 = 0.0%) {100.0%}

Histogram: CPU.Experimental.CpuEstimationTaskMigrated recorded 14 samples, mean = 0.1 (flags = 0x41)
0  ------------O                                                             (12 = 85.7%)
1  --O                                                                       (2 = 14.3%) {85.7%}
2  O                                                                         (0 = 0.0%) {100.0%}

Histogram: CPU.Experimental.CpuEstimationTaskQueuedTime.Performance recorded 14 samples, mean = 30.5 (flags = 0x41)
0   ... 
7   -O                                                                        (1 = 7.1%) {0.0%}
9   O                                                                         (0 = 0.0%) {7.1%}
12  -----O                                                                    (5 = 35.7%) {7.1%}
16  O                                                                         (0 = 0.0%) {42.9%}
21  -O                                                                        (1 = 7.1%) {42.9%}
28  -O                                                                        (1 = 7.1%) {50.0%}
37  --O                                                                       (2 = 14.3%) {57.1%}
49  ----O                                                                     (4 = 28.6%) {71.4%}
65  ... 

Histogram: CPU.Experimental.CpuEstimationTaskThreadTime.Performance recorded 14 samples, mean = 361.5 (flags = 0x41)
0    ... 
113  -------O                                                                  (7 = 50.0%) {0.0%}
149  ... 
448  --O                                                                       (2 = 14.3%) {50.0%}
590  -----O                                                                    (5 = 35.7%) {64.3%}
777  ... 

Histogram: CPU.Experimental.CpuEstimationTaskTotalTime.Performance recorded 14 samples, mean = 404.1 (flags = 0x41)
0    ... 
113  -------O                                                                  (7 = 50.0%) {0.0%}
149  ... 
448  -O                                                                        (1 = 7.1%) {50.0%}
590  ------O                                                                   (6 = 42.9%) {57.1%}
777  ... 

Histogram: CPU.Experimental.CpuEstimationTaskWallTime.Performance recorded 14 samples, mean = 373.6 (flags = 0x41)
0    ... 
113  -------O                                                                  (7 = 50.0%) {0.0%}
149  ... 
448  -O                                                                        (1 = 7.1%) {50.0%}
590  ------O                                                                   (6 = 42.9%) {57.1%}
777  ... 

Histogram: CPU.Experimental.CpuEstimationThreadTimePercent.Performance recorded 14 samples, mean = 97.4 (flags = 0x41)
0   ... 
84  -O                                                                        (1 = 7.1%) {0.0%}
85  ... 
94  -O                                                                        (1 = 7.1%) {7.1%}
95  ... 
98  --O                                                                       (2 = 14.3%) {14.3%}
99  ----------O                                                               (10 = 71.4%) {28.6%}
100 ... 

Histogram: CPU.Experimental.EstimatedFrequencyAsPercentOfLimit.Performance recorded 12 samples, mean = 108.3 (flags = 0x41)
0    ... 
31   ----O                                                                     (4 = 33.3%) {0.0%}
32   ... 
41   -O                                                                        (1 = 8.3%) {33.3%}
42   ... 
101  -------O                                                                  (7 = 58.3%) {41.7%}

Histogram: CPU.Experimental.EstimatedFrequencyAsPercentOfMax.Performance recorded 12 samples, mean = 108.3 (flags = 0x41)
0    ... 
31   ----O                                                                     (4 = 33.3%) {0.0%}
32   ... 
41   -O                                                                        (1 = 8.3%) {33.3%}
42   ... 
101  -------O                                                                  (7 = 58.3%) {41.7%}

Histogram: CertificateType2.BR.Intermediate.ECDSA recorded 6 samples, mean = 256.0 (flags = 0x41)
0    ... 
256  ------O                                                                   (6 = 100.0%) {0.0%}
257  ... 

Histogram: CertificateType2.BR.Intermediate.RSA recorded 7 samples, mean = 2048.0 (flags = 0x41)
0     ... 
2048  -------O                                                                  (7 = 100.0%) {0.0%}
2049  ... 

Histogram: CertificateType2.BR.Leaf.ECDSA recorded 11 samples, mean = 256.0 (flags = 0x41)
0    ... 
256  -----------O                                                              (11 = 100.0%) {0.0%}
257  ... 

Histogram: CertificateType2.BR.Leaf.RSA recorded 2 samples, mean = 2048.0 (flags = 0x41)
0     ... 
2048  --O                                                                       (2 = 100.0%) {0.0%}
2049  ... 

Histogram: CertificateType2.BR.Root.ECDSA recorded 6 samples, mean = 384.0 (flags = 0x41)
0    ... 
384  ------O                                                                   (6 = 100.0%) {0.0%}
385  ... 

Histogram: CertificateType2.BR.Root.RSA recorded 7 samples, mean = 3510.9 (flags = 0x41)
0     ... 
2048  --O                                                                       (2 = 28.6%) {0.0%}
2049  ... 
4096  -----O                                                                    (5 = 71.4%) {28.6%}
4097  ... 

Histogram: ChildProcess.Launched.UtilityProcessHash recorded 3 samples (flags = 0x41)
-2043041185 -O                                                                        (1 = 33.3%)
-1468742076 -O                                                                        (1 = 33.3%)
1411170475  -O                                                                        (1 = 33.3%)

Histogram: ChildProcess.ProcessLifetime.Utility recorded 3 samples, mean = 2849255.8 (flags = 0x41)
0        ... 
294      -O                                                                        (1 = 33.3%) {0.0%}
398      ... 
3600000  --O                                                                       (2 = 66.7%) {33.3%}

Histogram: Chrome.ProcessSingleton.NotifyResult recorded 1 samples, mean = 0.0 (flags = 0x41)
0  -O                                                                        (1 = 100.0%)
1  ... 

Histogram: Chrome.ProcessSingleton.TimeToCreate recorded 1 samples, mean = 0.0 (flags = 0x41)
0  -O                                                                        (1 = 100.0%)
10 ... 

Histogram: Chrome.SystemNetworkContextManager.NetworkSandboxState recorded 4 samples, mean = 0.0 (flags = 0x41)
0  ----O                                                                     (4 = 100.0%)
1  ... 

Histogram: ChromeElf.Beacon.RetryAttemptsBeforeSuccess recorded 1 samples, mean = 0.0 (flags = 0x41)
0  -O                                                                        (1 = 100.0%)
1  ... 

Histogram: ChromeElf.Beacon.SetupStatus recorded 1 samples, mean = 1.0 (flags = 0x41)
0  O                                                                         (0 = 0.0%)
1  -O                                                                        (1 = 100.0%) {0.0%}
2  ... 

Histogram: ChromeElf.ExtensionPoint.EnableState recorded 1 samples, mean = 1.0 (flags = 0x41)
0  O                                                                         (0 = 0.0%)
1  -O                                                                        (1 = 100.0%) {0.0%}
2  O                                                                         (0 = 0.0%) {100.0%}

Histogram: ClientHints.CriticalCHRestart recorded 1 samples, mean = 0.0 (flags = 0x41)
0  -O                                                                        (1 = 100.0%)
1  ... 

Histogram: ClientHints.FetchLatency_PrefRead recorded 5 samples, mean = 6.0 (flags = 0x41)
0   O                                                                         (0 = 0.0%)
1   -O                                                                        (1 = 20.0%) {0.0%}
2   O                                                                         (0 = 0.0%) {20.0%}
3   -O                                                                        (1 = 20.0%) {20.0%}
4   --O                                                                       (2 = 40.0%) {40.0%}
6   ... 
15  -O                                                                        (1 = 20.0%) {80.0%}
21  ... 

Histogram: ClientHints.FetchLatency_PrerenderHost recorded 5 samples, mean = 0.6 (flags = 0x41)
0  --O                                                                       (2 = 40.0%)
1  ---O                                                                      (3 = 60.0%) {40.0%}
2  ... 

Histogram: ClientHints.FetchLatency_Total recorded 5 samples, mean = 6.6 (flags = 0x41)
0   ... 
2   -O                                                                        (1 = 20.0%) {0.0%}
3   -O                                                                        (1 = 20.0%) {20.0%}
4   --O                                                                       (2 = 40.0%) {40.0%}
6   ... 
15  -O                                                                        (1 = 20.0%) {80.0%}
21  ... 

Histogram: Compositing.Browser.CompositorFrame.Quads recorded 4 samples, mean = 1.0 (flags = 0x41)
0  O                                                                         (0 = 0.0%)
1  ----O                                                                     (4 = 100.0%) {0.0%}
2  ... 

Histogram: Compositing.Browser.LayerTreeImpl.CalculateDrawPropertiesUs recorded 5 samples, mean = 12.6 (flags = 0x41)
0   ... 
4   -O                                                                        (1 = 20.0%) {0.0%}
5   ... 
9   ---O                                                                      (3 = 60.0%) {20.0%}
12  ... 
28  -O                                                                        (1 = 20.0%) {80.0%}
37  ... 

Histogram: Compositing.Browser.LayersUpdateTime recorded 5 samples, mean = 22.6 (flags = 0x41)
0   ... 
6   --O                                                                       (2 = 40.0%) {0.0%}
8   ... 
15  -O                                                                        (1 = 20.0%) {40.0%}
21  -O                                                                        (1 = 20.0%) {60.0%}
29  ... 
55  -O                                                                        (1 = 20.0%) {80.0%}
76  ... 

Histogram: Compositing.ColorGamut recorded 9 samples, mean = 0.0 (flags = 0x41)
0  ---------O                                                                (9 = 100.0%)
1  ... 

Histogram: Compositing.DidMainThreadBlockDuringCommit recorded 5 samples, mean = 0.2 (flags = 0x41)
0  ----O                                                                     (4 = 80.0%)
1  -O                                                                        (1 = 20.0%) {80.0%}
2  O                                                                         (0 = 0.0%) {100.0%}

Histogram: Compositing.DirectRenderer.OverlayProcessingUs recorded 9 samples, mean = 0.1 (flags = 0x41)
0  ---------O                                                                (9 = 100.0%)
5  ... 

Histogram: Compositing.DirectRenderer.PartialSwap.ExtraDamage recorded 9 samples, mean = 0.0 (flags = 0x41)
0  ---------O                                                                (9 = 100.0%)
1  ... 

Histogram: Compositing.DirectRenderer.PartialSwap.FrameBufferDamage recorded 9 samples, mean = 0.0 (flags = 0x41)
0  ---------O                                                                (9 = 100.0%)
1  ... 

Histogram: Compositing.DirectRenderer.PartialSwap.RootDamage recorded 9 samples, mean = 100.0 (flags = 0x41)
0    ... 
100  ---------O                                                                (9 = 100.0%) {0.0%}
101  O                                                                         (0 = 0.0%) {100.0%}

Histogram: Compositing.DirectRenderer.PartialSwap.TotalDamage recorded 9 samples, mean = 100.0 (flags = 0x41)
0    ... 
100  ---------O                                                                (9 = 100.0%) {0.0%}
101  O                                                                         (0 = 0.0%) {100.0%}

Histogram: Compositing.DirectRenderer.SkipAllNonRootRenderPassesPerFrame recorded 6 samples, mean = 0.0 (flags = 0x41)
0  ------O                                                                   (6 = 100.0%)
1  ... 

Histogram: Compositing.DirectRenderer.SkipNonRootRenderPass recorded 6 samples, mean = 0.0 (flags = 0x41)
0  ------O                                                                   (6 = 100.0%)
1  ... 

Histogram: Compositing.DirectRenderer.TotalPixelsRendered recorded 9 samples, mean = 1.7 (flags = 0x41)
0  O                                                                         (0 = 0.0%)
1  ---O                                                                      (3 = 33.3%) {0.0%}
2  ------O                                                                   (6 = 66.7%) {33.3%}
3  ... 

Histogram: Compositing.Display.Draw.Occlusion.Calculation.Time recorded 9 samples, mean = 3.8 (flags = 0x41)
0   -O                                                                        (1 = 11.1%)
1   O                                                                         (0 = 0.0%) {11.1%}
2   ----O                                                                     (4 = 44.4%) {11.1%}
3   --O                                                                       (2 = 22.2%) {55.6%}
4   ... 
7   -O                                                                        (1 = 11.1%) {77.8%}
8   ... 
12  -O                                                                        (1 = 11.1%) {88.9%}
14  ... 

Histogram: Compositing.Display.Draw.Quads recorded 9 samples, mean = 2.3 (flags = 0x41)
0  O                                                                         (0 = 0.0%)
1  ---O                                                                      (3 = 33.3%) {0.0%}
2  O                                                                         (0 = 0.0%) {33.3%}
3  ------O                                                                   (6 = 66.7%) {33.3%}
4  ... 

Histogram: Compositing.Display.DrawToSwapUs recorded 9 samples, mean = 2399.2 (flags = 0x41)
0     ... 
404   -O                                                                        (1 = 11.1%) {0.0%}
490   -O                                                                        (1 = 11.1%) {11.1%}
594   ---O                                                                      (3 = 33.3%) {22.2%}
720   -O                                                                        (1 = 11.1%) {55.6%}
873   ... 
1557  -O                                                                        (1 = 11.1%) {66.7%}
1888  ... 
4949  -O                                                                        (1 = 11.1%) {77.8%}
6001  ... 
8824  -O                                                                        (1 = 11.1%) {88.9%}
10700 ... 

Histogram: Compositing.Display.FlattenedRenderPassCount recorded 9 samples, mean = 1.7 (flags = 0x41)
0  O                                                                         (0 = 0.0%)
1  ---O                                                                      (3 = 33.3%) {0.0%}
2  ------O                                                                   (6 = 66.7%) {33.3%}
3  ... 

Histogram: Compositing.Display.PendingSwaps recorded 9 samples, mean = 1.0 (flags = 0x41)
0  O                                                                         (0 = 0.0%)
1  ---------O                                                                (9 = 100.0%) {0.0%}
2  ... 

Histogram: Compositing.Display.VizDependencyResolvedToGpuStartedDrawUs recorded 9 samples, mean = 30.8 (flags = 0x41)
0    ... 
8    --O                                                                       (2 = 22.2%) {0.0%}
10   --O                                                                       (2 = 22.2%) {22.2%}
12   --O                                                                       (2 = 22.2%) {44.4%}
15   ... 
40   -O                                                                        (1 = 11.1%) {66.7%}
49   -O                                                                        (1 = 11.1%) {77.8%}
59   ... 
105  -O                                                                        (1 = 11.1%) {88.9%}
127  ... 

Histogram: Compositing.Display.VizScheduledDrawToDependencyResolvedUs recorded 9 samples, mean = 1.9 (flags = 0x41)
0  --------O                                                                 (8 = 88.9%)
5  O                                                                         (0 = 0.0%) {88.9%}
6  -O                                                                        (1 = 11.1%) {88.9%}
7  ... 

Histogram: Compositing.Display.VizScheduledDrawToGpuStartedDrawUs recorded 9 samples, mean = 32.7 (flags = 0x41)
0    ... 
8    -O                                                                        (1 = 11.1%) {0.0%}
10   -O                                                                        (1 = 11.1%) {11.1%}
12   ---O                                                                      (3 = 33.3%) {22.2%}
15   -O                                                                        (1 = 11.1%) {55.6%}
18   ... 
49   -O                                                                        (1 = 11.1%) {66.7%}
59   -O                                                                        (1 = 11.1%) {77.8%}
72   ... 
105  -O                                                                        (1 = 11.1%) {88.9%}
127  ... 

Histogram: Compositing.MainThreadBlockedDuringCommitTime recorded 1 samples, mean = 6.0 (flags = 0x41)
0  ... 
6  -O                                                                        (1 = 100.0%) {0.0%}
8  ... 

Histogram: Compositing.Renderer.CompositorFrame.Quads recorded 5 samples, mean = 2.0 (flags = 0x41)
0  ... 
2  -----O                                                                    (5 = 100.0%) {0.0%}
3  ... 

Histogram: Compositing.Renderer.LayersUpdateTime recorded 5 samples, mean = 24.8 (flags = 0x41)
0   ... 
15  ----O                                                                     (4 = 80.0%) {0.0%}
21  ... 
55  -O                                                                        (1 = 20.0%) {80.0%}
76  ... 

Histogram: Compositing.Renderer.NumRenderSurfaces recorded 7 samples, mean = 1.0 (flags = 0x41)
0  O                                                                         (0 = 0.0%)
1  -------O                                                                  (7 = 100.0%) {0.0%}
2  ... 

Histogram: Compositing.SurfaceAggregator.AggregateUs recorded 9 samples, mean = 3758.9 (flags = 0x41)
0      ... 
21     -O                                                                        (1 = 11.1%) {0.0%}
28     -O                                                                        (1 = 11.1%) {11.1%}
37     -O                                                                        (1 = 11.1%) {22.2%}
49     --O                                                                       (2 = 22.2%) {33.3%}
65     ... 
113    -O                                                                        (1 = 11.1%) {55.6%}
149    ... 
448    --O                                                                       (2 = 22.2%) {66.7%}
590    ... 
27864  -O                                                                        (1 = 11.1%) {88.9%}
36699  ... 

Histogram: Compositing.SurfaceAggregator.CopiedSurfaceCount recorded 9 samples, mean = 1.7 (flags = 0x41)
0  O                                                                         (0 = 0.0%)
1  ---O                                                                      (3 = 33.3%) {0.0%}
2  ------O                                                                   (6 = 66.7%) {33.3%}
3  ... 

Histogram: Compositing.SurfaceAggregator.CopyUs recorded 9 samples, mean = 10.7 (flags = 0x41)
0   ... 
6   --O                                                                       (2 = 22.2%) {0.0%}
7   -O                                                                        (1 = 11.1%) {22.2%}
8   O                                                                         (0 = 0.0%) {33.3%}
9   --O                                                                       (2 = 22.2%) {33.3%}
11  -O                                                                        (1 = 11.1%) {55.6%}
13  -O                                                                        (1 = 11.1%) {66.7%}
15  -O                                                                        (1 = 11.1%) {77.8%}
18  -O                                                                        (1 = 11.1%) {88.9%}
21  ... 

Histogram: Compositing.SurfaceAggregator.HasCopyRequestsPerFrame recorded 9 samples, mean = 0.6 (flags = 0x41)
0  ----O                                                                     (4 = 44.4%)
1  -----O                                                                    (5 = 55.6%) {44.4%}
2  O                                                                         (0 = 0.0%) {100.0%}

Histogram: Compositing.SurfaceAggregator.HasPixelMovingBackdropFiltersPerFrame recorded 9 samples, mean = 0.0 (flags = 0x41)
0  ---------O                                                                (9 = 100.0%)
1  ... 

Histogram: Compositing.SurfaceAggregator.HasPixelMovingFiltersPerFrame recorded 9 samples, mean = 0.0 (flags = 0x41)
0  ---------O                                                                (9 = 100.0%)
1  ... 

Histogram: Compositing.SurfaceAggregator.HasUnembeddedRenderPassesPerFrame recorded 9 samples, mean = 0.0 (flags = 0x41)
0  ---------O                                                                (9 = 100.0%)
1  ... 

Histogram: Compositing.SurfaceAggregator.PrewalkUs recorded 9 samples, mean = 3734.7 (flags = 0x41)
0      ... 
11     -O                                                                        (1 = 11.1%) {0.0%}
13     -O                                                                        (1 = 11.1%) {11.1%}
15     ... 
29     --O                                                                       (2 = 22.2%) {22.2%}
34     -O                                                                        (1 = 11.1%) {44.4%}
40     ... 
55     -O                                                                        (1 = 11.1%) {55.6%}
64     ... 
426    -O                                                                        (1 = 11.1%) {66.7%}
499    -O                                                                        (1 = 11.1%) {77.8%}
584    ... 
10000  -O                                                                        (1 = 11.1%) {88.9%}

Histogram: Compositing.SurfaceAggregator.PrewalkedSurfaceCount recorded 9 samples, mean = 1.7 (flags = 0x41)
0  O                                                                         (0 = 0.0%)
1  ---O                                                                      (3 = 33.3%) {0.0%}
2  ------O                                                                   (6 = 66.7%) {33.3%}
3  ... 

Histogram: Compositing.SurfaceManager.MarkForDestructionToDestroy recorded 1 samples, mean = 327.0 (flags = 0x41)
0    ... 
318  -O                                                                        (1 = 100.0%) {0.0%}
378  ... 

Histogram: Content.Classification.OpenGraph recorded 1 samples, mean = 4.0 (flags = 0x41)
0  ... 
4  -O                                                                        (1 = 100.0%) {0.0%}
5  ... 

Histogram: ContentSettings.AllowStorageAccessSync recorded 2 samples, mean = 0.0 (flags = 0x41)
0  --O                                                                       (2 = 100.0%)
1  ... 

Histogram: ContentSettings.GetContentSetting.Network.Duration recorded 353 samples, mean = 0.5 (flags = 0x41)
0  ------------------------------------------------------------------------O (228 = 64.6%)
1  -------------------------------O                                          (99 = 28.0%) {64.6%}
2  -----O                                                                    (16 = 4.5%) {92.6%}
3  --O                                                                       (5 = 1.4%) {97.2%}
4  O                                                                         (0 = 0.0%) {98.6%}
5  -O                                                                        (4 = 1.1%) {98.6%}
7  O                                                                         (1 = 0.3%) {99.7%}
9  ... 

Histogram: ContentSettings.GetCookieSettingInternal.Duration recorded 97 samples, mean = 4.6 (flags = 0x41)
0   --O                                                                       (2 = 2.1%)
1   -------------------------------------O                                    (37 = 38.1%) {2.1%}
2   ----------------O                                                         (16 = 16.5%) {40.2%}
3   -----O                                                                    (5 = 5.2%) {56.7%}
4   -------O                                                                  (7 = 7.2%) {61.9%}
5   --------O                                                                 (8 = 8.2%) {69.1%}
7   ----O                                                                     (4 = 4.1%) {77.3%}
9   ------O                                                                   (6 = 6.2%) {81.4%}
12  ------O                                                                   (6 = 6.2%) {87.6%}
16  ---O                                                                      (3 = 3.1%) {93.8%}
21  ---O                                                                      (3 = 3.1%) {96.9%}
28  ... 

Histogram: ContentSettings.NumberOfExceptions recorded 1 samples, mean = 3.0 (flags = 0x41)
0  ... 
3  -O                                                                        (1 = 100.0%) {0.0%}
4  ... 

Histogram: ContentSettings.Popups.StrongBlockerActions recorded 1 samples, mean = 0.0 (flags = 0x41)
0  -O                                                                        (1 = 100.0%)
1  ... 

Histogram: ContentSettings.RegularProfile.DefaultAutoVerifySetting recorded 1 samples, mean = 1.0 (flags = 0x41)
0  O                                                                         (0 = 0.0%)
1  -O                                                                        (1 = 100.0%) {0.0%}
2  ... 

Histogram: ContentSettings.RegularProfile.DefaultAutoplaySetting recorded 1 samples, mean = 1.0 (flags = 0x41)
0  O                                                                         (0 = 0.0%)
1  -O                                                                        (1 = 100.0%) {0.0%}
2  ... 

Histogram: ContentSettings.RegularProfile.DefaultBackgroundSyncSetting recorded 1 samples, mean = 1.0 (flags = 0x41)
0  O                                                                         (0 = 0.0%)
1  -O                                                                        (1 = 100.0%) {0.0%}
2  ... 

Histogram: ContentSettings.RegularProfile.DefaultCookiesSetting recorded 1 samples, mean = 1.0 (flags = 0x41)
0  O                                                                         (0 = 0.0%)
1  -O                                                                        (1 = 100.0%) {0.0%}
2  ... 

Histogram: ContentSettings.RegularProfile.DefaultIdleDetectionSetting recorded 1 samples, mean = 3.0 (flags = 0x41)
0  ... 
3  -O                                                                        (1 = 100.0%) {0.0%}
4  ... 

Histogram: ContentSettings.RegularProfile.DefaultImagesSetting recorded 1 samples, mean = 1.0 (flags = 0x41)
0  O                                                                         (0 = 0.0%)
1  -O                                                                        (1 = 100.0%) {0.0%}
2  ... 

Histogram: ContentSettings.RegularProfile.DefaultJavaScriptSetting recorded 1 samples, mean = 1.0 (flags = 0x41)
0  O                                                                         (0 = 0.0%)
1  -O                                                                        (1 = 100.0%) {0.0%}
2  ... 

Histogram: ContentSettings.RegularProfile.DefaultLocationSetting recorded 1 samples, mean = 3.0 (flags = 0x41)
0  ... 
3  -O                                                                        (1 = 100.0%) {0.0%}
4  ... 

Histogram: ContentSettings.RegularProfile.DefaultMIDISysExSetting recorded 1 samples, mean = 3.0 (flags = 0x41)
0  ... 
3  -O                                                                        (1 = 100.0%) {0.0%}
4  ... 

Histogram: ContentSettings.RegularProfile.DefaultMediaStreamCameraSetting recorded 1 samples, mean = 3.0 (flags = 0x41)
0  ... 
3  -O                                                                        (1 = 100.0%) {0.0%}
4  ... 

Histogram: ContentSettings.RegularProfile.DefaultMediaStreamMicSetting recorded 1 samples, mean = 3.0 (flags = 0x41)
0  ... 
3  -O                                                                        (1 = 100.0%) {0.0%}
4  ... 

Histogram: ContentSettings.RegularProfile.DefaultNotificationsSetting recorded 1 samples, mean = 3.0 (flags = 0x41)
0  ... 
3  -O                                                                        (1 = 100.0%) {0.0%}
4  ... 

Histogram: ContentSettings.RegularProfile.DefaultPopupsSetting recorded 1 samples, mean = 2.0 (flags = 0x41)
0  ... 
2  -O                                                                        (1 = 100.0%) {0.0%}
3  ... 

Histogram: ContentSettings.RegularProfile.DefaultSoundSetting recorded 1 samples, mean = 1.0 (flags = 0x41)
0  O                                                                         (0 = 0.0%)
1  -O                                                                        (1 = 100.0%) {0.0%}
2  ... 

Histogram: ContentSettings.RegularProfile.DefaultStorageAccessSetting recorded 1 samples, mean = 3.0 (flags = 0x41)
0  ... 
3  -O                                                                        (1 = 100.0%) {0.0%}
4  ... 

Histogram: ContentSettings.RegularProfile.DefaultSubresourceFilterSetting recorded 1 samples, mean = 2.0 (flags = 0x41)
0  ... 
2  -O                                                                        (1 = 100.0%) {0.0%}
3  ... 

Histogram: ContentSettings.RegularProfile.DefaultUsbGuardSetting recorded 1 samples, mean = 3.0 (flags = 0x41)
0  ... 
3  -O                                                                        (1 = 100.0%) {0.0%}
4  ... 

Histogram: ContentSettings.RegularProfile.DefaultWebBluetoothGuardSetting recorded 1 samples, mean = 3.0 (flags = 0x41)
0  ... 
3  -O                                                                        (1 = 100.0%) {0.0%}
4  ... 

Histogram: ContentSettings.RegularProfile.Exceptions.3pcd-heuristics-grants recorded 1 samples, mean = 0.0 (flags = 0x41)
0  -O                                                                        (1 = 100.0%)
1  ... 

Histogram: ContentSettings.RegularProfile.Exceptions.3pcd-support recorded 1 samples, mean = 0.0 (flags = 0x41)
0  -O                                                                        (1 = 100.0%)
1  ... 

Histogram: ContentSettings.RegularProfile.Exceptions.abusive-notification-permissions recorded 1 samples, mean = 0.0 (flags = 0x41)
0  -O                                                                        (1 = 100.0%)
1  ... 

Histogram: ContentSettings.RegularProfile.Exceptions.access-to-get-all-screens-media-in-session recorded 1 samples, mean = 0.0 (flags = 0x41)
0  -O                                                                        (1 = 100.0%)
1  ... 

Histogram: ContentSettings.RegularProfile.Exceptions.accessibility-events recorded 1 samples, mean = 0.0 (flags = 0x41)
0  -O                                                                        (1 = 100.0%)
1  ... 

Histogram: ContentSettings.RegularProfile.Exceptions.anti-abuse recorded 1 samples, mean = 0.0 (flags = 0x41)
0  -O                                                                        (1 = 100.0%)
1  ... 

Histogram: ContentSettings.RegularProfile.Exceptions.app-banner recorded 1 samples, mean = 0.0 (flags = 0x41)
0  -O                                                                        (1 = 100.0%)
1  ... 

Histogram: ContentSettings.RegularProfile.Exceptions.ar recorded 1 samples, mean = 0.0 (flags = 0x41)
0  -O                                                                        (1 = 100.0%)
1  ... 

Histogram: ContentSettings.RegularProfile.Exceptions.auto-picture-in-picture recorded 1 samples, mean = 0.0 (flags = 0x41)
0  -O                                                                        (1 = 100.0%)
1  ... 

Histogram: ContentSettings.RegularProfile.Exceptions.auto-select-certificate recorded 1 samples, mean = 0.0 (flags = 0x41)
0  -O                                                                        (1 = 100.0%)
1  ... 

Histogram: ContentSettings.RegularProfile.Exceptions.automatic-downloads recorded 1 samples, mean = 0.0 (flags = 0x41)
0  -O                                                                        (1 = 100.0%)
1  ... 

Histogram: ContentSettings.RegularProfile.Exceptions.automatic-fullscreen recorded 1 samples, mean = 0.0 (flags = 0x41)
0  -O                                                                        (1 = 100.0%)
1  ... 

Histogram: ContentSettings.RegularProfile.Exceptions.autoplay recorded 1 samples, mean = 0.0 (flags = 0x41)
0  -O                                                                        (1 = 100.0%)
1  ... 

Histogram: ContentSettings.RegularProfile.Exceptions.background-sync recorded 1 samples, mean = 0.0 (flags = 0x41)
0  -O                                                                        (1 = 100.0%)
1  ... 

Histogram: ContentSettings.RegularProfile.Exceptions.bluetooth-chooser-data recorded 1 samples, mean = 0.0 (flags = 0x41)
0  -O                                                                        (1 = 100.0%)
1  ... 

Histogram: ContentSettings.RegularProfile.Exceptions.bluetooth-guard recorded 1 samples, mean = 0.0 (flags = 0x41)
0  -O                                                                        (1 = 100.0%)
1  ... 

Histogram: ContentSettings.RegularProfile.Exceptions.bluetooth-scanning recorded 1 samples, mean = 0.0 (flags = 0x41)
0  -O                                                                        (1 = 100.0%)
1  ... 

Histogram: ContentSettings.RegularProfile.Exceptions.camera-pan-tilt-zoom recorded 1 samples, mean = 0.0 (flags = 0x41)
0  -O                                                                        (1 = 100.0%)
1  ... 

Histogram: ContentSettings.RegularProfile.Exceptions.captured-surface-control recorded 1 samples, mean = 0.0 (flags = 0x41)
0  -O                                                                        (1 = 100.0%)
1  ... 

Histogram: ContentSettings.RegularProfile.Exceptions.client-hints recorded 1 samples, mean = 0.0 (flags = 0x41)
0  -O                                                                        (1 = 100.0%)
1  ... 

Histogram: ContentSettings.RegularProfile.Exceptions.clipboard recorded 1 samples, mean = 0.0 (flags = 0x41)
0  -O                                                                        (1 = 100.0%)
1  ... 

Histogram: ContentSettings.RegularProfile.Exceptions.cookie-controls-metadata recorded 1 samples, mean = 0.0 (flags = 0x41)
0  -O                                                                        (1 = 100.0%)
1  ... 

Histogram: ContentSettings.RegularProfile.Exceptions.cookies recorded 1 samples, mean = 0.0 (flags = 0x41)
0  -O                                                                        (1 = 100.0%)
1  ... 

Histogram: ContentSettings.RegularProfile.Exceptions.cookies.Allow recorded 1 samples, mean = 0.0 (flags = 0x41)
0  -O                                                                        (1 = 100.0%)
1  ... 

Histogram: ContentSettings.RegularProfile.Exceptions.cookies.AllowThirdParty recorded 1 samples, mean = 0.0 (flags = 0x41)
0  -O                                                                        (1 = 100.0%)
1  ... 

Histogram: ContentSettings.RegularProfile.Exceptions.cookies.Block recorded 1 samples, mean = 0.0 (flags = 0x41)
0  -O                                                                        (1 = 100.0%)
1  ... 

Histogram: ContentSettings.RegularProfile.Exceptions.cookies.DomainWildcardAllowThirdParty recorded 1 samples, mean = 0.0 (flags = 0x41)
0  -O                                                                        (1 = 100.0%)
1  ... 

Histogram: ContentSettings.RegularProfile.Exceptions.cookies.SessionOnly recorded 1 samples, mean = 0.0 (flags = 0x41)
0  -O                                                                        (1 = 100.0%)
1  ... 

Histogram: ContentSettings.RegularProfile.Exceptions.cookies.TemporaryAllowThirdParty recorded 1 samples, mean = 0.0 (flags = 0x41)
0  -O                                                                        (1 = 100.0%)
1  ... 

Histogram: ContentSettings.RegularProfile.Exceptions.direct-sockets recorded 1 samples, mean = 0.0 (flags = 0x41)
0  -O                                                                        (1 = 100.0%)
1  ... 

Histogram: ContentSettings.RegularProfile.Exceptions.display-media-system-audio recorded 1 samples, mean = 0.0 (flags = 0x41)
0  -O                                                                        (1 = 100.0%)
1  ... 

Histogram: ContentSettings.RegularProfile.Exceptions.durable-storage recorded 1 samples, mean = 0.0 (flags = 0x41)
0  -O                                                                        (1 = 100.0%)
1  ... 

Histogram: ContentSettings.RegularProfile.Exceptions.fedcm-idp-registration recorded 1 samples, mean = 0.0 (flags = 0x41)
0  -O                                                                        (1 = 100.0%)
1  ... 

Histogram: ContentSettings.RegularProfile.Exceptions.fedcm-idp-signin recorded 1 samples, mean = 1.0 (flags = 0x41)
0  O                                                                         (0 = 0.0%)
1  -O                                                                        (1 = 100.0%) {0.0%}
2  ... 

Histogram: ContentSettings.RegularProfile.Exceptions.fedcm-share recorded 1 samples, mean = 0.0 (flags = 0x41)
0  -O                                                                        (1 = 100.0%)
1  ... 

Histogram: ContentSettings.RegularProfile.Exceptions.file-system-access-chooser-data recorded 1 samples, mean = 0.0 (flags = 0x41)
0  -O                                                                        (1 = 100.0%)
1  ... 

Histogram: ContentSettings.RegularProfile.Exceptions.file-system-access-extended-permission recorded 1 samples, mean = 0.0 (flags = 0x41)
0  -O                                                                        (1 = 100.0%)
1  ... 

Histogram: ContentSettings.RegularProfile.Exceptions.file-system-access-restore-permission recorded 1 samples, mean = 0.0 (flags = 0x41)
0  -O                                                                        (1 = 100.0%)
1  ... 

Histogram: ContentSettings.RegularProfile.Exceptions.file-system-last-picked-directory recorded 1 samples, mean = 0.0 (flags = 0x41)
0  -O                                                                        (1 = 100.0%)
1  ... 

Histogram: ContentSettings.RegularProfile.Exceptions.file-system-read-guard recorded 1 samples, mean = 0.0 (flags = 0x41)
0  -O                                                                        (1 = 100.0%)
1  ... 

Histogram: ContentSettings.RegularProfile.Exceptions.file-system-write-guard recorded 1 samples, mean = 0.0 (flags = 0x41)
0  -O                                                                        (1 = 100.0%)
1  ... 

Histogram: ContentSettings.RegularProfile.Exceptions.formfill-metadata recorded 1 samples, mean = 0.0 (flags = 0x41)
0  -O                                                                        (1 = 100.0%)
1  ... 

Histogram: ContentSettings.RegularProfile.Exceptions.geolocation recorded 1 samples, mean = 0.0 (flags = 0x41)
0  -O                                                                        (1 = 100.0%)
1  ... 

Histogram: ContentSettings.RegularProfile.Exceptions.hid-chooser-data recorded 1 samples, mean = 0.0 (flags = 0x41)
0  -O                                                                        (1 = 100.0%)
1  ... 

Histogram: ContentSettings.RegularProfile.Exceptions.hid-guard recorded 1 samples, mean = 0.0 (flags = 0x41)
0  -O                                                                        (1 = 100.0%)
1  ... 

Histogram: ContentSettings.RegularProfile.Exceptions.http-allowed recorded 1 samples, mean = 0.0 (flags = 0x41)
0  -O                                                                        (1 = 100.0%)
1  ... 

Histogram: ContentSettings.RegularProfile.Exceptions.https-enforced recorded 1 samples, mean = 0.0 (flags = 0x41)
0  -O                                                                        (1 = 100.0%)
1  ... 

Histogram: ContentSettings.RegularProfile.Exceptions.idle-detection recorded 1 samples, mean = 0.0 (flags = 0x41)
0  -O                                                                        (1 = 100.0%)
1  ... 

Histogram: ContentSettings.RegularProfile.Exceptions.images recorded 1 samples, mean = 0.0 (flags = 0x41)
0  -O                                                                        (1 = 100.0%)
1  ... 

Histogram: ContentSettings.RegularProfile.Exceptions.important-site-info recorded 1 samples, mean = 0.0 (flags = 0x41)
0  -O                                                                        (1 = 100.0%)
1  ... 

Histogram: ContentSettings.RegularProfile.Exceptions.insecure-private-network recorded 1 samples, mean = 0.0 (flags = 0x41)
0  -O                                                                        (1 = 100.0%)
1  ... 

Histogram: ContentSettings.RegularProfile.Exceptions.intent-picker-auto-display recorded 1 samples, mean = 0.0 (flags = 0x41)
0  -O                                                                        (1 = 100.0%)
1  ... 

Histogram: ContentSettings.RegularProfile.Exceptions.javascript recorded 1 samples, mean = 0.0 (flags = 0x41)
0  -O                                                                        (1 = 100.0%)
1  ... 

Histogram: ContentSettings.RegularProfile.Exceptions.javascript-jit recorded 1 samples, mean = 0.0 (flags = 0x41)
0  -O                                                                        (1 = 100.0%)
1  ... 

Histogram: ContentSettings.RegularProfile.Exceptions.javascript-optimizer recorded 1 samples, mean = 0.0 (flags = 0x41)
0  -O                                                                        (1 = 100.0%)
1  ... 

Histogram: ContentSettings.RegularProfile.Exceptions.keyboard-lock recorded 1 samples, mean = 0.0 (flags = 0x41)
0  -O                                                                        (1 = 100.0%)
1  ... 

Histogram: ContentSettings.RegularProfile.Exceptions.legacy-cookie-access recorded 1 samples, mean = 0.0 (flags = 0x41)
0  -O                                                                        (1 = 100.0%)
1  ... 

Histogram: ContentSettings.RegularProfile.Exceptions.local-fonts recorded 1 samples, mean = 0.0 (flags = 0x41)
0  -O                                                                        (1 = 100.0%)
1  ... 

Histogram: ContentSettings.RegularProfile.Exceptions.media-engagement recorded 1 samples, mean = 1.0 (flags = 0x41)
0  O                                                                         (0 = 0.0%)
1  -O                                                                        (1 = 100.0%) {0.0%}
2  ... 

Histogram: ContentSettings.RegularProfile.Exceptions.media-stream-camera recorded 1 samples, mean = 0.0 (flags = 0x41)
0  -O                                                                        (1 = 100.0%)
1  ... 

Histogram: ContentSettings.RegularProfile.Exceptions.media-stream-mic recorded 1 samples, mean = 0.0 (flags = 0x41)
0  -O                                                                        (1 = 100.0%)
1  ... 

Histogram: ContentSettings.RegularProfile.Exceptions.midi-sysex recorded 1 samples, mean = 0.0 (flags = 0x41)
0  -O                                                                        (1 = 100.0%)
1  ... 

Histogram: ContentSettings.RegularProfile.Exceptions.mixed-script recorded 1 samples, mean = 0.0 (flags = 0x41)
0  -O                                                                        (1 = 100.0%)
1  ... 

Histogram: ContentSettings.RegularProfile.Exceptions.nfc-devices recorded 1 samples, mean = 0.0 (flags = 0x41)
0  -O                                                                        (1 = 100.0%)
1  ... 

Histogram: ContentSettings.RegularProfile.Exceptions.notification-interactions recorded 1 samples, mean = 0.0 (flags = 0x41)
0  -O                                                                        (1 = 100.0%)
1  ... 

Histogram: ContentSettings.RegularProfile.Exceptions.notification-permission-review recorded 1 samples, mean = 0.0 (flags = 0x41)
0  -O                                                                        (1 = 100.0%)
1  ... 

Histogram: ContentSettings.RegularProfile.Exceptions.notifications recorded 1 samples, mean = 0.0 (flags = 0x41)
0  -O                                                                        (1 = 100.0%)
1  ... 

Histogram: ContentSettings.RegularProfile.Exceptions.password-protection recorded 1 samples, mean = 0.0 (flags = 0x41)
0  -O                                                                        (1 = 100.0%)
1  ... 

Histogram: ContentSettings.RegularProfile.Exceptions.payment-handler recorded 1 samples, mean = 0.0 (flags = 0x41)
0  -O                                                                        (1 = 100.0%)
1  ... 

Histogram: ContentSettings.RegularProfile.Exceptions.permission-autoblocking-data recorded 1 samples, mean = 0.0 (flags = 0x41)
0  -O                                                                        (1 = 100.0%)
1  ... 

Histogram: ContentSettings.RegularProfile.Exceptions.permission-autorevocation-data recorded 1 samples, mean = 0.0 (flags = 0x41)
0  -O                                                                        (1 = 100.0%)
1  ... 

Histogram: ContentSettings.RegularProfile.Exceptions.pointer-lock recorded 1 samples, mean = 0.0 (flags = 0x41)
0  -O                                                                        (1 = 100.0%)
1  ... 

Histogram: ContentSettings.RegularProfile.Exceptions.popups recorded 1 samples, mean = 0.0 (flags = 0x41)
0  -O                                                                        (1 = 100.0%)
1  ... 

Histogram: ContentSettings.RegularProfile.Exceptions.popups.Allow recorded 1 samples, mean = 0.0 (flags = 0x41)
0  -O                                                                        (1 = 100.0%)
1  ... 

Histogram: ContentSettings.RegularProfile.Exceptions.popups.Block recorded 1 samples, mean = 0.0 (flags = 0x41)
0  -O                                                                        (1 = 100.0%)
1  ... 

Histogram: ContentSettings.RegularProfile.Exceptions.private-network-chooser-data recorded 1 samples, mean = 0.0 (flags = 0x41)
0  -O                                                                        (1 = 100.0%)
1  ... 

Histogram: ContentSettings.RegularProfile.Exceptions.private-network-guard recorded 1 samples, mean = 0.0 (flags = 0x41)
0  -O                                                                        (1 = 100.0%)
1  ... 

Histogram: ContentSettings.RegularProfile.Exceptions.protected-media-identifier recorded 1 samples, mean = 0.0 (flags = 0x41)
0  -O                                                                        (1 = 100.0%)
1  ... 

Histogram: ContentSettings.RegularProfile.Exceptions.protocol-handler recorded 1 samples, mean = 0.0 (flags = 0x41)
0  -O                                                                        (1 = 100.0%)
1  ... 

Histogram: ContentSettings.RegularProfile.Exceptions.reduced-accept-language recorded 1 samples, mean = 0.0 (flags = 0x41)
0  -O                                                                        (1 = 100.0%)
1  ... 

Histogram: ContentSettings.RegularProfile.Exceptions.safe-browsing-url-check-data recorded 1 samples, mean = 0.0 (flags = 0x41)
0  -O                                                                        (1 = 100.0%)
1  ... 

Histogram: ContentSettings.RegularProfile.Exceptions.sensors recorded 1 samples, mean = 0.0 (flags = 0x41)
0  -O                                                                        (1 = 100.0%)
1  ... 

Histogram: ContentSettings.RegularProfile.Exceptions.serial-chooser-data recorded 1 samples, mean = 0.0 (flags = 0x41)
0  -O                                                                        (1 = 100.0%)
1  ... 

Histogram: ContentSettings.RegularProfile.Exceptions.serial-guard recorded 1 samples, mean = 0.0 (flags = 0x41)
0  -O                                                                        (1 = 100.0%)
1  ... 

Histogram: ContentSettings.RegularProfile.Exceptions.site-engagement recorded 1 samples, mean = 1.0 (flags = 0x41)
0  O                                                                         (0 = 0.0%)
1  -O                                                                        (1 = 100.0%) {0.0%}
2  ... 

Histogram: ContentSettings.RegularProfile.Exceptions.sound recorded 1 samples, mean = 0.0 (flags = 0x41)
0  -O                                                                        (1 = 100.0%)
1  ... 

Histogram: ContentSettings.RegularProfile.Exceptions.speaker-selection recorded 1 samples, mean = 0.0 (flags = 0x41)
0  -O                                                                        (1 = 100.0%)
1  ... 

Histogram: ContentSettings.RegularProfile.Exceptions.ssl-cert-decisions recorded 1 samples, mean = 0.0 (flags = 0x41)
0  -O                                                                        (1 = 100.0%)
1  ... 

Histogram: ContentSettings.RegularProfile.Exceptions.storage-access recorded 1 samples, mean = 0.0 (flags = 0x41)
0  -O                                                                        (1 = 100.0%)
1  ... 

Histogram: ContentSettings.RegularProfile.Exceptions.storage-access-header-origin-trial recorded 1 samples, mean = 0.0 (flags = 0x41)
0  -O                                                                        (1 = 100.0%)
1  ... 

Histogram: ContentSettings.RegularProfile.Exceptions.storage-access.Allow recorded 1 samples, mean = 0.0 (flags = 0x41)
0  -O                                                                        (1 = 100.0%)
1  ... 

Histogram: ContentSettings.RegularProfile.Exceptions.storage-access.Ask recorded 1 samples, mean = 0.0 (flags = 0x41)
0  -O                                                                        (1 = 100.0%)
1  ... 

Histogram: ContentSettings.RegularProfile.Exceptions.storage-access.Block recorded 1 samples, mean = 0.0 (flags = 0x41)
0  -O                                                                        (1 = 100.0%)
1  ... 

Histogram: ContentSettings.RegularProfile.Exceptions.storage-access.MaxRequester recorded 1 samples, mean = 0.0 (flags = 0x41)
0  -O                                                                        (1 = 100.0%)
1  ... 

Histogram: ContentSettings.RegularProfile.Exceptions.storage-access.MaxTopLevel recorded 1 samples, mean = 0.0 (flags = 0x41)
0  -O                                                                        (1 = 100.0%)
1  ... 

Histogram: ContentSettings.RegularProfile.Exceptions.subresource-filter recorded 1 samples, mean = 0.0 (flags = 0x41)
0  -O                                                                        (1 = 100.0%)
1  ... 

Histogram: ContentSettings.RegularProfile.Exceptions.subresource-filter-data recorded 1 samples, mean = 0.0 (flags = 0x41)
0  -O                                                                        (1 = 100.0%)
1  ... 

Histogram: ContentSettings.RegularProfile.Exceptions.subresource-filter.Allow recorded 1 samples, mean = 0.0 (flags = 0x41)
0  -O                                                                        (1 = 100.0%)
1  ... 

Histogram: ContentSettings.RegularProfile.Exceptions.subresource-filter.Block recorded 1 samples, mean = 0.0 (flags = 0x41)
0  -O                                                                        (1 = 100.0%)
1  ... 

Histogram: ContentSettings.RegularProfile.Exceptions.third-party-storage-partitioning recorded 1 samples, mean = 0.0 (flags = 0x41)
0  -O                                                                        (1 = 100.0%)
1  ... 

Histogram: ContentSettings.RegularProfile.Exceptions.top-level-3pcd-origin-trial recorded 1 samples, mean = 0.0 (flags = 0x41)
0  -O                                                                        (1 = 100.0%)
1  ... 

Histogram: ContentSettings.RegularProfile.Exceptions.top-level-3pcd-support recorded 1 samples, mean = 0.0 (flags = 0x41)
0  -O                                                                        (1 = 100.0%)
1  ... 

Histogram: ContentSettings.RegularProfile.Exceptions.top-level-storage-access recorded 1 samples, mean = 0.0 (flags = 0x41)
0  -O                                                                        (1 = 100.0%)
1  ... 

Histogram: ContentSettings.RegularProfile.Exceptions.tracking-protection recorded 1 samples, mean = 0.0 (flags = 0x41)
0  -O                                                                        (1 = 100.0%)
1  ... 

Histogram: ContentSettings.RegularProfile.Exceptions.tracking-protection.Allow recorded 1 samples, mean = 0.0 (flags = 0x41)
0  -O                                                                        (1 = 100.0%)
1  ... 

Histogram: ContentSettings.RegularProfile.Exceptions.tracking-protection.Block recorded 1 samples, mean = 0.0 (flags = 0x41)
0  -O                                                                        (1 = 100.0%)
1  ... 

Histogram: ContentSettings.RegularProfile.Exceptions.unused-site-permissions recorded 1 samples, mean = 0.0 (flags = 0x41)
0  -O                                                                        (1 = 100.0%)
1  ... 

Histogram: ContentSettings.RegularProfile.Exceptions.usb-chooser-data recorded 1 samples, mean = 0.0 (flags = 0x41)
0  -O                                                                        (1 = 100.0%)
1  ... 

Histogram: ContentSettings.RegularProfile.Exceptions.usb-guard recorded 1 samples, mean = 0.0 (flags = 0x41)
0  -O                                                                        (1 = 100.0%)
1  ... 

Histogram: ContentSettings.RegularProfile.Exceptions.vr recorded 1 samples, mean = 0.0 (flags = 0x41)
0  -O                                                                        (1 = 100.0%)
1  ... 

Histogram: ContentSettings.RegularProfile.Exceptions.webid-api recorded 1 samples, mean = 0.0 (flags = 0x41)
0  -O                                                                        (1 = 100.0%)
1  ... 

Histogram: ContentSettings.RegularProfile.Exceptions.webid-auto-reauthn recorded 1 samples, mean = 0.0 (flags = 0x41)
0  -O                                                                        (1 = 100.0%)
1  ... 

Histogram: ContentSettings.RegularProfile.Exceptions.window-placement recorded 1 samples, mean = 0.0 (flags = 0x41)
0  -O                                                                        (1 = 100.0%)
1  ... 

Histogram: Conversions.DelayOnAttestationsLoaded recorded 1 samples, mean = 300130.0 (flags = 0x41)
0       ... 
300000  -O                                                                        (1 = 100.0%) {0.0%}

Histogram: Cookie.CookiePrefix recorded 1 samples, mean = 0.0 (flags = 0x41)
0  -O                                                                        (1 = 100.0%)
1  ... 

Histogram: Cookie.CookieSchemeRequestScheme recorded 73 samples, mean = 2.0 (flags = 0x41)
0  ... 
2  ------------------------------------------------------------------------O (73 = 100.0%) {0.0%}
3  ... 

Histogram: Cookie.CookieSourceScheme recorded 1 samples, mean = 0.0 (flags = 0x41)
0  -O                                                                        (1 = 100.0%)
1  ... 

Histogram: Cookie.CookieSourceSchemeName recorded 1 samples, mean = 14.0 (flags = 0x41)
0   ... 
14  -O                                                                        (1 = 100.0%) {0.0%}
15  ... 

Histogram: Cookie.CrossSiteRedirectType.Read recorded 116 samples, mean = 1.0 (flags = 0x41)
0  O                                                                         (0 = 0.0%)
1  ------------------------------------------------------------------------O (116 = 100.0%) {0.0%}
2  ... 

Histogram: Cookie.CrossSiteRedirectType.Write recorded 1 samples, mean = 1.0 (flags = 0x41)
0  O                                                                         (0 = 0.0%)
1  -O                                                                        (1 = 100.0%) {0.0%}
2  ... 

Histogram: Cookie.DaysSinceRefreshForRetrieval recorded 3 samples, mean = 0.0 (flags = 0x41)
0  ---O                                                                      (3 = 100.0%)
1  ... 

Histogram: Cookie.DomainHasNonASCII recorded 1 samples, mean = 0.0 (flags = 0x41)
0  -O                                                                        (1 = 100.0%)
1  ... 

Histogram: Cookie.DomainSet recorded 1 samples, mean = 1.0 (flags = 0x41)
0  O                                                                         (0 = 0.0%)
1  -O                                                                        (1 = 100.0%) {0.0%}
2  O                                                                         (0 = 0.0%) {100.0%}

Histogram: Cookie.DoubleUnderscorePrefixedName recorded 1 samples, mean = 0.0 (flags = 0x41)
0  -O                                                                        (1 = 100.0%)
1  ... 

Histogram: Cookie.FirstPartyPartitioned.HasCrossSiteAncestor recorded 39 samples, mean = 0.0 (flags = 0x41)
0  ---------------------------------------O                                  (39 = 100.0%)
1  ... 

Histogram: Cookie.FirstPartySets.Browser.DelayedQueriesCount recorded 1 samples, mean = 2.0 (flags = 0x41)
0  ... 
2  -O                                                                        (1 = 100.0%) {0.0%}
3  ... 

Histogram: Cookie.FirstPartySets.Browser.MostDelayedQueryDelta recorded 1 samples, mean = 39.0 (flags = 0x41)
0   ... 
34  -O                                                                        (1 = 100.0%) {0.0%}
40  ... 

Histogram: Cookie.FirstPartySets.ComponentSetsNonfatalErrors recorded 1 samples, mean = 0.0 (flags = 0x41)
0  -O                                                                        (1 = 100.0%)
1  ... 

Histogram: Cookie.FirstPartySets.ComponentSetsParsedSuccessfully recorded 1 samples, mean = 0.0 (flags = 0x41)
0  -O                                                                        (1 = 100.0%)
1  ... 

Histogram: Cookie.FirstPartySets.ContextDelayedQueriesCount recorded 1 samples, mean = 0.0 (flags = 0x41)
0  -O                                                                        (1 = 100.0%)
1  ... 

Histogram: Cookie.FirstPartySets.ContextMostDelayedQueryDelta recorded 1 samples, mean = 0.0 (flags = 0x41)
0  -O                                                                        (1 = 100.0%)
1  ... 

Histogram: Cookie.FirstPartySets.EnqueueingDelay.ContextConfig2 recorded 1 samples, mean = 15.0 (flags = 0x41)
0   ... 
14  -O                                                                        (1 = 100.0%) {0.0%}
17  ... 

Histogram: Cookie.FirstPartySets.InitializationDuration.ContextReadyToServeQueries2 recorded 1 samples, mean = 6215.0 (flags = 0x41)
0     ... 
5961  -O                                                                        (1 = 100.0%) {0.0%}
7083  ... 

Histogram: Cookie.FirstPartySets.InitializationDuration.ReadCommandLineSet2 recorded 1 samples, mean = 39.0 (flags = 0x41)
0   ... 
34  -O                                                                        (1 = 100.0%) {0.0%}
40  ... 

Histogram: Cookie.FirstPartySets.InitializationDuration.ReadComponentSets2 recorded 1 samples, mean = 0.0 (flags = 0x41)
0  -O                                                                        (1 = 100.0%)
1  ... 

Histogram: Cookie.FirstPartySets.InitializationDuration.ReadyToServeQueries2 recorded 1 samples, mean = 0.0 (flags = 0x41)
0  -O                                                                        (1 = 100.0%)
1  ... 

Histogram: Cookie.FirstPartySets.Network.DelayedQueriesCount recorded 1 samples, mean = 0.0 (flags = 0x41)
0  -O                                                                        (1 = 100.0%)
1  ... 

Histogram: Cookie.FirstPartySets.Network.MostDelayedQueryDelta recorded 1 samples, mean = 0.0 (flags = 0x41)
0  -O                                                                        (1 = 100.0%)
1  ... 

Histogram: Cookie.FirstPartySets.ProcessedEntireComponent recorded 1 samples, mean = 1.0 (flags = 0x41)
0  O                                                                         (0 = 0.0%)
1  -O                                                                        (1 = 100.0%) {0.0%}
2  O                                                                         (0 = 0.0%) {100.0%}

Histogram: Cookie.FromStorageWithValidLength recorded 59 samples, mean = 1.0 (flags = 0x41)
0  O                                                                         (0 = 0.0%)
1  -----------------------------------------------------------O              (59 = 100.0%) {0.0%}
2  O                                                                         (0 = 0.0%) {100.0%}

Histogram: Cookie.HasNonASCII.Name recorded 1 samples, mean = 0.0 (flags = 0x41)
0  -O                                                                        (1 = 100.0%)
1  ... 

Histogram: Cookie.HasNonASCII.Value recorded 1 samples, mean = 0.0 (flags = 0x41)
0  -O                                                                        (1 = 100.0%)
1  ... 

Histogram: Cookie.IncludedRequestEffectiveSameSite recorded 117 samples, mean = 0.0 (flags = 0x41)
0  ------------------------------------------------------------------------O (117 = 100.0%)
1  ... 

Histogram: Cookie.IncludedResponseEffectiveSameSite recorded 1 samples, mean = 0.0 (flags = 0x41)
0  -O                                                                        (1 = 100.0%)
1  ... 

Histogram: Cookie.NameOrValueHtab recorded 1 samples, mean = 0.0 (flags = 0x41)
0  -O                                                                        (1 = 100.0%)
1  ... 

Histogram: Cookie.OnCookiesAccessed.BatchSize recorded 5 samples, mean = 1.0 (flags = 0x41)
0  O                                                                         (0 = 0.0%)
1  -----O                                                                    (5 = 100.0%) {0.0%}
2  ... 

Histogram: Cookie.OnCookiesAccessed.TotalAccesses recorded 5 samples, mean = 1.8 (flags = 0x41)
0  O                                                                         (0 = 0.0%)
1  -O                                                                        (1 = 20.0%) {0.0%}
2  ----O                                                                     (4 = 80.0%) {20.0%}
3  ... 

Histogram: Cookie.PartitionedCookiesInRequest recorded 37 samples, mean = 1.0 (flags = 0x41)
0  -O                                                                        (1 = 2.7%)
1  ------------------------------------O                                     (36 = 97.3%) {2.7%}
2  ... 

Histogram: Cookie.Port.Read.RemoteHost recorded 117 samples, mean = 7.0 (flags = 0x41)
0  ... 
7  ------------------------------------------------------------------------O (117 = 100.0%) {0.0%}
8  ... 

Histogram: Cookie.Port.ReadDiffersFromSet.DomainSet recorded 117 samples, mean = 4.0 (flags = 0x41)
0  ... 
4  ------------------------------------------------------------------------O (117 = 100.0%) {0.0%}
5  O                                                                         (0 = 0.0%) {100.0%}

Histogram: Cookie.Port.ReadDiffersFromSet.RemoteHost recorded 117 samples, mean = 4.0 (flags = 0x41)
0  ... 
4  ------------------------------------------------------------------------O (117 = 100.0%) {0.0%}
5  O                                                                         (0 = 0.0%) {100.0%}

Histogram: Cookie.Port.Set.RemoteHost recorded 1 samples, mean = 7.0 (flags = 0x41)
0  ... 
7  -O                                                                        (1 = 100.0%) {0.0%}
8  ... 

Histogram: Cookie.RequestSameSiteContext recorded 119 samples, mean = 2.9 (flags = 0x41)
0  ---O                                                                      (4 = 3.4%)
1  ... 
3  ------------------------------------------------------------------------O (115 = 96.6%) {3.4%}
4  O                                                                         (0 = 0.0%) {100.0%}

Histogram: Cookie.SameSiteAttributeValue recorded 1 samples, mean = 5.0 (flags = 0x41)
0  ... 
5  -O                                                                        (1 = 100.0%) {0.0%}
6  ... 

Histogram: Cookie.SameSiteNoneSizeBytes recorded 1 samples, mean = 40.0 (flags = 0x41)
0   ... 
40  -O                                                                        (1 = 100.0%) {0.0%}
48  ... 

Histogram: Cookie.SameSiteNoneSizeBytes.Unpartitioned recorded 1 samples, mean = 40.0 (flags = 0x41)
0   ... 
40  -O                                                                        (1 = 100.0%) {0.0%}
48  ... 

Histogram: Cookie.SourceType recorded 4 samples, mean = 1.0 (flags = 0x41)
0  O                                                                         (0 = 0.0%)
1  ----O                                                                     (4 = 100.0%) {0.0%}
2  ... 

Histogram: Cookie.TimeBlockedOnLoad recorded 2 samples, mean = 164.5 (flags = 0x41)
0    O                                                                         (0 = 0.0%)
1    -O                                                                        (1 = 50.0%) {0.0%}
2    ... 
278  -O                                                                        (1 = 50.0%) {50.0%}
345  ... 

Histogram: Cookie.TimeInitializeDB recorded 2 samples, mean = 0.5 (flags = 0x41)
0  -O                                                                        (1 = 50.0%)
1  -O                                                                        (1 = 50.0%) {50.0%}
2  ... 

Histogram: Cookie.TimeOpsBlockedDueToGlobalOp recorded 2 samples, mean = 0.5 (flags = 0x41)
0  -O                                                                        (1 = 50.0%)
1  -O                                                                        (1 = 50.0%) {50.0%}
2  ... 

Histogram: Cookie.Type2 recorded 4 samples, mean = 11.5 (flags = 0x41)
0   ... 
4   -O                                                                        (1 = 25.0%) {0.0%}
5   ... 
14  ---O                                                                      (3 = 75.0%) {25.0%}
15  ... 

Histogram: Crypto.TPMDuration.MessageSigningECDSA recorded 1 samples, mean = 90.0 (flags = 0x41)
0   ... 
84  -O                                                                        (1 = 100.0%) {0.0%}
107 ... 

Histogram: Crypto.TPMDuration.NewKeyCreationECDSA recorded 1 samples, mean = 410.0 (flags = 0x41)
0    ... 
356  -O                                                                        (1 = 100.0%) {0.0%}
452  ... 

Histogram: Crypto.TPMDuration.WrappedKeyCreationECDSA recorded 1 samples, mean = 46.0 (flags = 0x41)
0   ... 
41  -O                                                                        (1 = 100.0%) {0.0%}
52  ... 

Histogram: Crypto.TPMOperation.MessageSigningECDSA recorded 1 samples, mean = 1.0 (flags = 0x41)
0  O                                                                         (0 = 0.0%)
1  -O                                                                        (1 = 100.0%) {0.0%}
2  O                                                                         (0 = 0.0%) {100.0%}

Histogram: Crypto.TPMOperation.MessageVerifyECDSA recorded 1 samples, mean = 1.0 (flags = 0x41)
0  O                                                                         (0 = 0.0%)
1  -O                                                                        (1 = 100.0%) {0.0%}
2  O                                                                         (0 = 0.0%) {100.0%}

Histogram: Crypto.TPMOperation.NewKeyCreationECDSA recorded 1 samples, mean = 1.0 (flags = 0x41)
0  O                                                                         (0 = 0.0%)
1  -O                                                                        (1 = 100.0%) {0.0%}
2  O                                                                         (0 = 0.0%) {100.0%}

Histogram: Crypto.TPMOperation.Virtual.NewKeyCreationECDSA recorded 1 samples, mean = 0.0 (flags = 0x41)
0  -O                                                                        (1 = 100.0%)
1  ... 

Histogram: Crypto.TPMOperation.WrappedKeyCreationECDSA recorded 1 samples, mean = 1.0 (flags = 0x41)
0  O                                                                         (0 = 0.0%)
1  -O                                                                        (1 = 100.0%) {0.0%}
2  O                                                                         (0 = 0.0%) {100.0%}

Histogram: Crypto.TPMSupport2 recorded 1 samples, mean = 2.0 (flags = 0x41)
0  ... 
2  -O                                                                        (1 = 100.0%) {0.0%}
3  O                                                                         (0 = 0.0%) {100.0%}

Histogram: Crypto.TPMSupportType recorded 1 samples, mean = 1.0 (flags = 0x41)
0  O                                                                         (0 = 0.0%)
1  -O                                                                        (1 = 100.0%) {0.0%}
2  ... 

Histogram: Crypto.TpmError.VirtualCreateKey recorded 1 samples (flags = 0x41)
-2146893767-O                                                                        (1 = 100.0%)

Histogram: Crypto.VirtualKeySupport recorded 1 samples, mean = 2.0 (flags = 0x41)
0  ... 
2  -O                                                                        (1 = 100.0%) {0.0%}
3  O                                                                         (0 = 0.0%) {100.0%}

Histogram: DOMStorage.CommitMeasuredDelay recorded 4 samples, mean = 3727.0 (flags = 0x41)
0     ... 
4     -O                                                                        (1 = 25.0%) {0.0%}
5     ... 
4249  -O                                                                        (1 = 25.0%) {25.0%}
4904  --O                                                                       (2 = 50.0%) {50.0%}
5660  ... 

Histogram: DOMStorage.CommitSizeBytes recorded 2 samples, mean = 4512.5 (flags = 0x41)
0     ... 
4081  --O                                                                       (2 = 100.0%) {0.0%}
4601  ... 

Histogram: DataUse.BytesReceived3.Delegate recorded 37 samples, mean = 4147.9 (flags = 0x41)
0      ... 
64     -O                                                                        (1 = 2.7%) {0.0%}
83     ... 
297    -O                                                                        (1 = 2.7%) {2.7%}
383    -O                                                                        (1 = 2.7%) {5.4%}
494    --O                                                                       (2 = 5.4%) {8.1%}
637    -O                                                                        (1 = 2.7%) {13.5%}
821    O                                                                         (0 = 0.0%) {16.2%}
1059   --------------------------O                                               (26 = 70.3%) {16.2%}
1366   ... 
2928   ---O                                                                      (3 = 8.1%) {86.5%}
3776   ... 
17362  -O                                                                        (1 = 2.7%) {94.6%}
22388  ... 
79817  -O                                                                        (1 = 2.7%) {97.3%}
102923 ... 

Histogram: DataUse.BytesSent3.Delegate recorded 37 samples, mean = 991.3 (flags = 0x41)
0     ... 
21    -O                                                                        (1 = 2.7%) {0.0%}
28    ... 
196   -O                                                                        (1 = 2.7%) {2.7%}
258   ... 
448   ---O                                                                      (3 = 8.1%) {5.4%}
590   -O                                                                        (1 = 2.7%) {13.5%}
777   ----O                                                                     (4 = 10.8%) {16.2%}
1023  -------------------------O                                                (25 = 67.6%) {27.0%}
1347  --O                                                                       (2 = 5.4%) {94.6%}
1774  ... 

Histogram: DefaultBrowser.State recorded 1 samples, mean = 0.0 (flags = 0x41)
0  -O                                                                        (1 = 100.0%)
1  ... 

Histogram: DiskCache.0.Error recorded 1 samples, mean = 0.0 (flags = 0x41)
0  -O                                                                        (1 = 100.0%)
1  ... 

Histogram: DiskCache.0.TotalIOTimeRead recorded 98 samples, mean = 0.6 (flags = 0x41)
0  -----------------------------------------------------------------O        (65 = 66.3%)
1  -----------------O                                                        (17 = 17.3%) {66.3%}
2  -----------O                                                              (11 = 11.2%) {83.7%}
3  -----O                                                                    (5 = 5.1%) {94.9%}
4  ... 

Histogram: DiskCache.0.TotalIOTimeWrite recorded 16 samples, mean = 0.0 (flags = 0x41)
0  ----------------O                                                         (16 = 100.0%)
1  ... 

Histogram: Download.Database.IsAvailable recorded 1 samples, mean = 1.0 (flags = 0x41)
0  O                                                                         (0 = 0.0%)
1  -O                                                                        (1 = 100.0%) {0.0%}
2  O                                                                         (0 = 0.0%) {100.0%}

Histogram: Download.Service.Db.Operation.Success recorded 1 samples, mean = 0.0 (flags = 0x41)
0  -O                                                                        (1 = 100.0%)
1  ... 

Histogram: Download.Service.Db.Records recorded 1 samples, mean = 0.0 (flags = 0x41)
0  -O                                                                        (1 = 100.0%)
1  ... 

Histogram: Download.Service.Db.Records.Active recorded 1 samples, mean = 0.0 (flags = 0x41)
0  -O                                                                        (1 = 100.0%)
1  ... 

Histogram: Download.Service.Db.Records.Available recorded 1 samples, mean = 0.0 (flags = 0x41)
0  -O                                                                        (1 = 100.0%)
1  ... 

Histogram: Download.Service.Db.Records.Complete recorded 1 samples, mean = 0.0 (flags = 0x41)
0  -O                                                                        (1 = 100.0%)
1  ... 

Histogram: Download.Service.Db.Records.New recorded 1 samples, mean = 0.0 (flags = 0x41)
0  -O                                                                        (1 = 100.0%)
1  ... 

Histogram: Download.Service.Db.Records.Paused recorded 1 samples, mean = 0.0 (flags = 0x41)
0  -O                                                                        (1 = 100.0%)
1  ... 

Histogram: Download.Service.Files.CleanUp.External recorded 3 samples, mean = 0.0 (flags = 0x41)
0  ---O                                                                      (3 = 100.0%)
1  ... 

Histogram: Download.Service.Files.CleanUp.External.Orphaned recorded 1 samples, mean = 0.0 (flags = 0x41)
0  -O                                                                        (1 = 100.0%)
1  ... 

Histogram: Download.Service.Files.CleanUp.External.Timeout recorded 1 samples, mean = 0.0 (flags = 0x41)
0  -O                                                                        (1 = 100.0%)
1  ... 

Histogram: Download.Service.Files.CleanUp.External.Unknown recorded 1 samples, mean = 0.0 (flags = 0x41)
0  -O                                                                        (1 = 100.0%)
1  ... 

Histogram: Download.Service.Files.CleanUp.Failure recorded 3 samples, mean = 0.0 (flags = 0x41)
0  ---O                                                                      (3 = 100.0%)
1  ... 

Histogram: Download.Service.Files.CleanUp.Failure.Orphaned recorded 1 samples, mean = 0.0 (flags = 0x41)
0  -O                                                                        (1 = 100.0%)
1  ... 

Histogram: Download.Service.Files.CleanUp.Failure.Timeout recorded 1 samples, mean = 0.0 (flags = 0x41)
0  -O                                                                        (1 = 100.0%)
1  ... 

Histogram: Download.Service.Files.CleanUp.Failure.Unknown recorded 1 samples, mean = 0.0 (flags = 0x41)
0  -O                                                                        (1 = 100.0%)
1  ... 

Histogram: Download.Service.Files.CleanUp.Success recorded 3 samples, mean = 0.0 (flags = 0x41)
0  ---O                                                                      (3 = 100.0%)
1  ... 

Histogram: Download.Service.Files.CleanUp.Success.Orphaned recorded 1 samples, mean = 0.0 (flags = 0x41)
0  -O                                                                        (1 = 100.0%)
1  ... 

Histogram: Download.Service.Files.CleanUp.Success.Timeout recorded 1 samples, mean = 0.0 (flags = 0x41)
0  -O                                                                        (1 = 100.0%)
1  ... 

Histogram: Download.Service.Files.CleanUp.Success.Unknown recorded 1 samples, mean = 0.0 (flags = 0x41)
0  -O                                                                        (1 = 100.0%)
1  ... 

Histogram: Download.Service.StartUpStatus.Initialization recorded 1 samples, mean = 0.0 (flags = 0x41)
0  -O                                                                        (1 = 100.0%)
1  ... 

Histogram: Enterprise.TimeToFirstPolicyLoad.Profile.Unmanaged recorded 1 samples, mean = 0.0 (flags = 0x41)
0  -O                                                                        (1 = 100.0%)
1  ... 

Histogram: EnterpriseCheck.AzureADJoinStatusCheckTime recorded 1 samples, mean = 7.0 (flags = 0x41)
0  ... 
7  -O                                                                        (1 = 100.0%) {0.0%}
8  ... 

Histogram: Event.GestureCreated recorded 1 samples, mean = 12.0 (flags = 0x41)
0   ... 
12  -O                                                                        (1 = 100.0%) {0.0%}
13  ... 

Histogram: Extension.Toolbar.BrowserActionsCount2 recorded 1 samples, mean = 0.0 (flags = 0x41)
0  -O                                                                        (1 = 100.0%)
1  ... 

Histogram: ExtensionToolbarModel.BrowserActionsCount recorded 1 samples, mean = 0.0 (flags = 0x41)
0  -O                                                                        (1 = 100.0%)
1  ... 

Histogram: Extensions.AppLocation2 recorded 1 samples, mean = 5.0 (flags = 0x41)
0  ... 
5  -O                                                                        (1 = 100.0%) {0.0%}
6  ... 

Histogram: Extensions.CorruptExtensionTotalDisables recorded 1 samples, mean = 0.0 (flags = 0x41)
0  -O                                                                        (1 = 100.0%)
1  ... 

Histogram: Extensions.CorruptExtensionTotalDisables2 recorded 1 samples, mean = 0.0 (flags = 0x41)
0  -O                                                                        (1 = 100.0%)
1  ... 

Histogram: Extensions.Database.Open.State recorded 1 samples, mean = 0.0 (flags = 0x41)
0  -O                                                                        (1 = 100.0%)
1  ... 

Histogram: Extensions.DeveloperModeEnabled recorded 2 samples, mean = 0.0 (flags = 0x41)
0  --O                                                                       (2 = 100.0%)
1  ... 

Histogram: Extensions.DidCreateScriptContext_Unspecified recorded 1 samples, mean = 0.0 (flags = 0x41)
0  -O                                                                        (1 = 100.0%)
1  ... 

Histogram: Extensions.DidCreateScriptContext_WebPage recorded 1 samples, mean = 0.0 (flags = 0x41)
0  -O                                                                        (1 = 100.0%)
1  ... 

Histogram: Extensions.Disabled recorded 1 samples, mean = 0.0 (flags = 0x41)
0  -O                                                                        (1 = 100.0%)
1  ... 

Histogram: Extensions.Disabled2 recorded 1 samples, mean = 0.0 (flags = 0x41)
0  -O                                                                        (1 = 100.0%)
1  ... 

Histogram: Extensions.DisabledForPermissions recorded 1 samples, mean = 0.0 (flags = 0x41)
0  -O                                                                        (1 = 100.0%)
1  ... 

Histogram: Extensions.DisabledForPermissions2 recorded 1 samples, mean = 0.0 (flags = 0x41)
0  -O                                                                        (1 = 100.0%)
1  ... 

Histogram: Extensions.EventlessEventPages2 recorded 1 samples, mean = 0.0 (flags = 0x41)
0  -O                                                                        (1 = 100.0%)
1  ... 

Histogram: Extensions.ExtensionLocation recorded 1 samples, mean = 5.0 (flags = 0x41)
0  ... 
5  -O                                                                        (1 = 100.0%) {0.0%}
6  ... 

Histogram: Extensions.ExtensionLocation2 recorded 1 samples, mean = 5.0 (flags = 0x41)
0  ... 
5  -O                                                                        (1 = 100.0%) {0.0%}
6  ... 

Histogram: Extensions.ExtensionsWithPageActions recorded 1 samples, mean = 0.0 (flags = 0x41)
0  -O                                                                        (1 = 100.0%)
1  ... 

Histogram: Extensions.HomepageOverrides recorded 1 samples, mean = 0.0 (flags = 0x41)
0  -O                                                                        (1 = 100.0%)
1  ... 

Histogram: Extensions.HomepageOverrides2 recorded 1 samples, mean = 0.0 (flags = 0x41)
0  -O                                                                        (1 = 100.0%)
1  ... 

Histogram: Extensions.InjectEnd_ScriptCount recorded 1 samples, mean = 0.0 (flags = 0x41)
0  -O                                                                        (1 = 100.0%)
1  ... 

Histogram: Extensions.InjectIdle_ScriptCount recorded 1 samples, mean = 0.0 (flags = 0x41)
0  -O                                                                        (1 = 100.0%)
1  ... 

Histogram: Extensions.InjectStart_CssCount recorded 1 samples, mean = 0.0 (flags = 0x41)
0  -O                                                                        (1 = 100.0%)
1  ... 

Histogram: Extensions.InjectStart_ScriptCount recorded 1 samples, mean = 0.0 (flags = 0x41)
0  -O                                                                        (1 = 100.0%)
1  ... 

Histogram: Extensions.LoadAll recorded 1 samples, mean = 2.0 (flags = 0x41)
0  ... 
2  -O                                                                        (1 = 100.0%) {0.0%}
3  ... 

Histogram: Extensions.LoadAll2 recorded 1 samples, mean = 2.0 (flags = 0x41)
0  ... 
2  -O                                                                        (1 = 100.0%) {0.0%}
3  ... 

Histogram: Extensions.LoadAllComponentTime recorded 1 samples, mean = 0.0 (flags = 0x41)
0  -O                                                                        (1 = 100.0%)
1  ... 

Histogram: Extensions.LoadAllComponentTime.User recorded 1 samples, mean = 0.0 (flags = 0x41)
0  -O                                                                        (1 = 100.0%)
1  ... 

Histogram: Extensions.LoadAllTime2 recorded 1 samples, mean = 0.0 (flags = 0x41)
0  -O                                                                        (1 = 100.0%)
1  ... 

Histogram: Extensions.LoadAllTime2.User recorded 1 samples, mean = 0.0 (flags = 0x41)
0  -O                                                                        (1 = 100.0%)
1  ... 

Histogram: Extensions.LoadApp recorded 1 samples, mean = 0.0 (flags = 0x41)
0  -O                                                                        (1 = 100.0%)
1  ... 

Histogram: Extensions.LoadApp2 recorded 1 samples, mean = 0.0 (flags = 0x41)
0  -O                                                                        (1 = 100.0%)
1  ... 

Histogram: Extensions.LoadAppExternal recorded 1 samples, mean = 0.0 (flags = 0x41)
0  -O                                                                        (1 = 100.0%)
1  ... 

Histogram: Extensions.LoadAppExternal2 recorded 1 samples, mean = 0.0 (flags = 0x41)
0  -O                                                                        (1 = 100.0%)
1  ... 

Histogram: Extensions.LoadAppUser recorded 1 samples, mean = 0.0 (flags = 0x41)
0  -O                                                                        (1 = 100.0%)
1  ... 

Histogram: Extensions.LoadAppUser2 recorded 1 samples, mean = 0.0 (flags = 0x41)
0  -O                                                                        (1 = 100.0%)
1  ... 

Histogram: Extensions.LoadBrowserAction recorded 1 samples, mean = 0.0 (flags = 0x41)
0  -O                                                                        (1 = 100.0%)
1  ... 

Histogram: Extensions.LoadBrowserAction2 recorded 1 samples, mean = 0.0 (flags = 0x41)
0  -O                                                                        (1 = 100.0%)
1  ... 

Histogram: Extensions.LoadExtension recorded 1 samples, mean = 0.0 (flags = 0x41)
0  -O                                                                        (1 = 100.0%)
1  ... 

Histogram: Extensions.LoadExtension2 recorded 1 samples, mean = 0.0 (flags = 0x41)
0  -O                                                                        (1 = 100.0%)
1  ... 

Histogram: Extensions.LoadExtensionExternal recorded 1 samples, mean = 0.0 (flags = 0x41)
0  -O                                                                        (1 = 100.0%)
1  ... 

Histogram: Extensions.LoadExtensionExternal2 recorded 1 samples, mean = 0.0 (flags = 0x41)
0  -O                                                                        (1 = 100.0%)
1  ... 

Histogram: Extensions.LoadExtensionUser2 recorded 1 samples, mean = 0.0 (flags = 0x41)
0  -O                                                                        (1 = 100.0%)
1  ... 

Histogram: Extensions.LoadHostedApp recorded 1 samples, mean = 0.0 (flags = 0x41)
0  -O                                                                        (1 = 100.0%)
1  ... 

Histogram: Extensions.LoadHostedApp2 recorded 1 samples, mean = 0.0 (flags = 0x41)
0  -O                                                                        (1 = 100.0%)
1  ... 

Histogram: Extensions.LoadNoExtensionAction recorded 1 samples, mean = 0.0 (flags = 0x41)
0  -O                                                                        (1 = 100.0%)
1  ... 

Histogram: Extensions.LoadNoExtensionAction2 recorded 1 samples, mean = 0.0 (flags = 0x41)
0  -O                                                                        (1 = 100.0%)
1  ... 

Histogram: Extensions.LoadOffStoreItems recorded 1 samples, mean = 0.0 (flags = 0x41)
0  -O                                                                        (1 = 100.0%)
1  ... 

Histogram: Extensions.LoadOffStoreItems2 recorded 1 samples, mean = 0.0 (flags = 0x41)
0  -O                                                                        (1 = 100.0%)
1  ... 

Histogram: Extensions.LoadPackagedApp recorded 1 samples, mean = 0.0 (flags = 0x41)
0  -O                                                                        (1 = 100.0%)
1  ... 

Histogram: Extensions.LoadPackagedApp2 recorded 1 samples, mean = 0.0 (flags = 0x41)
0  -O                                                                        (1 = 100.0%)
1  ... 

Histogram: Extensions.LoadPlatformApp recorded 1 samples, mean = 0.0 (flags = 0x41)
0  -O                                                                        (1 = 100.0%)
1  ... 

Histogram: Extensions.LoadPlatformApp2 recorded 1 samples, mean = 0.0 (flags = 0x41)
0  -O                                                                        (1 = 100.0%)
1  ... 

Histogram: Extensions.LoadTheme recorded 1 samples, mean = 0.0 (flags = 0x41)
0  -O                                                                        (1 = 100.0%)
1  ... 

Histogram: Extensions.LoadTheme2 recorded 1 samples, mean = 0.0 (flags = 0x41)
0  -O                                                                        (1 = 100.0%)
1  ... 

Histogram: Extensions.LoadUserScript recorded 1 samples, mean = 0.0 (flags = 0x41)
0  -O                                                                        (1 = 100.0%)
1  ... 

Histogram: Extensions.LoadUserScript2 recorded 1 samples, mean = 0.0 (flags = 0x41)
0  -O                                                                        (1 = 100.0%)
1  ... 

Histogram: Extensions.Management_Refresh recorded 1 samples, mean = 0.0 (flags = 0x41)
0  -O                                                                        (1 = 100.0%)
1  ... 

Histogram: Extensions.ManifestVersion2Count.Component recorded 1 samples, mean = 1.0 (flags = 0x41)
0  O                                                                         (0 = 0.0%)
1  -O                                                                        (1 = 100.0%) {0.0%}
2  ... 

Histogram: Extensions.ManifestVersion2Count.External recorded 1 samples, mean = 0.0 (flags = 0x41)
0  -O                                                                        (1 = 100.0%)
1  ... 

Histogram: Extensions.ManifestVersion2Count.Internal recorded 1 samples, mean = 0.0 (flags = 0x41)
0  -O                                                                        (1 = 100.0%)
1  ... 

Histogram: Extensions.ManifestVersion2Count.Policy recorded 1 samples, mean = 0.0 (flags = 0x41)
0  -O                                                                        (1 = 100.0%)
1  ... 

Histogram: Extensions.ManifestVersion2Count.Unpacked recorded 1 samples, mean = 0.0 (flags = 0x41)
0  -O                                                                        (1 = 100.0%)
1  ... 

Histogram: Extensions.ManifestVersion3Count.Component recorded 1 samples, mean = 0.0 (flags = 0x41)
0  -O                                                                        (1 = 100.0%)
1  ... 

Histogram: Extensions.ManifestVersion3Count.External recorded 1 samples, mean = 0.0 (flags = 0x41)
0  -O                                                                        (1 = 100.0%)
1  ... 

Histogram: Extensions.ManifestVersion3Count.Internal recorded 1 samples, mean = 0.0 (flags = 0x41)
0  -O                                                                        (1 = 100.0%)
1  ... 

Histogram: Extensions.ManifestVersion3Count.Policy recorded 1 samples, mean = 0.0 (flags = 0x41)
0  -O                                                                        (1 = 100.0%)
1  ... 

Histogram: Extensions.ManifestVersion3Count.Unpacked recorded 1 samples, mean = 0.0 (flags = 0x41)
0  -O                                                                        (1 = 100.0%)
1  ... 

Histogram: Extensions.ManifestVersionByLocation.Component recorded 1 samples, mean = 2.0 (flags = 0x41)
0  ... 
2  -O                                                                        (1 = 100.0%) {0.0%}
3  ... 

Histogram: Extensions.ManifestVersionPopulationSplit.Component recorded 1 samples, mean = 1.0 (flags = 0x41)
0  O                                                                         (0 = 0.0%)
1  -O                                                                        (1 = 100.0%) {0.0%}
2  ... 

Histogram: Extensions.ManifestVersionPopulationSplit.External recorded 1 samples, mean = 0.0 (flags = 0x41)
0  -O                                                                        (1 = 100.0%)
1  ... 

Histogram: Extensions.ManifestVersionPopulationSplit.Internal recorded 1 samples, mean = 0.0 (flags = 0x41)
0  -O                                                                        (1 = 100.0%)
1  ... 

Histogram: Extensions.ManifestVersionPopulationSplit.InternalAndExternal recorded 1 samples, mean = 0.0 (flags = 0x41)
0  -O                                                                        (1 = 100.0%)
1  ... 

Histogram: Extensions.ManifestVersionPopulationSplit.Unpacked recorded 1 samples, mean = 0.0 (flags = 0x41)
0  -O                                                                        (1 = 100.0%)
1  ... 

Histogram: Extensions.NewTabPageOverrides recorded 1 samples, mean = 0.0 (flags = 0x41)
0  -O                                                                        (1 = 100.0%)
1  ... 

Histogram: Extensions.NewTabPageOverrides2 recorded 1 samples, mean = 0.0 (flags = 0x41)
0  -O                                                                        (1 = 100.0%)
1  ... 

Histogram: Extensions.NonWebStoreNewTabPageOverrides recorded 1 samples, mean = 0.0 (flags = 0x41)
0  -O                                                                        (1 = 100.0%)
1  ... 

Histogram: Extensions.NonWebStoreNewTabPageOverrides2 recorded 1 samples, mean = 0.0 (flags = 0x41)
0  -O                                                                        (1 = 100.0%)
1  ... 

Histogram: Extensions.NonWebstoreLocation recorded 2 samples, mean = 5.0 (flags = 0x41)
0  ... 
5  --O                                                                       (2 = 100.0%) {0.0%}
6  ... 

Histogram: Extensions.NonWebstoreLocation2 recorded 2 samples, mean = 5.0 (flags = 0x41)
0  ... 
5  --O                                                                       (2 = 100.0%) {0.0%}
6  ... 

Histogram: Extensions.NonWebstoreLocationWithDeveloperModeOff.Enabled3 recorded 2 samples, mean = 5.0 (flags = 0x41)
0  ... 
5  --O                                                                       (2 = 100.0%) {0.0%}
6  ... 

Histogram: Extensions.NotAllowlistedDisabled recorded 1 samples, mean = 0.0 (flags = 0x41)
0  -O                                                                        (1 = 100.0%)
1  ... 

Histogram: Extensions.NotAllowlistedDisabled2 recorded 1 samples, mean = 0.0 (flags = 0x41)
0  -O                                                                        (1 = 100.0%)
1  ... 

Histogram: Extensions.NotAllowlistedEnabled recorded 1 samples, mean = 0.0 (flags = 0x41)
0  -O                                                                        (1 = 100.0%)
1  ... 

Histogram: Extensions.NotAllowlistedEnabled2 recorded 1 samples, mean = 0.0 (flags = 0x41)
0  -O                                                                        (1 = 100.0%)
1  ... 

Histogram: Extensions.ProcessManagerStartupHostsTime2 recorded 1 samples, mean = 0.0 (flags = 0x41)
0  -O                                                                        (1 = 100.0%)
1  ... 

Histogram: Extensions.SearchEngineOverrides recorded 1 samples, mean = 0.0 (flags = 0x41)
0  -O                                                                        (1 = 100.0%)
1  ... 

Histogram: Extensions.SearchEngineOverrides2 recorded 1 samples, mean = 0.0 (flags = 0x41)
0  -O                                                                        (1 = 100.0%)
1  ... 

Histogram: Extensions.StartupPagesOverrides recorded 1 samples, mean = 0.0 (flags = 0x41)
0  -O                                                                        (1 = 100.0%)
1  ... 

Histogram: Extensions.StartupPagesOverrides2 recorded 1 samples, mean = 0.0 (flags = 0x41)
0  -O                                                                        (1 = 100.0%)
1  ... 

Histogram: Extensions.WebRequestBlockingCount recorded 1 samples, mean = 0.0 (flags = 0x41)
0  -O                                                                        (1 = 100.0%)
1  ... 

Histogram: Extensions.WebRequestBlockingCount2 recorded 1 samples, mean = 0.0 (flags = 0x41)
0  -O                                                                        (1 = 100.0%)
1  ... 

Histogram: Extensions.WebRequestCount recorded 1 samples, mean = 0.0 (flags = 0x41)
0  -O                                                                        (1 = 100.0%)
1  ... 

Histogram: Extensions.WebRequestCount2 recorded 1 samples, mean = 0.0 (flags = 0x41)
0  -O                                                                        (1 = 100.0%)
1  ... 

Histogram: FetchKeepAlive.Renderer.Total.ReceivedResponse recorded 1 samples, mean = 1.0 (flags = 0x41)
0  O                                                                         (0 = 0.0%)
1  -O                                                                        (1 = 100.0%) {0.0%}
2  O                                                                         (0 = 0.0%) {100.0%}

Histogram: FetchKeepAlive.Renderer.Total.Started recorded 1 samples, mean = 1.0 (flags = 0x41)
0  O                                                                         (0 = 0.0%)
1  -O                                                                        (1 = 100.0%) {0.0%}
2  O                                                                         (0 = 0.0%) {100.0%}

Histogram: FetchKeepAlive.Requests2.Network recorded 2 samples, mean = 0.5 (flags = 0x41)
0  -O                                                                        (1 = 50.0%)
1  -O                                                                        (1 = 50.0%) {50.0%}
2  O                                                                         (0 = 0.0%) {100.0%}

Histogram: FetchKeepAlive.Requests2.SentToService.Renderer recorded 1 samples, mean = 2.0 (flags = 0x41)
0  ... 
2  -O                                                                        (1 = 100.0%) {0.0%}
3  ... 

Histogram: FetchKeepAlive.Requests2.Started.IsContextDetached.Renderer recorded 1 samples, mean = 0.0 (flags = 0x41)
0  -O                                                                        (1 = 100.0%)
1  ... 

Histogram: FetchKeepAlive.Requests2.Started.Renderer recorded 1 samples, mean = 1.0 (flags = 0x41)
0  O                                                                         (0 = 0.0%)
1  -O                                                                        (1 = 100.0%) {0.0%}
2  ... 

Histogram: FetchKeepAlive.Requests2.Succeeded.IsContextDetached.Renderer recorded 1 samples, mean = 0.0 (flags = 0x41)
0  -O                                                                        (1 = 100.0%)
1  ... 

Histogram: FetchKeepAlive.Requests2.Succeeded.Renderer recorded 1 samples, mean = 1.0 (flags = 0x41)
0  O                                                                         (0 = 0.0%)
1  -O                                                                        (1 = 100.0%) {0.0%}
2  ... 

Histogram: FetchKeepAlive.Requests2.Total.Renderer recorded 1 samples, mean = 1.0 (flags = 0x41)
0  O                                                                         (0 = 0.0%)
1  -O                                                                        (1 = 100.0%) {0.0%}
2  ... 

Histogram: FirstPartySets.Database.InitStatus recorded 1 samples, mean = 1.0 (flags = 0x41)
0  O                                                                         (0 = 0.0%)
1  -O                                                                        (1 = 100.0%) {0.0%}
2  ... 

Histogram: FirstPartySets.Database.TransactionFailed recorded 7 samples, mean = 0.0 (flags = 0x41)
0  -------O                                                                  (7 = 100.0%)
1  ... 

Histogram: FirstPartySets.Initialization.ClearSiteDataOutcome recorded 1 samples, mean = 1.0 (flags = 0x41)
0  O                                                                         (0 = 0.0%)
1  -O                                                                        (1 = 100.0%) {0.0%}
2  O                                                                         (0 = 0.0%) {100.0%}

Histogram: FirstPartySets.Initialization.SitesToClear.Count recorded 1 samples, mean = 0.0 (flags = 0x41)
0  -O                                                                        (1 = 100.0%)
1  ... 

Histogram: GPU.ANGLE.D3DShaderBlobSizeKB recorded 4 samples, mean = 0.5 (flags = 0x41)
0  ----O                                                                     (4 = 100.0%)
1000... 

Histogram: GPU.ANGLE.D3DShaderCompilationTimeUs recorded 4 samples, mean = 2658.5 (flags = 0x41)
0     ... 
1347  -O                                                                        (1 = 25.0%) {0.0%}
1774  -O                                                                        (1 = 25.0%) {25.0%}
2336  O                                                                         (0 = 0.0%) {50.0%}
3077  --O                                                                       (2 = 50.0%) {50.0%}
4053  ... 

Histogram: GPU.BlocklistFeatureTestResults.Accelerated2dCanvas recorded 1 samples, mean = 0.0 (flags = 0x41)
0  -O                                                                        (1 = 100.0%)
1  ... 

Histogram: GPU.BlocklistFeatureTestResults.GpuCompositing recorded 1 samples, mean = 0.0 (flags = 0x41)
0  -O                                                                        (1 = 100.0%)
1  ... 

Histogram: GPU.BlocklistFeatureTestResults.GpuRasterization recorded 1 samples, mean = 0.0 (flags = 0x41)
0  -O                                                                        (1 = 100.0%)
1  ... 

Histogram: GPU.BlocklistFeatureTestResults.Webgl recorded 1 samples, mean = 0.0 (flags = 0x41)
0  -O                                                                        (1 = 100.0%)
1  ... 

Histogram: GPU.BlocklistFeatureTestResults.Webgl2 recorded 1 samples, mean = 0.0 (flags = 0x41)
0  -O                                                                        (1 = 100.0%)
1  ... 

Histogram: GPU.BlocklistFeatureTestResults.Webgpu recorded 1 samples, mean = 2.0 (flags = 0x41)
0  ... 
2  -O                                                                        (1 = 100.0%) {0.0%}
3  ... 

Histogram: GPU.BlocklistTestResultsPerEntry recorded 1 samples, mean = 0.0 (flags = 0x41)
0  -O                                                                        (1 = 100.0%)
1  ... 

Histogram: GPU.CanvasOopRaster.OopRasterAndGpuAcceleration recorded 1 samples, mean = 0.0 (flags = 0x41)
0  -O                                                                        (1 = 100.0%)
1  ... 

Histogram: GPU.CompositingMode recorded 14 samples, mean = 1.0 (flags = 0x41)
0  O                                                                         (0 = 0.0%)
1  --------------O                                                           (14 = 100.0%) {0.0%}
2  ... 

Histogram: GPU.D3D12FeatureLevel recorded 1 samples, mean = 5.0 (flags = 0x41)
0  ... 
5  -O                                                                        (1 = 100.0%) {0.0%}
6  O                                                                         (0 = 0.0%) {100.0%}

Histogram: GPU.D3D12HighestShaderModel2 recorded 1 samples, mean = 9.0 (flags = 0x41)
0  ... 
9  -O                                                                        (1 = 100.0%) {0.0%}
10 O                                                                         (0 = 0.0%) {100.0%}

Histogram: GPU.DriverBugTestResultsPerEntry recorded 8 samples (flags = 0x41)
0    -O                                                                        (1 = 12.5%)
17   -O                                                                        (1 = 12.5%)
165  -O                                                                        (1 = 12.5%)
206  -O                                                                        (1 = 12.5%)
256  -O                                                                        (1 = 12.5%)
315  -O                                                                        (1 = 12.5%)
426  -O                                                                        (1 = 12.5%)
430  -O                                                                        (1 = 12.5%)

Histogram: GPU.EstablishGpuChannelSyncTime recorded 2 samples, mean = 161.0 (flags = 0x41)
0    ... 
5    -O                                                                        (1 = 50.0%) {0.0%}
6    ... 
268  -O                                                                        (1 = 50.0%) {50.0%}
318  ... 

Histogram: GPU.EstablishGpuChannelSyncTime.FirstRun recorded 2 samples, mean = 161.0 (flags = 0x41)
0    ... 
5    -O                                                                        (1 = 50.0%) {0.0%}
6    ... 
268  -O                                                                        (1 = 50.0%) {50.0%}
318  ... 

Histogram: GPU.GPUProcessLaunchTime recorded 2 samples, mean = 919.5 (flags = 0x41)
0     ... 
14    -O                                                                        (1 = 50.0%) {0.0%}
17    ... 
1782  -O                                                                        (1 = 50.0%) {50.0%}
2117  ... 

Histogram: GPU.GPUProcessTerminationStatus2 recorded 1 samples, mean = 4.0 (flags = 0x41)
0  ... 
4  -O                                                                        (1 = 100.0%) {0.0%}
5  ... 

Histogram: GPU.HardwareAccelerationModeEnabled recorded 1 samples, mean = 1.0 (flags = 0x41)
0  O                                                                         (0 = 0.0%)
1  -O                                                                        (1 = 100.0%) {0.0%}
2  O                                                                         (0 = 0.0%) {100.0%}

Histogram: GPU.ProcessLifetimeEvents.HardwareAccelerated recorded 1 samples, mean = 0.0 (flags = 0x41)
0  -O                                                                        (1 = 100.0%)
1  ... 

Histogram: GPU.RasterDecoder.TimeToFlush recorded 4 samples, mean = 262.0 (flags = 0x41)
0    ... 
114  --O                                                                       (2 = 50.0%) {0.0%}
130  ... 
320  -O                                                                        (1 = 25.0%) {50.0%}
364  O                                                                         (0 = 0.0%) {75.0%}
414  -O                                                                        (1 = 25.0%) {75.0%}
471  ... 

Histogram: GPU.SharedImage.BackingType recorded 6 samples, mean = 7.0 (flags = 0x41)
0   ... 
2   ---O                                                                      (3 = 50.0%) {0.0%}
3   ... 
12  ---O                                                                      (3 = 50.0%) {50.0%}
13  ... 

Histogram: GPU.SharedImage.ContentConsumed recorded 23 samples, mean = 0.4 (flags = 0x41)
0  -------------O                                                            (13 = 56.5%)
1  ----------O                                                               (10 = 43.5%) {56.5%}
2  O                                                                         (0 = 0.0%) {100.0%}

Histogram: GPU.SkiaBackendType recorded 1 samples, mean = 2.0 (flags = 0x41)
0  ... 
2  -O                                                                        (1 = 100.0%) {0.0%}
3  ... 

Histogram: GPU.SupportsDX12 recorded 1 samples, mean = 1.0 (flags = 0x41)
0  O                                                                         (0 = 0.0%)
1  -O                                                                        (1 = 100.0%) {0.0%}
2  O                                                                         (0 = 0.0%) {100.0%}

Histogram: GPU.WatchdogThread.Event recorded 1 samples, mean = 0.0 (flags = 0x41)
0  -O                                                                        (1 = 100.0%)
1  ... 

Histogram: GPU.WatchdogThread.Event.main recorded 1 samples, mean = 0.0 (flags = 0x41)
0  -O                                                                        (1 = 100.0%)
1  ... 

Histogram: GPU.WatchdogThread.Timeout recorded 212 samples, mean = 0.0 (flags = 0x41)
0  ------------------------------------------------------------------------O (212 = 100.0%)
1  ... 

Histogram: GPU.WatchdogThread.Timeout.Normal recorded 212 samples, mean = 0.0 (flags = 0x41)
0  ------------------------------------------------------------------------O (212 = 100.0%)
1  ... 

Histogram: GPU.WatchdogThread.Timeout.Normal.main recorded 212 samples, mean = 0.0 (flags = 0x41)
0  ------------------------------------------------------------------------O (212 = 100.0%)
1  ... 

Histogram: GPU.WatchdogThread.Timeout.main recorded 212 samples, mean = 0.0 (flags = 0x41)
0  ------------------------------------------------------------------------O (212 = 100.0%)
1  ... 

Histogram: Gaia.AuthFetcher.ListAccounts.NetErrorCodes recorded 1 samples (flags = 0x41)
0  -O                                                                        (1 = 100.0%)

Histogram: Gpu.FenceHandle.CloneCountsPerSubmit recorded 9 samples, mean = 0.0 (flags = 0x41)
0  ---------O                                                                (9 = 100.0%)
1  ... 

Histogram: Gpu.GrCompileShaderUs recorded 4 samples, mean = 376.5 (flags = 0x41)
0    ... 
149  -O                                                                        (1 = 25.0%) {0.0%}
196  O                                                                         (0 = 0.0%) {25.0%}
258  -O                                                                        (1 = 25.0%) {25.0%}
340  -O                                                                        (1 = 25.0%) {50.0%}
448  O                                                                         (0 = 0.0%) {75.0%}
590  -O                                                                        (1 = 25.0%) {75.0%}
777  ... 

Histogram: Gpu.GrLinkProgramUs recorded 2 samples, mean = 3982.0 (flags = 0x41)
0     ... 
3077  -O                                                                        (1 = 50.0%) {0.0%}
4053  -O                                                                        (1 = 50.0%) {50.0%}
5338  ... 

Histogram: Gpu.PassthroughProgramCacheLoadHitInCache recorded 2 samples, mean = 0.0 (flags = 0x41)
0  --O                                                                       (2 = 100.0%)
1  ... 

Histogram: Gpu.Rasterization.Raster.MSAASampleCountLog2 recorded 4 samples, mean = 0.0 (flags = 0x41)
0  ----O                                                                     (4 = 100.0%)
1  ... 

Histogram: HangWatcher.IsThreadHung.BrowserProcess.IOThread.Normal recorded 427 samples, mean = 0.0 (flags = 0x41)
0  ------------------------------------------------------------------------O (427 = 100.0%)
1  ... 

Histogram: HangWatcher.IsThreadHung.BrowserProcess.UIThread.Normal recorded 427 samples, mean = 0.0 (flags = 0x41)
0  ------------------------------------------------------------------------O (427 = 100.0%)
1  ... 

Histogram: HangWatcher.IsThreadHung.RendererProcess.IOThread recorded 426 samples, mean = 0.0 (flags = 0x41)
0  ------------------------------------------------------------------------O (426 = 100.0%)
1  ... 

Histogram: HangWatcher.IsThreadHung.RendererProcess.IOThread.BestEffort recorded 427 samples, mean = 0.0 (flags = 0x41)
0  ------------------------------------------------------------------------O (427 = 100.0%)
1  ... 

Histogram: HangWatcher.IsThreadHung.RendererProcess.MainThread recorded 426 samples, mean = 0.0 (flags = 0x41)
0  ------------------------------------------------------------------------O (426 = 100.0%)
1  ... 

Histogram: HangWatcher.IsThreadHung.RendererProcess.MainThread.BestEffort recorded 427 samples, mean = 0.0 (flags = 0x41)
0  ------------------------------------------------------------------------O (427 = 100.0%)
1  ... 

Histogram: HangWatcher.IsThreadHung.UtilityProcess.IOThread recorded 854 samples, mean = 0.0 (flags = 0x41)
0  ------------------------------------------------------------------------O (854 = 100.0%)
1  ... 

Histogram: HangWatcher.IsThreadHung.UtilityProcess.MainThread recorded 854 samples, mean = 0.0 (flags = 0x41)
0  ------------------------------------------------------------------------O (854 = 100.0%)
1  ... 

Histogram: HangWatcher.SleepDrift.BrowserProcess recorded 2134 samples, mean = 6.2 (flags = 0x41)
0   ------------------------------------------------------------------------O (462 = 21.6%)
1   ---------------------O                                                    (134 = 6.3%) {21.6%}
2   ------------------O                                                       (117 = 5.5%) {27.9%}
3   -----------O                                                              (73 = 3.4%) {33.4%}
4   ---------------O                                                          (97 = 4.5%) {36.8%}
5   -------------------O                                                      (121 = 5.7%) {41.4%}
6   ------------------O                                                       (114 = 5.3%) {47.0%}
7   ----------------------O                                                   (138 = 6.5%) {52.4%}
8   -----------------------------------O                                      (223 = 10.4%) {58.9%}
10  ---------------------------------------O                                  (253 = 11.9%) {69.3%}
12  -------------------------------------O                                    (239 = 11.2%) {81.2%}
14  -------------------------O                                                (159 = 7.5%) {92.4%}
17  O                                                                         (0 = 0.0%) {99.8%}
20  O                                                                         (2 = 0.1%) {99.8%}
24  O                                                                         (1 = 0.0%) {99.9%}
29  ... 
68  O                                                                         (1 = 0.0%) {100.0%}
81  ... 

Histogram: Hardware.Display.Count.OnStartup recorded 1 samples, mean = 1.0 (flags = 0x41)
0  O                                                                         (0 = 0.0%)
1  -O                                                                        (1 = 100.0%) {0.0%}
2  ... 

Histogram: Hardware.Display.SupportsHDR recorded 1 samples, mean = 0.0 (flags = 0x41)
0  -O                                                                        (1 = 100.0%)
1  ... 

Histogram: HeapProfiling.InProcess.Enabled recorded 1 samples, mean = 0.0 (flags = 0x41)
0  -O                                                                        (1 = 100.0%)
1  ... 

Histogram: HeapProfiling.InProcess.Enabled.Browser recorded 1 samples, mean = 0.0 (flags = 0x41)
0  -O                                                                        (1 = 100.0%)
1  ... 

Histogram: Histogram.TooManyBuckets.1000 recorded 4 samples (flags = 0x41)
-2140283801 --O                                                                       (2 = 50.0%)
1721222685  --O                                                                       (2 = 50.0%)

Histogram: History.Backend.TransactionCommitSuccess recorded 2 samples, mean = 1.0 (flags = 0x41)
0  O                                                                         (0 = 0.0%)
1  --O                                                                       (2 = 100.0%) {0.0%}
2  O                                                                         (0 = 0.0%) {100.0%}

Histogram: History.ClearBrowsingData.TaskQueueAtShutdown recorded 1 samples, mean = 0.0 (flags = 0x41)
0  -O                                                                        (1 = 100.0%)
1  ... 

Histogram: History.Clusters.ContextClusterer.VisitProcessingLatency.CleanUpTimer recorded 7 samples, mean = 0.0 (flags = 0x41)
0  -------O                                                                  (7 = 100.0%)
1  ... 

Histogram: History.Clusters.ContextClusterer.VisitProcessingLatency.UrlVisited recorded 4 samples, mean = 0.0 (flags = 0x41)
0  ----O                                                                     (4 = 100.0%)
1  ... 

Histogram: History.Clusters.JourneysEligibleAndEnabledAtSessionStart recorded 1 samples, mean = 1.0 (flags = 0x41)
0  O                                                                         (0 = 0.0%)
1  -O                                                                        (1 = 100.0%) {0.0%}
2  O                                                                         (0 = 0.0%) {100.0%}

Histogram: History.Clusters.KeywordCache.LoadCachesFromPrefs.Latency recorded 1 samples, mean = 0.0 (flags = 0x41)
0  -O                                                                        (1 = 100.0%)
1  ... 

Histogram: History.InMemoryDBItemCount recorded 1 samples, mean = 2.0 (flags = 0x41)
0  ... 
2  -O                                                                        (1 = 100.0%) {0.0%}
3  ... 

Histogram: History.TopSites.QueryFromHistoryTime recorded 1 samples, mean = 10.0 (flags = 0x41)
0   ... 
10  -O                                                                        (1 = 100.0%) {0.0%}
12  ... 

Histogram: History.VisitedLinks.HashTableLengthOnReaderInit recorded 3 samples, mean = 16381.0 (flags = 0x41)
0      ... 
14319  ---O                                                                      (3 = 100.0%) {0.0%}
19866  ... 

Histogram: History.VisitedLinks.HashTableSizeOnTableCreate recorded 2 samples, mean = 0.0 (flags = 0x41)
0  --O                                                                       (2 = 100.0%)
1  ... 

Histogram: History.VisitedLinks.HashTableUsageOnLinkAdded recorded 4 samples, mean = 2.2 (flags = 0x41)
0  -O                                                                        (1 = 25.0%)
1  ... 
3  ---O                                                                      (3 = 75.0%) {25.0%}
4  ... 

Histogram: History.VisitedLinks.TryToAddFingerprint recorded 5 samples, mean = 0.8 (flags = 0x41)
0  -O                                                                        (1 = 20.0%)
1  ----O                                                                     (4 = 80.0%) {20.0%}
2  ... 

Histogram: History.VisitedLinks.VisitLoggedFromMainFrame recorded 3 samples, mean = 1.0 (flags = 0x41)
0  O                                                                         (0 = 0.0%)
1  ---O                                                                      (3 = 100.0%) {0.0%}
2  O                                                                         (0 = 0.0%) {100.0%}

Histogram: History.VisitedLinks.VisitLoggedFromTransition recorded 3 samples, mean = 1.7 (flags = 0x41)
0  O                                                                         (0 = 0.0%)
1  -O                                                                        (1 = 33.3%) {0.0%}
2  --O                                                                       (2 = 66.7%) {33.3%}
3  ... 

Histogram: HttpCache.AccessToDone2 recorded 46 samples, mean = 87.4 (flags = 0x41)
0     --O                                                                       (2 = 4.3%)
1     -----O                                                                    (5 = 10.9%) {4.3%}
2     --O                                                                       (2 = 4.3%) {15.2%}
3     -O                                                                        (1 = 2.2%) {19.6%}
4     ---O                                                                      (3 = 6.5%) {21.7%}
5     -----O                                                                    (5 = 10.9%) {28.3%}
6     --O                                                                       (2 = 4.3%) {39.1%}
7     ----O                                                                     (4 = 8.7%) {43.5%}
8     -O                                                                        (1 = 2.2%) {52.2%}
9     -O                                                                        (1 = 2.2%) {54.3%}
10    ----O                                                                     (4 = 8.7%) {56.5%}
11    O                                                                         (0 = 0.0%) {65.2%}
12    ----O                                                                     (4 = 8.7%) {65.2%}
13    O                                                                         (0 = 0.0%) {73.9%}
14    -O                                                                        (1 = 2.2%) {73.9%}
15    -O                                                                        (1 = 2.2%) {76.1%}
16    ... 
71    -O                                                                        (1 = 2.2%) {78.3%}
78    ... 
177   -O                                                                        (1 = 2.2%) {80.4%}
194   O                                                                         (0 = 0.0%) {82.6%}
212   ---O                                                                      (3 = 6.5%) {82.6%}
232   O                                                                         (0 = 0.0%) {89.1%}
254   -O                                                                        (1 = 2.2%) {89.1%}
278   O                                                                         (0 = 0.0%) {91.3%}
304   -O                                                                        (1 = 2.2%) {91.3%}
333   -O                                                                        (1 = 2.2%) {93.5%}
364   ... 
522   -O                                                                        (1 = 2.2%) {95.7%}
571   ... 
1282  -O                                                                        (1 = 2.2%) {97.8%}
1403  ... 

Histogram: HttpCache.AccessToDone2.SentRequest recorded 9 samples, mean = 413.4 (flags = 0x41)
0     ... 
177   -O                                                                        (1 = 11.1%) {0.0%}
194   O                                                                         (0 = 0.0%) {11.1%}
212   ---O                                                                      (3 = 33.3%) {11.1%}
232   O                                                                         (0 = 0.0%) {44.4%}
254   -O                                                                        (1 = 11.1%) {44.4%}
278   O                                                                         (0 = 0.0%) {55.6%}
304   -O                                                                        (1 = 11.1%) {55.6%}
333   -O                                                                        (1 = 11.1%) {66.7%}
364   ... 
522   -O                                                                        (1 = 11.1%) {77.8%}
571   ... 
1282  -O                                                                        (1 = 11.1%) {88.9%}
1403  ... 

Histogram: HttpCache.AccessToDone2.Used recorded 37 samples, mean = 8.1 (flags = 0x41)
0   --O                                                                       (2 = 5.4%)
1   -----O                                                                    (5 = 13.5%) {5.4%}
2   --O                                                                       (2 = 5.4%) {18.9%}
3   -O                                                                        (1 = 2.7%) {24.3%}
4   ---O                                                                      (3 = 8.1%) {27.0%}
5   -----O                                                                    (5 = 13.5%) {35.1%}
6   --O                                                                       (2 = 5.4%) {48.6%}
7   ----O                                                                     (4 = 10.8%) {54.1%}
8   -O                                                                        (1 = 2.7%) {64.9%}
9   -O                                                                        (1 = 2.7%) {67.6%}
10  ----O                                                                     (4 = 10.8%) {70.3%}
11  O                                                                         (0 = 0.0%) {81.1%}
12  ----O                                                                     (4 = 10.8%) {81.1%}
13  O                                                                         (0 = 0.0%) {91.9%}
14  -O                                                                        (1 = 2.7%) {91.9%}
15  -O                                                                        (1 = 2.7%) {94.6%}
16  ... 
75  -O                                                                        (1 = 2.7%) {97.3%}
80  ... 

Histogram: HttpCache.AddTransactionToEntry recorded 46 samples, mean = 0.0 (flags = 0x41)
0  --------------------------------------------O                             (44 = 95.7%)
1  --O                                                                       (2 = 4.3%) {95.7%}
2  ... 

Histogram: HttpCache.BeforeSend recorded 9 samples, mean = 0.0 (flags = 0x41)
0  ---------O                                                                (9 = 100.0%)
1  ... 

Histogram: HttpCache.BeforeSend.CantConditionalize recorded 2 samples, mean = 0.0 (flags = 0x41)
0  --O                                                                       (2 = 100.0%)
1  ... 

Histogram: HttpCache.BeforeSend.NotCached recorded 4 samples, mean = 0.0 (flags = 0x41)
0  ----O                                                                     (4 = 100.0%)
1  ... 

Histogram: HttpCache.BeforeSend.Updated recorded 1 samples, mean = 0.0 (flags = 0x41)
0  -O                                                                        (1 = 100.0%)
1  ... 

Histogram: HttpCache.BeforeSend.Validated recorded 2 samples, mean = 0.0 (flags = 0x41)
0  --O                                                                       (2 = 100.0%)
1  ... 

Histogram: HttpCache.CreateDiskEntry recorded 4 samples, mean = 0.0 (flags = 0x41)
0  ----O                                                                     (4 = 100.0%)
1  ... 

Histogram: HttpCache.HardReset recorded 1 samples, mean = 0.0 (flags = 0x40)
0  -O                                                                        (1 = 100.0%)
1  ... 

Histogram: HttpCache.IsNoStore recorded 46 samples, mean = 0.1 (flags = 0x41)
0  ------------------------------------------O                               (42 = 91.3%)
1  ----O                                                                     (4 = 8.7%) {91.3%}
2  O                                                                         (0 = 0.0%) {100.0%}

Histogram: HttpCache.IsNoStore.MainFrameHTML recorded 1 samples, mean = 1.0 (flags = 0x41)
0  O                                                                         (0 = 0.0%)
1  -O                                                                        (1 = 100.0%) {0.0%}
2  O                                                                         (0 = 0.0%) {100.0%}

Histogram: HttpCache.MaxFileSizeOnInit recorded 1 samples, mean = 26476.0 (flags = 0x41)
0      ... 
25447  -O                                                                        (1 = 100.0%) {0.0%}
28965  ... 

Histogram: HttpCache.OpenDiskEntry recorded 42 samples, mean = 0.0 (flags = 0x41)
0  ------------------------------------------O                               (42 = 100.0%)
1  ... 

Histogram: HttpCache.Pattern recorded 46 samples, mean = 3.1 (flags = 0x41)
0  ... 
2  ----O                                                                     (4 = 8.7%) {0.0%}
3  -------------------------------------O                                    (37 = 80.4%) {8.7%}
4  --O                                                                       (2 = 4.3%) {89.1%}
5  -O                                                                        (1 = 2.2%) {93.5%}
6  --O                                                                       (2 = 4.3%) {95.7%}
7  O                                                                         (0 = 0.0%) {100.0%}

Histogram: HttpCache.Pattern.CSS recorded 8 samples, mean = 3.1 (flags = 0x41)
0  ... 
3  -------O                                                                  (7 = 87.5%) {0.0%}
4  -O                                                                        (1 = 12.5%) {87.5%}
5  ... 

Histogram: HttpCache.Pattern.CSSThirdParty recorded 8 samples, mean = 3.1 (flags = 0x41)
0  ... 
3  -------O                                                                  (7 = 87.5%) {0.0%}
4  -O                                                                        (1 = 12.5%) {87.5%}
5  ... 

Histogram: HttpCache.Pattern.Font recorded 5 samples, mean = 3.0 (flags = 0x41)
0  ... 
3  -----O                                                                    (5 = 100.0%) {0.0%}
4  ... 

Histogram: HttpCache.Pattern.FontThirdParty recorded 5 samples, mean = 3.0 (flags = 0x41)
0  ... 
3  -----O                                                                    (5 = 100.0%) {0.0%}
4  ... 

Histogram: HttpCache.Pattern.JavaScript recorded 25 samples, mean = 3.1 (flags = 0x41)
0  ... 
3  ------------------------O                                                 (24 = 96.0%) {0.0%}
4  O                                                                         (0 = 0.0%) {96.0%}
5  -O                                                                        (1 = 4.0%) {96.0%}
6  ... 

Histogram: HttpCache.Pattern.JavaScriptThirdParty recorded 25 samples, mean = 3.1 (flags = 0x41)
0  ... 
3  ------------------------O                                                 (24 = 96.0%) {0.0%}
4  O                                                                         (0 = 0.0%) {96.0%}
5  -O                                                                        (1 = 4.0%) {96.0%}
6  ... 

Histogram: HttpCache.Pattern.MainFrameHTML recorded 1 samples, mean = 2.0 (flags = 0x41)
0  ... 
2  -O                                                                        (1 = 100.0%) {0.0%}
3  ... 

Histogram: HttpCache.TotalDiskCacheTimePerTransaction.Read recorded 5 samples, mean = 0.0 (flags = 0x41)
0  -----O                                                                    (5 = 100.0%)
1  ... 

Histogram: HttpCache.TotalDiskCacheTimePerTransaction.Write recorded 5 samples, mean = 0.2 (flags = 0x41)
0  ----O                                                                     (4 = 80.0%)
1  -O                                                                        (1 = 20.0%) {80.0%}
2  ... 

Histogram: ImageDecoder.Png.UiGfxIntoSkBitmap recorded 1 samples, mean = 103.0 (flags = 0x41)
0   ... 
86  -O                                                                        (1 = 100.0%) {0.0%}
113 ... 

Histogram: ImportantFile.FileReplaceRetryCount recorded 41 samples, mean = 0.0 (flags = 0x41)
0  -----------------------------------------O                                (41 = 100.0%)
1  ... 

Histogram: ImportantFile.SerializationDuration recorded 27 samples, mean = 0.0 (flags = 0x41)
0  ---------------------------O                                              (27 = 100.0%)
1  ... 

Histogram: ImportantFile.SerializationDuration.Local_State recorded 6 samples, mean = 0.0 (flags = 0x41)
0  ------O                                                                   (6 = 100.0%)
1  ... 

Histogram: ImportantFile.SerializationDuration.Preferences recorded 4 samples, mean = 0.0 (flags = 0x41)
0  ----O                                                                     (4 = 100.0%)
1  ... 

Histogram: ImportantFile.SerializationDuration.TransportSecurityPersister recorded 1 samples, mean = 0.0 (flags = 0x41)
0  -O                                                                        (1 = 100.0%)
1  ... 

Histogram: ImportantFile.WriteDuration recorded 27 samples, mean = 16.6 (flags = 0x41)
0   ... 
12  -----O                                                                    (5 = 18.5%) {0.0%}
14  --------O                                                                 (8 = 29.6%) {18.5%}
17  --------O                                                                 (8 = 29.6%) {48.1%}
20  ------O                                                                   (6 = 22.2%) {77.8%}
24  ... 

Histogram: ImportantFile.WriteDuration.Local_State recorded 6 samples, mean = 12.3 (flags = 0x41)
0   ... 
10  --O                                                                       (2 = 33.3%) {0.0%}
12  ---O                                                                      (3 = 50.0%) {33.3%}
14  -O                                                                        (1 = 16.7%) {83.3%}
17  ... 

Histogram: ImportantFile.WriteDuration.Preferences recorded 4 samples, mean = 13.8 (flags = 0x41)
0   ... 
12  --O                                                                       (2 = 50.0%) {0.0%}
14  --O                                                                       (2 = 50.0%) {50.0%}
17  ... 

Histogram: ImportantFile.WriteDuration.SCTAuditing recorded 2 samples, mean = 2.5 (flags = 0x41)
0  ... 
2  -O                                                                        (1 = 50.0%) {0.0%}
3  -O                                                                        (1 = 50.0%) {50.0%}
4  ... 

Histogram: ImportantFile.WriteDuration.TransportSecurityPersister recorded 1 samples, mean = 14.0 (flags = 0x41)
0   ... 
14  -O                                                                        (1 = 100.0%) {0.0%}
17  ... 

Histogram: ImportantFile.WriteDuration.TrustedVault recorded 1 samples, mean = 9.0 (flags = 0x41)
0  ... 
8  -O                                                                        (1 = 100.0%) {0.0%}
10 ... 

Histogram: InProductHelp.Config.ParsingEvent recorded 68 samples, mean = 6.4 (flags = 0x41)
0   -----------------------------O                                            (29 = 42.6%)
1   O                                                                         (0 = 0.0%) {42.6%}
2   ---------O                                                                (9 = 13.2%) {42.6%}
3   ... 
14  ------------------------------O                                           (30 = 44.1%) {55.9%}
15  ... 

Histogram: InProductHelp.Db.Init.AvailabilityStore recorded 1 samples, mean = 1.0 (flags = 0x41)
0  O                                                                         (0 = 0.0%)
1  -O                                                                        (1 = 100.0%) {0.0%}
2  O                                                                         (0 = 0.0%) {100.0%}

Histogram: InProductHelp.Db.Init.EventStore recorded 1 samples, mean = 1.0 (flags = 0x41)
0  O                                                                         (0 = 0.0%)
1  -O                                                                        (1 = 100.0%) {0.0%}
2  O                                                                         (0 = 0.0%) {100.0%}

Histogram: InProductHelp.Db.Load.AvailabilityStore recorded 1 samples, mean = 1.0 (flags = 0x41)
0  O                                                                         (0 = 0.0%)
1  -O                                                                        (1 = 100.0%) {0.0%}
2  O                                                                         (0 = 0.0%) {100.0%}

Histogram: InProductHelp.Db.Load.EventStore recorded 1 samples, mean = 1.0 (flags = 0x41)
0  O                                                                         (0 = 0.0%)
1  -O                                                                        (1 = 100.0%) {0.0%}
2  O                                                                         (0 = 0.0%) {100.0%}

Histogram: InProductHelp.Db.TotalEvents recorded 1 samples, mean = 0.0 (flags = 0x41)
0  -O                                                                        (1 = 100.0%)
1  ... 

Histogram: InProductHelp.Db.Update.AvailabilityStore recorded 1 samples, mean = 1.0 (flags = 0x41)
0  O                                                                         (0 = 0.0%)
1  -O                                                                        (1 = 100.0%) {0.0%}
2  O                                                                         (0 = 0.0%) {100.0%}

Histogram: IndexedDB.ContextShutdownDuration recorded 1 samples, mean = 0.0 (flags = 0x41)
0  -O                                                                        (1 = 100.0%)
1  ... 

Histogram: Input.Digitizer.MaxTouchPointsSupportedBySystemAtStartup recorded 1 samples, mean = 0.0 (flags = 0x41)
0  -O                                                                        (1 = 100.0%)
1  ... 

Histogram: Input.PointerTypePrimary recorded 1 samples, mean = 2.0 (flags = 0x41)
0  ... 
2  -O                                                                        (1 = 100.0%) {0.0%}
3  O                                                                         (0 = 0.0%) {100.0%}

Histogram: Input.PointerTypesAll recorded 1 samples, mean = 2.0 (flags = 0x41)
0  ... 
2  -O                                                                        (1 = 100.0%) {0.0%}
3  ... 

Histogram: LanguageDetection.TFLiteModel.WasModelRequestDeferred recorded 2 samples, mean = 1.0 (flags = 0x41)
0  O                                                                         (0 = 0.0%)
1  --O                                                                       (2 = 100.0%) {0.0%}
2  O                                                                         (0 = 0.0%) {100.0%}

Histogram: LanguageUsage.AcceptLanguage recorded 1 samples (flags = 0x41)
25966  -O                                                                        (1 = 100.0%)

Histogram: LanguageUsage.AcceptLanguage.Count recorded 1 samples, mean = 1.0 (flags = 0x41)
0  O                                                                         (0 = 0.0%)
1  -O                                                                        (1 = 100.0%) {0.0%}
2  ... 

Histogram: LanguageUsage.AcceptLanguageAndContentLanguageUsage recorded 1 samples, mean = 0.0 (flags = 0x41)
0  -O                                                                        (1 = 100.0%)
1  ... 

Histogram: LanguageUsage.AcceptLanguageAndXmlHtmlLangUsage recorded 1 samples, mean = 7.0 (flags = 0x41)
0  ... 
7  -O                                                                        (1 = 100.0%) {0.0%}
8  O                                                                         (0 = 0.0%) {100.0%}

Histogram: LevelDB.ApproximateMemTableMemoryUse.BudgetManager recorded 0 samples (flags = 0x41)
0 ... 

Histogram: LevelDB.ApproximateMemTableMemoryUse.CartDatabase recorded 0 samples (flags = 0x41)
0 ... 

Histogram: LevelDB.ApproximateMemTableMemoryUse.ClientCertificatesDatabase recorded 0 samples (flags = 0x41)
0 ... 

Histogram: LevelDB.ApproximateMemTableMemoryUse.CommerceParcelTrackingDatabase recorded 0 samples (flags = 0x41)
0 ... 

Histogram: LevelDB.ApproximateMemTableMemoryUse.CommerceSubscriptionDatabase recorded 0 samples (flags = 0x41)
0 ... 

Histogram: LevelDB.ApproximateMemTableMemoryUse.CouponDatabase recorded 0 samples (flags = 0x41)
0 ... 

Histogram: LevelDB.ApproximateMemTableMemoryUse.DiscountsDatabase recorded 0 samples (flags = 0x41)
0 ... 

Histogram: LevelDB.ApproximateMemTableMemoryUse.DownloadDB recorded 0 samples (flags = 0x41)
0 ... 

Histogram: LevelDB.ApproximateMemTableMemoryUse.DownloadService recorded 0 samples (flags = 0x41)
0 ... 

Histogram: LevelDB.ApproximateMemTableMemoryUse.FeatureEngagementTrackerAvailabilityStore recorded 0 samples (flags = 0x41)
0 ... 

Histogram: LevelDB.ApproximateMemTableMemoryUse.FeatureEngagementTrackerEventStore recorded 0 samples (flags = 0x41)
0 ... 

Histogram: LevelDB.ApproximateMemTableMemoryUse.Metadata recorded 1 samples, mean = 4104.0 (flags = 0x41)
0  O                                                                         (0 = 0.0%)
1  -O                                                                        (1 = 100.0%) {0.0%}
270601... 

Histogram: LevelDB.ApproximateMemTableMemoryUse.PersistentOriginTrials recorded 0 samples (flags = 0x41)
0 ... 

Histogram: LevelDB.ApproximateMemTableMemoryUse.PreviewsHintCacheStore recorded 0 samples (flags = 0x41)
0 ... 

Histogram: LevelDB.ApproximateMemTableMemoryUse.SegmentInfoDatabase recorded 0 samples (flags = 0x41)
0 ... 

Histogram: LevelDB.ApproximateMemTableMemoryUse.SharedProtoDB recorded 1 samples, mean = 77976.0 (flags = 0x41)
0  O                                                                         (0 = 0.0%)
1  -O                                                                        (1 = 100.0%) {0.0%}
270601... 

Histogram: LevelDB.ApproximateMemTableMemoryUse.SignalDatabase recorded 0 samples (flags = 0x41)
0 ... 

Histogram: LevelDB.ApproximateMemTableMemoryUse.SignalStorageConfigDatabase recorded 0 samples (flags = 0x41)
0 ... 

Histogram: LevelDB.ApproximateMemTableMemoryUse.StrikeService recorded 0 samples (flags = 0x41)
0 ... 

Histogram: LevelDBEnv.DeleteTableBackupFile recorded 0 samples (flags = 0x41)
0 ... 

Histogram: LevelDBEnv.SyncResult recorded 20 samples, mean = 0.0 (flags = 0x41)
0  --------------------O                                                     (20 = 100.0%)
1  ... 

Histogram: LevelDBWrapper.CommitDelay recorded 2 samples, mean = 5000.0 (flags = 0x41)
0     ... 
4516  --O                                                                       (2 = 100.0%) {0.0%}
6118  ... 

Histogram: LoadingPredictor.PreconnectCount recorded 1 samples, mean = 1.0 (flags = 0x41)
0  O                                                                         (0 = 0.0%)
1  -O                                                                        (1 = 100.0%) {0.0%}
2  ... 

Histogram: LoadingPredictor.PreconnectHitsPercentage recorded 1 samples, mean = 100.0 (flags = 0x41)
0    ... 
100  -O                                                                        (1 = 100.0%) {0.0%}
101  O                                                                         (0 = 0.0%) {100.0%}

Histogram: LoadingPredictor.PredictorDatabaseFileSize recorded 1 samples, mean = 44.0 (flags = 0x41)
0   ... 
37  -O                                                                        (1 = 100.0%) {0.0%}
49  ... 

Histogram: LoadingPredictor.PreresolveCount recorded 1 samples, mean = 1.0 (flags = 0x41)
0  O                                                                         (0 = 0.0%)
1  -O                                                                        (1 = 100.0%) {0.0%}
2  ... 

Histogram: LoadingPredictor.PreresolveHitsPercentage recorded 1 samples, mean = 100.0 (flags = 0x41)
0    ... 
100  -O                                                                        (1 = 100.0%) {0.0%}
101  O                                                                         (0 = 0.0%) {100.0%}

Histogram: LocalStorage.MojoSizeInKB recorded 1 samples, mean = 8.0 (flags = 0x41)
0  ... 
8  -O                                                                        (1 = 100.0%) {0.0%}
9  ... 

Histogram: LocalStorage.MojoTimeToPrime recorded 1 samples, mean = 0.0 (flags = 0x41)
0  -O                                                                        (1 = 100.0%)
1  ... 

Histogram: LocalStorage.MojoTimeToPrimeForUnder100KB recorded 1 samples, mean = 0.0 (flags = 0x41)
0  -O                                                                        (1 = 100.0%)
1  ... 

Histogram: LocalStorage.RendererAreaCacheHit recorded 1 samples, mean = 0.0 (flags = 0x41)
0  -O                                                                        (1 = 100.0%)
1  ... 

Histogram: LocalStorageContext.ShutDown.MaybeDroppedChanges recorded 1 samples, mean = 0.0 (flags = 0x40)
0  -O                                                                        (1 = 100.0%)
1  ... 

Histogram: MPArch.ChildProcessLaunchFirst recorded 1 samples, mean = 3.0 (flags = 0x41)
0  ... 
3  -O                                                                        (1 = 100.0%) {0.0%}
4  ... 

Histogram: MPArch.ChildProcessLaunchSubsequent recorded 7 samples, mean = 2.6 (flags = 0x41)
0  ... 
2  ---O                                                                      (3 = 42.9%) {0.0%}
3  ----O                                                                     (4 = 57.1%) {42.9%}
4  ... 

Histogram: ManagedUsers.BlockedIframeCount recorded 1 samples, mean = 0.0 (flags = 0x41)
0  -O                                                                        (1 = 100.0%)
1  ... 

Histogram: Manifest.HasProperty.description recorded 1 samples, mean = 0.0 (flags = 0x41)
0  -O                                                                        (1 = 100.0%)
1  ... 

Histogram: Manifest.HasProperty.display recorded 1 samples, mean = 1.0 (flags = 0x41)
0  O                                                                         (0 = 0.0%)
1  -O                                                                        (1 = 100.0%) {0.0%}
2  O                                                                         (0 = 0.0%) {100.0%}

Histogram: Manifest.HasProperty.gcm_sender_id recorded 1 samples, mean = 0.0 (flags = 0x41)
0  -O                                                                        (1 = 100.0%)
1  ... 

Histogram: Manifest.HasProperty.icons recorded 1 samples, mean = 1.0 (flags = 0x41)
0  O                                                                         (0 = 0.0%)
1  -O                                                                        (1 = 100.0%) {0.0%}
2  O                                                                         (0 = 0.0%) {100.0%}

Histogram: Manifest.HasProperty.name recorded 1 samples, mean = 1.0 (flags = 0x41)
0  O                                                                         (0 = 0.0%)
1  -O                                                                        (1 = 100.0%) {0.0%}
2  O                                                                         (0 = 0.0%) {100.0%}

Histogram: Manifest.HasProperty.orientation recorded 1 samples, mean = 0.0 (flags = 0x41)
0  -O                                                                        (1 = 100.0%)
1  ... 

Histogram: Manifest.HasProperty.protocol_handlers recorded 1 samples, mean = 0.0 (flags = 0x41)
0  -O                                                                        (1 = 100.0%)
1  ... 

Histogram: Manifest.HasProperty.screenshots recorded 1 samples, mean = 0.0 (flags = 0x41)
0  -O                                                                        (1 = 100.0%)
1  ... 

Histogram: Manifest.HasProperty.share_target recorded 1 samples, mean = 0.0 (flags = 0x41)
0  -O                                                                        (1 = 100.0%)
1  ... 

Histogram: Manifest.HasProperty.short_name recorded 1 samples, mean = 1.0 (flags = 0x41)
0  O                                                                         (0 = 0.0%)
1  -O                                                                        (1 = 100.0%) {0.0%}
2  O                                                                         (0 = 0.0%) {100.0%}

Histogram: Manifest.HasProperty.start_url recorded 1 samples, mean = 1.0 (flags = 0x41)
0  O                                                                         (0 = 0.0%)
1  -O                                                                        (1 = 100.0%) {0.0%}
2  O                                                                         (0 = 0.0%) {100.0%}

Histogram: Manifest.ParseIdResult recorded 1 samples, mean = 1.0 (flags = 0x41)
0  O                                                                         (0 = 0.0%)
1  -O                                                                        (1 = 100.0%) {0.0%}
2  ... 

Histogram: Media.GPU.VideoDecoderType recorded 1 samples, mean = 11.0 (flags = 0x41)
0   ... 
11  -O                                                                        (1 = 100.0%) {0.0%}
12  ... 

Histogram: Media.MediaHistory.DatabaseExists recorded 1 samples, mean = 0.0 (flags = 0x41)
0  -O                                                                        (1 = 100.0%)
1  ... 

Histogram: MediaRouter.Cast.Discovery.ConnectedDevicesCount recorded 1 samples, mean = 0.0 (flags = 0x41)
0  -O                                                                        (1 = 100.0%)
1  ... 

Histogram: MediaRouter.Cast.Discovery.KnownDevicesCount recorded 1 samples, mean = 0.0 (flags = 0x41)
0  -O                                                                        (1 = 100.0%)
1  ... 

Histogram: MediaRouter.Dial.AvailableDevicesCount recorded 1 samples, mean = 0.0 (flags = 0x41)
0  -O                                                                        (1 = 100.0%)
1  ... 

Histogram: MediaRouter.Dial.KnownDevicesCount recorded 1 samples, mean = 0.0 (flags = 0x41)
0  -O                                                                        (1 = 100.0%)
1  ... 

Histogram: Memory.Discardable.FreelistSize.Foreground recorded 4 samples, mean = 0.0 (flags = 0x41)
0  ----O                                                                     (4 = 100.0%)
1  ... 

Histogram: Memory.Discardable.Size.Foreground recorded 4 samples, mean = 0.0 (flags = 0x41)
0  ----O                                                                     (4 = 100.0%)
1  ... 

Histogram: Memory.Discardable.VirtualSize.Foreground recorded 4 samples, mean = 0.0 (flags = 0x41)
0  ----O                                                                     (4 = 100.0%)
1  ... 

Histogram: Memory.Experimental.AvailableMemoryMB recorded 35 samples, mean = 16626.9 (flags = 0x41)
0      ... 
14480  ---O                                                                      (3 = 8.6%) {0.0%}
15988  --------------------------------O                                         (32 = 91.4%) {8.6%}
17653  ... 

Histogram: Memory.Experimental.AvailableMemoryPercent recorded 35 samples, mean = 50.6 (flags = 0x41)
0   ... 
44  -O                                                                        (1 = 2.9%) {0.0%}
45  ... 
47  --O                                                                       (2 = 5.7%) {2.9%}
48  O                                                                         (0 = 0.0%) {8.6%}
49  -O                                                                        (1 = 2.9%) {8.6%}
50  -----O                                                                    (5 = 14.3%) {11.4%}
51  ------------------O                                                       (18 = 51.4%) {25.7%}
52  --------O                                                                 (8 = 22.9%) {77.1%}
53  ... 

Histogram: Memory.Experimental.Renderer.HighestPrivateMemoryFootprint.0to2min recorded 1 samples, mean = 70.0 (flags = 0x41)
0   ... 
67  -O                                                                        (1 = 100.0%) {0.0%}
75  ... 

Histogram: Memory.Experimental.Renderer.HighestPrivateMemoryFootprint.2to4min recorded 1 samples, mean = 54.0 (flags = 0x41)
0   ... 
53  -O                                                                        (1 = 100.0%) {0.0%}
60  ... 

Histogram: Memory.Experimental.Renderer.HighestPrivateMemoryFootprint.4to8min recorded 1 samples, mean = 55.0 (flags = 0x41)
0   ... 
53  -O                                                                        (1 = 100.0%) {0.0%}
60  ... 

Histogram: Memory.Experimental.Renderer.HighestPrivateMemoryFootprint.8to16min recorded 1 samples, mean = 55.0 (flags = 0x41)
0   ... 
53  -O                                                                        (1 = 100.0%) {0.0%}
60  ... 

Histogram: Memory.GPU.PeakMemoryAllocationSource2.PageLoad.SharedContextState recorded 1 samples, mean = 0.0 (flags = 0x41)
0  -O                                                                        (1 = 100.0%)
1  ... 

Histogram: Memory.GPU.PeakMemoryAllocationSource2.PageLoad.SharedImageStub recorded 1 samples, mean = 0.0 (flags = 0x41)
0  -O                                                                        (1 = 100.0%)
1  ... 

Histogram: Memory.GPU.PeakMemoryAllocationSource2.PageLoad.Skia recorded 1 samples, mean = 0.0 (flags = 0x41)
0  -O                                                                        (1 = 100.0%)
1  ... 

Histogram: Memory.GPU.PeakMemoryUsage2.PageLoad recorded 1 samples, mean = 0.0 (flags = 0x41)
0  -O                                                                        (1 = 100.0%)
1  ... 

Histogram: Memory.ParkableString.Compression.Latency recorded 17 samples, mean = 6219.0 (flags = 0x41)
0      ---O                                                                      (3 = 17.6%)
500    ... 
584    -O                                                                        (1 = 5.9%) {17.6%}
631    ... 
860    -O                                                                        (1 = 5.9%) {23.5%}
929    ... 
1480   -O                                                                        (1 = 5.9%) {29.4%}
1599   ... 
2974   -O                                                                        (1 = 5.9%) {35.3%}
3214   --O                                                                       (2 = 11.8%) {41.2%}
3473   -O                                                                        (1 = 5.9%) {52.9%}
3753   ... 
5532   --O                                                                       (2 = 11.8%) {58.8%}
5978   ... 
7544   -O                                                                        (1 = 5.9%) {70.6%}
8152   ... 
15164  -O                                                                        (1 = 5.9%) {76.5%}
16387  --O                                                                       (2 = 11.8%) {82.4%}
17709  -O                                                                        (1 = 5.9%) {94.1%}
19137  ... 

Histogram: Memory.ParkableString.Compression.SizeKb recorded 17 samples, mean = 276.8 (flags = 0x41)
0    ... 
14   -O                                                                        (1 = 5.9%) {0.0%}
16   ... 
26   -O                                                                        (1 = 5.9%) {5.9%}
29   -O                                                                        (1 = 5.9%) {11.8%}
33   O                                                                         (0 = 0.0%) {17.6%}
37   -O                                                                        (1 = 5.9%) {17.6%}
42   ... 
75   -O                                                                        (1 = 5.9%) {23.5%}
84   -O                                                                        (1 = 5.9%) {29.4%}
95   O                                                                         (0 = 0.0%) {35.3%}
107  -O                                                                        (1 = 5.9%) {35.3%}
120  O                                                                         (0 = 0.0%) {41.2%}
135  -O                                                                        (1 = 5.9%) {41.2%}
152  O                                                                         (0 = 0.0%) {47.1%}
171  --O                                                                       (2 = 11.8%) {47.1%}
192  -O                                                                        (1 = 5.9%) {58.8%}
216  ... 
307  -O                                                                        (1 = 5.9%) {64.7%}
345  -O                                                                        (1 = 5.9%) {70.6%}
388  ... 
554  -O                                                                        (1 = 5.9%) {76.5%}
623  O                                                                         (0 = 0.0%) {82.4%}
701  --O                                                                       (2 = 11.8%) {82.4%}
789  -O                                                                        (1 = 5.9%) {94.1%}
888  ... 

Histogram: Memory.ParkableString.Decompression.Latency recorded 3 samples, mean = 251.7 (flags = 0x41)
0  ---O                                                                      (3 = 100.0%)
500... 

Histogram: Memory.ParkableString.Decompression.ThroughputMBps recorded 3 samples, mean = 386.0 (flags = 0x41)
0    ... 
216  -O                                                                        (1 = 33.3%) {0.0%}
243  ... 
437  --O                                                                       (2 = 66.7%) {33.3%}
492  ... 

Histogram: Memory.ParkableString.DiskReadTime.5min recorded 1 samples, mean = 0.0 (flags = 0x41)
0  -O                                                                        (1 = 100.0%)
1  ... 

Histogram: Memory.ParkableString.DiskWriteTime.5min recorded 1 samples, mean = 26.0 (flags = 0x41)
0   ... 
24  -O                                                                        (1 = 100.0%) {0.0%}
29  ... 

Histogram: Memory.ParkableString.OnDiskSizeKb.5min recorded 1 samples, mean = 921.0 (flags = 0x41)
0    ... 
896  -O                                                                        (1 = 100.0%) {0.0%}
1122 ... 

Histogram: Memory.ParkableString.Read.Latency recorded 3 samples, mean = 40.0 (flags = 0x41)
0  ---O                                                                      (3 = 100.0%)
500... 

Histogram: Memory.ParkableString.TotalParkingThreadTime.5min recorded 1 samples, mean = 96.0 (flags = 0x41)
0   ... 
96  -O                                                                        (1 = 100.0%) {0.0%}
114 ... 

Histogram: Memory.ParkableString.TotalUnparkingTime.5min recorded 1 samples, mean = 0.0 (flags = 0x41)
0  -O                                                                        (1 = 100.0%)
1  ... 

Histogram: Memory.PartitionAlloc.MemoryReclaim recorded 4210 samples, mean = 292.2 (flags = 0x41)
0     ... 
49    ----O                                                                     (53 = 1.3%) {0.0%}
65    ---------------------------O                                              (347 = 8.2%) {1.3%}
86    -----------------O                                                        (218 = 5.2%) {9.5%}
113   -----------------------------------------------O                          (589 = 14.0%) {14.7%}
149   -----------------------------O                                            (369 = 8.8%) {28.7%}
196   ----------------------------------------------------------O               (732 = 17.4%) {37.4%}
258   -------------------O                                                      (244 = 5.8%) {54.8%}
340   ------------------------------------------------------------------------O (912 = 21.7%) {60.6%}
448   ----------------------------------------O                                 (509 = 12.1%) {82.3%}
590   -------------O                                                            (163 = 3.9%) {94.4%}
777   -----O                                                                    (67 = 1.6%) {98.2%}
1023  O                                                                         (4 = 0.1%) {99.8%}
1347  O                                                                         (3 = 0.1%) {99.9%}
1774  ... 

Histogram: Memory.PartitionAlloc.PartitionRoot.ExtrasSize recorded 1 samples, mean = 4.0 (flags = 0x41)
0  ... 
4  -O                                                                        (1 = 100.0%) {0.0%}
5  ... 

Histogram: Memory.PartitionAlloc.PeriodicPurge recorded 467 samples, mean = 37.1 (flags = 0x41)
0    ... 
4    -O                                                                        (1 = 0.2%) {0.0%}
5    -----O                                                                    (6 = 1.3%) {0.2%}
7    ----------O                                                               (13 = 2.8%) {1.5%}
9    --------O                                                                 (11 = 2.4%) {4.3%}
12   -----------------------O                                                  (30 = 6.4%) {6.6%}
16   ---------------------------------------------------O                      (67 = 14.3%) {13.1%}
21   ------------------------------------------------------O                   (71 = 15.2%) {27.4%}
28   --------------------------------------------------------------O           (82 = 17.6%) {42.6%}
37   ------------------------------------------------------------------------O (95 = 20.3%) {60.2%}
49   ------------------------------------------O                               (56 = 12.0%) {80.5%}
65   --------------O                                                           (19 = 4.1%) {92.5%}
86   -----O                                                                    (7 = 1.5%) {96.6%}
113  --O                                                                       (2 = 0.4%) {98.1%}
149  --O                                                                       (2 = 0.4%) {98.5%}
196  --O                                                                       (3 = 0.6%) {98.9%}
258  --O                                                                       (2 = 0.4%) {99.6%}
340  ... 

Histogram: Memory.PressureLevel2 recorded 4275 samples, mean = 0.0 (flags = 0x41)
0  ------------------------------------------------------------------------O (4275 = 100.0%)
1  ... 

Histogram: Mojo.Channel.WriteReceiveMessageProcessType recorded 6 samples, mean = 0.3 (flags = 0x41)
0  -----O                                                                    (5 = 83.3%)
1  O                                                                         (0 = 0.0%) {83.3%}
2  -O                                                                        (1 = 16.7%) {83.3%}
3  ... 

Histogram: Mojo.InvalidUTF8String recorded 72 samples, mean = 0.0 (flags = 0x41)
0  ------------------------------------------------------------------------O (72 = 100.0%)
1  ... 

Histogram: NQE.ContentObserver.NetworkQualityMeaningfullyChanged recorded 8 samples, mean = 0.5 (flags = 0x40)
0  ----O                                                                     (4 = 50.0%)
1  ----O                                                                     (4 = 50.0%) {50.0%}
2  O                                                                         (0 = 0.0%) {100.0%}

Histogram: NQE.RTT.Error.Absolute recorded 5 samples, mean = 148.6 (flags = 0x41)
0    ... 
34   -O                                                                        (1 = 20.0%) {0.0%}
40   ... 
81   -O                                                                        (1 = 20.0%) {20.0%}
96   ... 
160  -O                                                                        (1 = 20.0%) {40.0%}
190  -O                                                                        (1 = 20.0%) {60.0%}
226  -O                                                                        (1 = 20.0%) {80.0%}
268  ... 

Histogram: NQE.RTT.Error.IsZero recorded 5 samples, mean = 0.0 (flags = 0x41)
0  -----O                                                                    (5 = 100.0%)
1  ... 

Histogram: NQE.RTT.Error.Negative recorded 2 samples, mean = 138.5 (flags = 0x41)
0    ... 
34   -O                                                                        (1 = 50.0%) {0.0%}
40   ... 
226  -O                                                                        (1 = 50.0%) {50.0%}
268  ... 

Histogram: NQE.RTT.Error.Positive recorded 3 samples, mean = 155.3 (flags = 0x41)
0    ... 
81   -O                                                                        (1 = 33.3%) {0.0%}
96   ... 
160  -O                                                                        (1 = 33.3%) {33.3%}
190  -O                                                                        (1 = 33.3%) {66.7%}
226  ... 

Histogram: NQE.RenderThreadNotified recorded 11 samples, mean = 1.0 (flags = 0x40)
0  O                                                                         (0 = 0.0%)
1  -----------O                                                              (11 = 100.0%) {0.0%}
2  O                                                                         (0 = 0.0%) {100.0%}

Histogram: Navigation.BeginNavigationImpl.MainFrame recorded 2 samples, mean = 0.0 (flags = 0x41)
0  --O                                                                       (2 = 100.0%)
1  ... 

Histogram: Navigation.BrowserInitiatedSessionHistoryCount recorded 1 samples, mean = 0.0 (flags = 0x41)
0  -O                                                                        (1 = 100.0%)
1  ... 

Histogram: Navigation.CommitRenderFrame recorded 1 samples, mean = 8.0 (flags = 0x41)
0  ... 
8  -O                                                                        (1 = 100.0%) {0.0%}
10 ... 

Histogram: Navigation.CommitToCompositorCreation recorded 1 samples, mean = 666.0 (flags = 0x41)
0    ... 
635  -O                                                                        (1 = 100.0%) {0.0%}
826  ... 

Histogram: Navigation.CompositorRequestedBeforeCommit2 recorded 1 samples, mean = 0.0 (flags = 0x41)
0  -O                                                                        (1 = 100.0%)
1  ... 

Histogram: Navigation.CompositorRequestedBeforeSwapRFH2 recorded 1 samples, mean = 0.0 (flags = 0x41)
0  -O                                                                        (1 = 100.0%)
1  ... 

Histogram: Navigation.CreateSpeculativeRFH recorded 1 samples, mean = 2.0 (flags = 0x41)
0  ... 
2  -O                                                                        (1 = 100.0%) {0.0%}
3  ... 

Histogram: Navigation.DidCommitSameDocumentNavigation.Duration recorded 1 samples, mean = 0.0 (flags = 0x41)
0  -O                                                                        (1 = 100.0%)
1  ... 

Histogram: Navigation.DidStartLoading.MainFrame recorded 3 samples, mean = 0.0 (flags = 0x41)
0  ---O                                                                      (3 = 100.0%)
1  ... 

Histogram: Navigation.EarlyRenderFrameHostSwapType recorded 4 samples, mean = 0.0 (flags = 0x41)
0  ----O                                                                     (4 = 100.0%)
1  ... 

Histogram: Navigation.EngagementTime.HTTPS recorded 1 samples, mean = 4273716.0 (flags = 0x41)
0        ... 
3600000  -O                                                                        (1 = 100.0%) {0.0%}

Histogram: Navigation.GetFrameHostForNavigation recorded 4 samples, mean = 2.0 (flags = 0x41)
0  --O                                                                       (2 = 50.0%)
1  O                                                                         (0 = 0.0%) {50.0%}
2  -O                                                                        (1 = 25.0%) {50.0%}
3  ... 
6  -O                                                                        (1 = 25.0%) {75.0%}
7  ... 

Histogram: Navigation.GetFrameHostForNavigationTime.InDidCreateNavigationRequest.IsHTTPOrHTTPS recorded 3 samples, mean = 2231.0 (flags = 0x41)
0     ... 
76    --O                                                                       (2 = 66.7%) {0.0%}
105   ... 
5362  -O                                                                        (1 = 33.3%) {66.7%}
7439  ... 

Histogram: Navigation.IsGuest recorded 1 samples, mean = 0.0 (flags = 0x41)
0  -O                                                                        (1 = 100.0%)
1  ... 

Histogram: Navigation.IsLockedProcess recorded 1 samples, mean = 1.0 (flags = 0x41)
0  O                                                                         (0 = 0.0%)
1  -O                                                                        (1 = 100.0%) {0.0%}
2  O                                                                         (0 = 0.0%) {100.0%}

Histogram: Navigation.IsLockedProcess.HTTPOrHTTPS recorded 1 samples, mean = 1.0 (flags = 0x41)
0  O                                                                         (0 = 0.0%)
1  -O                                                                        (1 = 100.0%) {0.0%}
2  O                                                                         (0 = 0.0%) {100.0%}

Histogram: Navigation.IsProcessBackgrounded.OnCommit recorded 1 samples, mean = 0.0 (flags = 0x41)
0  -O                                                                        (1 = 100.0%)
1  ... 

Histogram: Navigation.IsProcessBackgrounded.OnDOMContentLoaded recorded 1 samples, mean = 0.0 (flags = 0x41)
0  -O                                                                        (1 = 100.0%)
1  ... 

Histogram: Navigation.IsSameBrowsingInstance recorded 1 samples, mean = 0.0 (flags = 0x41)
0  -O                                                                        (1 = 100.0%)
1  ... 

Histogram: Navigation.IsSameSiteInstance recorded 1 samples, mean = 0.0 (flags = 0x41)
0  -O                                                                        (1 = 100.0%)
1  ... 

Histogram: Navigation.IsSameSiteInstance.MainFrame recorded 1 samples, mean = 0.0 (flags = 0x41)
0  -O                                                                        (1 = 100.0%)
1  ... 

Histogram: Navigation.LoaderCreateToRequestStart.MainFrame recorded 1 samples, mean = 0.0 (flags = 0x41)
0  -O                                                                        (1 = 100.0%)
1  ... 

Histogram: Navigation.MainFrame.FrameCount recorded 1 samples, mean = 1.0 (flags = 0x41)
0  O                                                                         (0 = 0.0%)
1  -O                                                                        (1 = 100.0%) {0.0%}
2  ... 

Histogram: Navigation.MainFrame.MaxFrameCount recorded 3 samples, mean = 1.0 (flags = 0x41)
0  O                                                                         (0 = 0.0%)
1  ---O                                                                      (3 = 100.0%) {0.0%}
2  ... 

Histogram: Navigation.MainFrame.NewNavigation.IgnoreRestore.IsHTTPOrHTTPS.BeginNavigationToLoaderStart.Time2 recorded 1 samples, mean = 1.0 (flags = 0x41)
0  O                                                                         (0 = 0.0%)
1  -O                                                                        (1 = 100.0%) {0.0%}
2  ... 

Histogram: Navigation.MainFrame.NewNavigation.IgnoreRestore.IsHTTPOrHTTPS.FetchStart.Time2 recorded 1 samples, mean = 0.0 (flags = 0x41)
0  -O                                                                        (1 = 100.0%)
1  ... 

Histogram: Navigation.MainFrame.NewNavigation.IgnoreRestore.IsHTTPOrHTTPS.LoaderStartToFetchStart.Time2 recorded 1 samples, mean = 402.0 (flags = 0x41)
0    ... 
378  -O                                                                        (1 = 100.0%) {0.0%}
449  ... 

Histogram: Navigation.MainFrame.NewNavigation.IgnoreRestore.IsHTTPOrHTTPS.LoaderStartToReceiveResponse.Time2 recorded 1 samples, mean = 880.0 (flags = 0x41)
0    ... 
752  -O                                                                        (1 = 100.0%) {0.0%}
894  ... 

Histogram: Navigation.MainFrame.NewNavigation.IgnoreRestore.IsHTTPOrHTTPS.NavigationStartToBeginNavigation.Time2 recorded 1 samples, mean = 1736.0 (flags = 0x41)
0     ... 
1500  -O                                                                        (1 = 100.0%) {0.0%}
1782  ... 

Histogram: Navigation.MainFrame.NewNavigation.IgnoreRestore.IsHTTPOrHTTPS.ReceiveHeaders.Time2 recorded 1 samples, mean = 382.0 (flags = 0x41)
0    ... 
378  -O                                                                        (1 = 100.0%) {0.0%}
449  ... 

Histogram: Navigation.MainFrame.NewNavigation.IgnoreRestore.IsHTTPOrHTTPS.ReceiveHeadersToReceiveResponse.Time2 recorded 1 samples, mean = 94.0 (flags = 0x41)
0   ... 
81  -O                                                                        (1 = 100.0%) {0.0%}
96  ... 

Histogram: Navigation.MainFrame.NewNavigation.IgnoreRestore.IsHTTPOrHTTPS.ReceiveResponseToCommitNavigation.Time2 recorded 1 samples, mean = 5.0 (flags = 0x41)
0  ... 
5  -O                                                                        (1 = 100.0%) {0.0%}
6  ... 

Histogram: Navigation.MainFrame.RendererInitiated.InitiatorFramePresentAtStart recorded 1 samples, mean = 0.0 (flags = 0x41)
0  -O                                                                        (1 = 100.0%)
1  ... 

Histogram: Navigation.MainFrame.SiteEngagementLevel recorded 1 samples, mean = 3.0 (flags = 0x41)
0  ... 
3  -O                                                                        (1 = 100.0%) {0.0%}
4  ... 

Histogram: Navigation.MainFrame.ThirdPartyCookieBlockingEnabled recorded 2 samples, mean = 0.0 (flags = 0x41)
0  --O                                                                       (2 = 100.0%)
1  ... 

Histogram: Navigation.MainFrameHasRTLDomain2 recorded 2 samples, mean = 0.0 (flags = 0x41)
0  --O                                                                       (2 = 100.0%)
1  ... 

Histogram: Navigation.MainFrameHasRTLDomainDifferentPage2 recorded 1 samples, mean = 0.0 (flags = 0x41)
0  -O                                                                        (1 = 100.0%)
1  ... 

Histogram: Navigation.MainFrameProfileType2 recorded 2 samples, mean = 0.0 (flags = 0x41)
0  --O                                                                       (2 = 100.0%)
1  ... 

Histogram: Navigation.MainFrameScheme2 recorded 2 samples, mean = 2.0 (flags = 0x41)
0  ... 
2  --O                                                                       (2 = 100.0%) {0.0%}
3  ... 

Histogram: Navigation.MainFrameSchemeDifferentPage2 recorded 1 samples, mean = 2.0 (flags = 0x41)
0  ... 
2  -O                                                                        (1 = 100.0%) {0.0%}
3  ... 

Histogram: Navigation.OnBeforeUnloadOverheadTime recorded 2 samples, mean = 873.0 (flags = 0x41)
0     ... 
10    -O                                                                        (1 = 50.0%) {0.0%}
12    ... 
1500  -O                                                                        (1 = 50.0%) {50.0%}
1782  ... 

Histogram: Navigation.OriginAgentCluster.Result recorded 1 samples, mean = 9.0 (flags = 0x41)
0  ... 
9  -O                                                                        (1 = 100.0%) {0.0%}
10 O                                                                         (0 = 0.0%) {100.0%}

Histogram: Navigation.PendingCommit.DidBlockGetFrameHostForNavigation.Regular recorded 1 samples, mean = 0.0 (flags = 0x41)
0  -O                                                                        (1 = 100.0%)
1  ... 

Histogram: Navigation.PendingCommit.Duration.Regular recorded 1 samples, mean = 333.0 (flags = 0x41)
0    ... 
318  -O                                                                        (1 = 100.0%) {0.0%}
378  ... 

Histogram: Navigation.Preconnect.PreresolveJobQueueLength recorded 14 samples, mean = 0.5 (flags = 0x41)
0  -------O                                                                  (7 = 50.0%)
1  -------O                                                                  (7 = 50.0%) {50.0%}
2  ... 

Histogram: Navigation.Preconnect.PreresolveJobQueueingTime recorded 7 samples, mean = 0.0 (flags = 0x41)
0  -------O                                                                  (7 = 100.0%)
1  ... 

Histogram: Navigation.Preconnect.ProxyLookupCallbackQueueingTime recorded 7 samples, mean = 140.0 (flags = 0x41)
0    --O                                                                       (2 = 28.6%)
1    ... 
3    -O                                                                        (1 = 14.3%) {28.6%}
4    ... 
10   -O                                                                        (1 = 14.3%) {42.9%}
12   ... 
318  ---O                                                                      (3 = 42.9%) {57.1%}
378  ... 

Histogram: Navigation.Preconnect.ProxyLookupLatency recorded 7 samples, mean = 395.9 (flags = 0x41)
0     O                                                                         (0 = 0.0%)
1     --O                                                                       (2 = 28.6%) {0.0%}
2     O                                                                         (0 = 0.0%) {28.6%}
3     -O                                                                        (1 = 14.3%) {28.6%}
4     ... 
10    -O                                                                        (1 = 14.3%) {42.9%}
12    ... 
318   --O                                                                       (2 = 28.6%) {57.1%}
378   ... 
1782  -O                                                                        (1 = 14.3%) {85.7%}
2117  ... 

Histogram: Navigation.Preconnect.ResolveHostCallbackQueueingTime recorded 7 samples, mean = 141.3 (flags = 0x41)
0    -O                                                                        (1 = 14.3%)
1    --O                                                                       (2 = 28.6%) {14.3%}
2    ... 
10   -O                                                                        (1 = 14.3%) {42.9%}
12   ... 
318  ---O                                                                      (3 = 42.9%) {57.1%}
378  ... 

Histogram: Navigation.Preconnect.ResolveHostLatency recorded 7 samples, mean = 142.3 (flags = 0x41)
0    O                                                                         (0 = 0.0%)
1    -O                                                                        (1 = 14.3%) {0.0%}
2    --O                                                                       (2 = 28.6%) {14.3%}
3    ... 
10   -O                                                                        (1 = 14.3%) {42.9%}
12   ... 
318  ---O                                                                      (3 = 42.9%) {57.1%}
378  ... 

Histogram: Navigation.ProcessNavigationThrottlesTime.WillStartRequest.MainFrame recorded 2 samples, mean = 0.0 (flags = 0x41)
0  --O                                                                       (2 = 100.0%)
1  ... 

Histogram: Navigation.QueueTime.OnReceiveRedirect.MainFrame recorded 1 samples, mean = 72.0 (flags = 0x41)
0   ... 
68  -O                                                                        (1 = 100.0%) {0.0%}
81  ... 

Histogram: Navigation.QueueTime.OnReceiveResponse.MainFrame recorded 1 samples, mean = 93.0 (flags = 0x41)
0   ... 
81  -O                                                                        (1 = 100.0%) {0.0%}
96  ... 

Histogram: Navigation.ReadyToCommitUntilCommit2 recorded 1 samples, mean = 333.0 (flags = 0x41)
0    ... 
280  -O                                                                        (1 = 100.0%) {0.0%}
356  ... 

Histogram: Navigation.ReadyToCommitUntilCommit2.ForegroundProcessPriority recorded 1 samples, mean = 333.0 (flags = 0x41)
0    ... 
280  -O                                                                        (1 = 100.0%) {0.0%}
356  ... 

Histogram: Navigation.ReadyToCommitUntilCommit2.NewNavigation recorded 1 samples, mean = 333.0 (flags = 0x41)
0    ... 
280  -O                                                                        (1 = 100.0%) {0.0%}
356  ... 

Histogram: Navigation.RegisterNavigationThrottlesTime.MainFrame recorded 2 samples, mean = 0.0 (flags = 0x41)
0  --O                                                                       (2 = 100.0%)
1  ... 

Histogram: Navigation.RenderFrameHostConstructor recorded 2 samples, mean = 0.0 (flags = 0x41)
0  --O                                                                       (2 = 100.0%)
1  ... 

Histogram: Navigation.RenderFrameHostDestructor recorded 2 samples, mean = 0.5 (flags = 0x41)
0  -O                                                                        (1 = 50.0%)
1  -O                                                                        (1 = 50.0%) {50.0%}
2  ... 

Histogram: Navigation.RenderViewHostConstructor recorded 2 samples, mean = 0.0 (flags = 0x41)
0  --O                                                                       (2 = 100.0%)
1  ... 

Histogram: Navigation.RenderViewHostDestructor recorded 2 samples, mean = 0.5 (flags = 0x41)
0  -O                                                                        (1 = 50.0%)
1  -O                                                                        (1 = 50.0%) {50.0%}
2  ... 

Histogram: Navigation.RenderWidgetHostConstructor recorded 2 samples, mean = 0.0 (flags = 0x41)
0  --O                                                                       (2 = 100.0%)
1  ... 

Histogram: Navigation.RenderWidgetHostDestructor recorded 2 samples, mean = 0.0 (flags = 0x41)
0  --O                                                                       (2 = 100.0%)
1  ... 

Histogram: Navigation.RendererCommitDelay.MainFrame recorded 1 samples, mean = 3.0 (flags = 0x41)
0  ... 
3  -O                                                                        (1 = 100.0%) {0.0%}
4  ... 

Histogram: Navigation.RendererCommitQueueTime.MainFrame recorded 1 samples, mean = 3.0 (flags = 0x41)
0  ... 
3  -O                                                                        (1 = 100.0%) {0.0%}
4  ... 

Histogram: Navigation.RendererDidNavigateTime.MainFrame recorded 1 samples, mean = 0.0 (flags = 0x41)
0  -O                                                                        (1 = 100.0%)
1  ... 

Histogram: Navigation.RequiresDedicatedProcess recorded 1 samples, mean = 1.0 (flags = 0x41)
0  O                                                                         (0 = 0.0%)
1  -O                                                                        (1 = 100.0%) {0.0%}
2  O                                                                         (0 = 0.0%) {100.0%}

Histogram: Navigation.RequiresDedicatedProcess.HTTPOrHTTPS recorded 1 samples, mean = 1.0 (flags = 0x41)
0  O                                                                         (0 = 0.0%)
1  -O                                                                        (1 = 100.0%) {0.0%}
2  O                                                                         (0 = 0.0%) {100.0%}

Histogram: Navigation.SameDocumentNavigationWithScreenshot recorded 1 samples, mean = 0.0 (flags = 0x41)
0  -O                                                                        (1 = 100.0%)
1  ... 

Histogram: Navigation.SendCommitNavigationTime.MainFrame recorded 1 samples, mean = 0.0 (flags = 0x41)
0  -O                                                                        (1 = 100.0%)
1  ... 

Histogram: Navigation.StartToCommit recorded 1 samples, mean = 2954.0 (flags = 0x41)
0     ... 
2415  -O                                                                        (1 = 100.0%) {0.0%}
3069  ... 

Histogram: Navigation.StartToCommit.CrossProcess recorded 1 samples, mean = 2954.0 (flags = 0x41)
0     ... 
2415  -O                                                                        (1 = 100.0%) {0.0%}
3069  ... 

Histogram: Navigation.StartToCommit.CrossProcess.ForegroundProcessPriority recorded 1 samples, mean = 2954.0 (flags = 0x41)
0     ... 
2415  -O                                                                        (1 = 100.0%) {0.0%}
3069  ... 

Histogram: Navigation.StartToCommit.CrossProcess.MainFrame recorded 1 samples, mean = 2954.0 (flags = 0x41)
0     ... 
2415  -O                                                                        (1 = 100.0%) {0.0%}
3069  ... 

Histogram: Navigation.StartToCommit.CrossProcess.MainFrame.ForegroundProcessPriority recorded 1 samples, mean = 2954.0 (flags = 0x41)
0     ... 
2415  -O                                                                        (1 = 100.0%) {0.0%}
3069  ... 

Histogram: Navigation.StartToCommit.CrossProcess.MainFrame.NewNavigation recorded 1 samples, mean = 2954.0 (flags = 0x41)
0     ... 
2415  -O                                                                        (1 = 100.0%) {0.0%}
3069  ... 

Histogram: Navigation.StartToCommit.CrossProcess.NewNavigation recorded 1 samples, mean = 2954.0 (flags = 0x41)
0     ... 
2415  -O                                                                        (1 = 100.0%) {0.0%}
3069  ... 

Histogram: Navigation.StartToCommit.ForegroundProcessPriority recorded 1 samples, mean = 2954.0 (flags = 0x41)
0     ... 
2415  -O                                                                        (1 = 100.0%) {0.0%}
3069  ... 

Histogram: Navigation.StartToCommit.MainFrame recorded 1 samples, mean = 2954.0 (flags = 0x41)
0     ... 
2415  -O                                                                        (1 = 100.0%) {0.0%}
3069  ... 

Histogram: Navigation.StartToCommit.MainFrame.ForegroundProcessPriority recorded 1 samples, mean = 2954.0 (flags = 0x41)
0     ... 
2415  -O                                                                        (1 = 100.0%) {0.0%}
3069  ... 

Histogram: Navigation.StartToCommit.MainFrame.NewNavigation recorded 1 samples, mean = 2954.0 (flags = 0x41)
0     ... 
2415  -O                                                                        (1 = 100.0%) {0.0%}
3069  ... 

Histogram: Navigation.StartToCommit.NewNavigation recorded 1 samples, mean = 2954.0 (flags = 0x41)
0     ... 
2415  -O                                                                        (1 = 100.0%) {0.0%}
3069  ... 

Histogram: Navigation.SuddenTerminationDisabler.AllOrigins recorded 1 samples, mean = 13.0 (flags = 0x41)
0   ... 
13  -O                                                                        (1 = 100.0%) {0.0%}
14  ... 

Histogram: Navigation.SuddenTerminationDisabler.SameOrigin recorded 1 samples, mean = 13.0 (flags = 0x41)
0   ... 
13  -O                                                                        (1 = 100.0%) {0.0%}
14  ... 

Histogram: Navigation.SwapRFHToCompositorCreation recorded 1 samples, mean = 335.0 (flags = 0x41)
0    ... 
288  -O                                                                        (1 = 100.0%) {0.0%}
375  ... 

Histogram: Navigation.ThrottleCount recorded 2 samples, mean = 20.0 (flags = 0x41)
0   ... 
20  --O                                                                       (2 = 100.0%) {0.0%}
21  ... 

Histogram: Navigation.ThrottleEventDurationTime.WillProcessResponse recorded 1 samples, mean = 0.0 (flags = 0x41)
0  -O                                                                        (1 = 100.0%)
1  ... 

Histogram: Navigation.ThrottleEventDurationTime.WillRedirectRequest recorded 1 samples, mean = 0.0 (flags = 0x41)
0  -O                                                                        (1 = 100.0%)
1  ... 

Histogram: Navigation.ThrottleEventDurationTime.WillStartRequest recorded 2 samples, mean = 0.0 (flags = 0x41)
0  --O                                                                       (2 = 100.0%)
1  ... 

Histogram: Navigation.ThrottleEventExecutionTime.WillProcessResponse recorded 1 samples, mean = 0.0 (flags = 0x41)
0  -O                                                                        (1 = 100.0%)
1  ... 

Histogram: Navigation.ThrottleEventExecutionTime.WillRedirectRequest recorded 1 samples, mean = 0.0 (flags = 0x41)
0  -O                                                                        (1 = 100.0%)
1  ... 

Histogram: Navigation.ThrottleEventExecutionTime.WillStartRequest recorded 2 samples, mean = 0.0 (flags = 0x41)
0  --O                                                                       (2 = 100.0%)
1  ... 

Histogram: Navigation.ThrottleExecutionTime.WillProcessResponse recorded 20 samples, mean = 0.0 (flags = 0x41)
0  --------------------O                                                     (20 = 100.0%)
1  ... 

Histogram: Navigation.ThrottleExecutionTime.WillRedirectRequest recorded 20 samples, mean = 0.0 (flags = 0x41)
0  --------------------O                                                     (20 = 100.0%)
1  ... 

Histogram: Navigation.ThrottleExecutionTime.WillStartRequest recorded 40 samples, mean = 0.0 (flags = 0x41)
0  ----------------------------------------O                                 (40 = 100.0%)
1  ... 

Histogram: Navigation.ThrottleTotalDeferCount recorded 3 samples, mean = 0.0 (flags = 0x41)
0  ---O                                                                      (3 = 100.0%)
1  ... 

Histogram: Navigation.ThrottleTotalDeferCount.Request recorded 3 samples, mean = 0.0 (flags = 0x41)
0  ---O                                                                      (3 = 100.0%)
1  ... 

Histogram: Navigation.ThrottleTotalDeferTime recorded 3 samples, mean = 0.0 (flags = 0x41)
0  ---O                                                                      (3 = 100.0%)
1  ... 

Histogram: Navigation.ThrottleTotalDeferTime.Request recorded 3 samples, mean = 0.0 (flags = 0x41)
0  ---O                                                                      (3 = 100.0%)
1  ... 

Histogram: Navigation.Throttles.PolicyBlocklist.DeferDurationTime recorded 2 samples, mean = 0.0 (flags = 0x41)
0  --O                                                                       (2 = 100.0%)
1  ... 

Histogram: Navigation.Throttles.PolicyBlocklist.RequestThrottleAction recorded 2 samples, mean = 2.5 (flags = 0x41)
0  O                                                                         (0 = 0.0%)
1  -O                                                                        (1 = 50.0%) {0.0%}
2  ... 
4  -O                                                                        (1 = 50.0%) {50.0%}
5  ... 

Histogram: Navigation.Throttles.PolicyBlocklist.RequestToResponseTime recorded 1 samples, mean = 0.0 (flags = 0x41)
0  -O                                                                        (1 = 100.0%)
1  ... 

Histogram: Navigation.TimeToReadyToCommit2 recorded 1 samples, mean = 2621.0 (flags = 0x41)
0     ... 
2415  -O                                                                        (1 = 100.0%) {0.0%}
3069  ... 

Histogram: Navigation.TimeToReadyToCommit2.CrossProcess recorded 1 samples, mean = 2621.0 (flags = 0x41)
0     ... 
2415  -O                                                                        (1 = 100.0%) {0.0%}
3069  ... 

Histogram: Navigation.TimeToReadyToCommit2.CrossProcess.NewNavigation recorded 1 samples, mean = 2621.0 (flags = 0x41)
0     ... 
2415  -O                                                                        (1 = 100.0%) {0.0%}
3069  ... 

Histogram: Navigation.TimeToReadyToCommit2.MainFrame recorded 1 samples, mean = 2621.0 (flags = 0x41)
0     ... 
2415  -O                                                                        (1 = 100.0%) {0.0%}
3069  ... 

Histogram: Navigation.TimeToReadyToCommit2.MainFrame.NewNavigation recorded 1 samples, mean = 2621.0 (flags = 0x41)
0     ... 
2415  -O                                                                        (1 = 100.0%) {0.0%}
3069  ... 

Histogram: Navigation.TimeToReadyToCommit2.NewNavigation recorded 1 samples, mean = 2621.0 (flags = 0x41)
0     ... 
2415  -O                                                                        (1 = 100.0%) {0.0%}
3069  ... 

Histogram: Navigation.Unload recorded 1 samples, mean = 0.0 (flags = 0x41)
0  -O                                                                        (1 = 100.0%)
1  ... 

Histogram: Navigation.UserAgentStringType recorded 4 samples, mean = 1.0 (flags = 0x41)
0  O                                                                         (0 = 0.0%)
1  ----O                                                                     (4 = 100.0%) {0.0%}
2  ... 

Histogram: Navigation.WillStartRequestToLoaderStart.MainFrame recorded 2 samples, mean = 0.5 (flags = 0x41)
0  -O                                                                        (1 = 50.0%)
1  -O                                                                        (1 = 50.0%) {50.0%}
2  ... 

Histogram: NavigationPredictor.SearchEnginePreconnector.IsBrowserAppLikelyInForeground recorded 71 samples, mean = 0.0 (flags = 0x41)
0  ---------------------------------------------------------------------O    (69 = 97.2%)
1  --O                                                                       (2 = 2.8%) {97.2%}
2  O                                                                         (0 = 0.0%) {100.0%}

Histogram: NavigationSuggestion.GetDomainInfoDelayBeforeAllowingNavigation recorded 1 samples, mean = 0.0 (flags = 0x41)
0  -O                                                                        (1 = 100.0%)
1  ... 

Histogram: NavigationSuggestion.IsLookalikeUrlDelayBeforeAllowingNavigation recorded 1 samples, mean = 0.0 (flags = 0x41)
0  -O                                                                        (1 = 100.0%)
1  ... 

Histogram: NavigationSuggestion.PerformChecksDelayBeforeAllowingNavigation recorded 1 samples, mean = 0.0 (flags = 0x41)
0  -O                                                                        (1 = 100.0%)
1  ... 

Histogram: Net.AlternateProtocolUsage recorded 37 samples, mean = 1.6 (flags = 0x41)
0  ----O                                                                     (4 = 10.8%)
1  ---------------------------O                                              (27 = 73.0%) {10.8%}
2  --O                                                                       (2 = 5.4%) {83.8%}
3  ... 
7  ----O                                                                     (4 = 10.8%) {89.2%}
8  O                                                                         (0 = 0.0%) {100.0%}

Histogram: Net.AlternateProtocolUsageGoogle recorded 27 samples, mean = 1.1 (flags = 0x41)
0  O                                                                         (0 = 0.0%)
1  -------------------------O                                                (25 = 92.6%) {0.0%}
2  --O                                                                       (2 = 7.4%) {92.6%}
3  ... 

Histogram: Net.AlternativeServiceTypeForRequest recorded 46 samples, mean = 0.8 (flags = 0x41)
0  --------O                                                                 (8 = 17.4%)
1  --------------------------------------O                                   (38 = 82.6%) {17.4%}
2  ... 

Histogram: Net.CertVerifier.PathBuilderIterationCount recorded 13 samples, mean = 2.0 (flags = 0x41)
0  ... 
2  -------------O                                                            (13 = 100.0%) {0.0%}
3  ... 

Histogram: Net.CertVerifier_First_Job_Latency recorded 1 samples, mean = 375.0 (flags = 0x41)
0    ... 
348  -O                                                                        (1 = 100.0%) {0.0%}
394  ... 

Histogram: Net.CertVerifier_Job_Latency recorded 13 samples, mean = 408.5 (flags = 0x41)
0    -O                                                                        (1 = 7.7%)
1    ... 
14   -O                                                                        (1 = 7.7%) {7.7%}
16   ... 
271  --O                                                                       (2 = 15.4%) {15.4%}
307  --O                                                                       (2 = 15.4%) {30.8%}
348  -O                                                                        (1 = 7.7%) {46.2%}
394  ... 
505  -O                                                                        (1 = 7.7%) {53.8%}
572  ----O                                                                     (4 = 30.8%) {61.5%}
648  -O                                                                        (1 = 7.7%) {92.3%}
734  ... 

Histogram: Net.Certificate.TrustAnchor.Request recorded 37 samples (flags = 0x41)
210  ----O                                                                     (4 = 10.8%)
483  --------------------O                                                     (20 = 54.1%)
486  -------------O                                                            (13 = 35.1%)

Histogram: Net.Certificate.TrustAnchor.Verify recorded 13 samples (flags = 0x41)
210  --O                                                                       (2 = 15.4%)
483  -----O                                                                    (5 = 38.5%)
486  ------O                                                                   (6 = 46.2%)

Histogram: Net.ConnectionInfo.MainFrame recorded 1 samples, mean = 40.0 (flags = 0x41)
0   ... 
40  -O                                                                        (1 = 100.0%) {0.0%}
41  ... 

Histogram: Net.ConnectionInfo.SubResource recorded 8 samples, mean = 26.5 (flags = 0x41)
0   ... 
4   ---O                                                                      (3 = 37.5%) {0.0%}
5   ... 
40  -----O                                                                    (5 = 62.5%) {37.5%}
41  ... 

Histogram: Net.ContentEncodingType recorded 72 samples, mean = 0.5 (flags = 0x41)
0  ------------------------------------O                                     (36 = 50.0%)
1  ---------------------------------O                                        (33 = 45.8%) {50.0%}
2  ---O                                                                      (3 = 4.2%) {95.8%}
3  ... 

Histogram: Net.Cors.AccessCheckResult recorded 8 samples, mean = 0.0 (flags = 0x41)
0  --------O                                                                 (8 = 100.0%)
1  ... 

Histogram: Net.CountOfQuicServerInfos recorded 1 samples, mean = 0.0 (flags = 0x41)
0  -O                                                                        (1 = 100.0%)
1  ... 

Histogram: Net.DNS.DnsConfig.DnsClientCapability recorded 52 samples, mean = 1.0 (flags = 0x41)
0  O                                                                         (0 = 0.0%)
1  ----------------------------------------------------O                     (52 = 100.0%) {0.0%}
2  ... 

Histogram: Net.DNS.DnsConfig.SecureDnsMode recorded 1 samples, mean = 4.0 (flags = 0x41)
0  ... 
4  -O                                                                        (1 = 100.0%) {0.0%}
5  ... 

Histogram: Net.DNS.DnsConfig.Windows.Compatibility recorded 4 samples, mean = 0.0 (flags = 0x41)
0  ----O                                                                     (4 = 100.0%)
1  ... 

Histogram: Net.DNS.DnsConfig.Windows.ReadSystemSettings0 recorded 3 samples, mean = 0.0 (flags = 0x41)
0  ---O                                                                      (3 = 100.0%)
1  ... 

Histogram: Net.DNS.DnsHosts.Count recorded 1 samples, mean = 0.0 (flags = 0x41)
0  -O                                                                        (1 = 100.0%)
1  ... 

Histogram: Net.DNS.DnsHosts.EstimateMemoryUsage recorded 1 samples, mean = 0.0 (flags = 0x41)
0  -O                                                                        (1 = 100.0%)
1000... 

Histogram: Net.DNS.DnsHosts.FileSize recorded 1 samples, mean = 824.0 (flags = 0x41)
0    ... 
737  -O                                                                        (1 = 100.0%) {0.0%}
1065 ... 

Histogram: Net.DNS.DnsTask.SuccessTime recorded 32 samples, mean = 3.6 (flags = 0x41)
0   ... 
2   ---O                                                                      (3 = 9.4%) {0.0%}
3   --------------------O                                                     (20 = 62.5%) {9.4%}
4   ------O                                                                   (6 = 18.8%) {71.9%}
5   -O                                                                        (1 = 3.1%) {90.6%}
6   ... 
9   -O                                                                        (1 = 3.1%) {93.8%}
10  O                                                                         (0 = 0.0%) {96.9%}
12  -O                                                                        (1 = 3.1%) {96.9%}
14  ... 

Histogram: Net.DNS.DnsTask.SvcbHttpsTransactionError recorded 32 samples, mean = 0.0 (flags = 0x41)
0  --------------------------------O                                         (32 = 100.0%)
1  ... 

Histogram: Net.DNS.DnsTransaction.AttemptType recorded 64 samples, mean = 0.0 (flags = 0x41)
0  ----------------------------------------------------------------O         (64 = 100.0%)
1  ... 

Histogram: Net.DNS.DnsTransaction.Insecure.Other.SuccessTime recorded 64 samples, mean = 3.2 (flags = 0x41)
0   ... 
2   ----------------------O                                                   (22 = 34.4%) {0.0%}
3   -------------------------------O                                          (31 = 48.4%) {34.4%}
4   -------O                                                                  (7 = 10.9%) {82.8%}
5   ... 
8   --O                                                                       (2 = 3.1%) {93.8%}
10  --O                                                                       (2 = 3.1%) {96.9%}
13  ... 

Histogram: Net.DNS.H3SupportedGoogleHost.TaskTypeMetadataAvailability2 recorded 1 samples, mean = 3.0 (flags = 0x41)
0  ... 
3  -O                                                                        (1 = 100.0%) {0.0%}
4  ... 

Histogram: Net.DNS.HTTPSSVC.RecordHttps.Insecure.ExpectNoerror.DnsRcode recorded 32 samples, mean = 3.0 (flags = 0x41)
0  ... 
3  --------------------------------O                                         (32 = 100.0%) {0.0%}
4  ... 

Histogram: Net.DNS.HTTPSSVC.RecordHttps.Insecure.ExpectNoerror.Parsable recorded 2 samples, mean = 1.0 (flags = 0x41)
0  O                                                                         (0 = 0.0%)
1  --O                                                                       (2 = 100.0%) {0.0%}
2  O                                                                         (0 = 0.0%) {100.0%}

Histogram: Net.DNS.HTTPSSVC.RecordHttps.Insecure.ExpectNoerror.ResolveTimeAddress recorded 32 samples, mean = 3.4 (flags = 0x41)
0   ... 
2   -------O                                                                  (7 = 21.9%) {0.0%}
3   ------------------O                                                       (18 = 56.2%) {21.9%}
4   ----O                                                                     (4 = 12.5%) {78.1%}
5   -O                                                                        (1 = 3.1%) {90.6%}
6   O                                                                         (0 = 0.0%) {93.8%}
8   -O                                                                        (1 = 3.1%) {93.8%}
10  -O                                                                        (1 = 3.1%) {96.9%}
13  ... 

Histogram: Net.DNS.HTTPSSVC.RecordHttps.Insecure.ExpectNoerror.ResolveTimeExperimental recorded 32 samples, mean = 3.4 (flags = 0x41)
0   ... 
2   -----O                                                                    (5 = 15.6%) {0.0%}
3   ----------------------O                                                   (22 = 68.8%) {15.6%}
4   ---O                                                                      (3 = 9.4%) {84.4%}
5   ... 
8   -O                                                                        (1 = 3.1%) {93.8%}
10  -O                                                                        (1 = 3.1%) {96.9%}
13  ... 

Histogram: Net.DNS.HTTPSSVC.RecordHttps.Insecure.ExpectNoerror.ResolveTimeRatio recorded 32 samples, mean = 9.5 (flags = 0x41)
0   ... 
7   ----O                                                                     (4 = 12.5%) {0.0%}
8   ---O                                                                      (3 = 9.4%) {12.5%}
9   ----------O                                                               (10 = 31.2%) {21.9%}
10  ----------O                                                               (10 = 31.2%) {53.1%}
11  -O                                                                        (1 = 3.1%) {84.4%}
12  ---O                                                                      (3 = 9.4%) {87.5%}
13  ... 
15  -O                                                                        (1 = 3.1%) {96.9%}
16  ... 

Histogram: Net.DNS.JobQueueTime.PerTransaction recorded 64 samples, mean = 0.0 (flags = 0x41)
0  ----------------------------------------------------------------O         (64 = 100.0%)
1  ... 

Histogram: Net.DNS.JobQueueTime.Success recorded 32 samples, mean = 0.0 (flags = 0x41)
0  --------------------------------O                                         (32 = 100.0%)
1  ... 

Histogram: Net.DNS.Request.TotalTime recorded 198 samples, mean = 0.6 (flags = 0x41)
0   ------------------------------------------------------------------------O (197 = 99.5%)
10  O                                                                         (0 = 0.0%) {99.5%}
12  O                                                                         (1 = 0.5%) {99.5%}
15  ... 

Histogram: Net.DNS.Request.TotalTimeAsync recorded 39 samples, mean = 3.1 (flags = 0x41)
0   --------------------------------------O                                   (38 = 97.4%)
10  O                                                                         (0 = 0.0%) {97.4%}
12  -O                                                                        (1 = 2.6%) {97.4%}
15  ... 

Histogram: Net.DNS.ResolveCategory recorded 40 samples, mean = 0.2 (flags = 0x41)
0  -------------------------------O                                          (31 = 77.5%)
1  --------O                                                                 (8 = 20.0%) {77.5%}
2  -O                                                                        (1 = 2.5%) {97.5%}
3  ... 

Histogram: Net.DNS.ResolveError.Fast recorded 8 samples (flags = 0x41)
105  --------O                                                                 (8 = 100.0%)

Histogram: Net.DNS.ResolveFailureTime recorded 8 samples, mean = 0.1 (flags = 0x41)
0  -------O                                                                  (7 = 87.5%)
1  -O                                                                        (1 = 12.5%) {87.5%}
2  ... 

Histogram: Net.DNS.ResolveSuccessTime recorded 31 samples, mean = 3.7 (flags = 0x41)
0   ... 
2   -O                                                                        (1 = 3.2%) {0.0%}
3   --------------------O                                                     (20 = 64.5%) {3.2%}
4   -------O                                                                  (7 = 22.6%) {67.7%}
5   -O                                                                        (1 = 3.2%) {90.3%}
6   ... 
9   -O                                                                        (1 = 3.2%) {93.5%}
10  O                                                                         (0 = 0.0%) {96.8%}
12  -O                                                                        (1 = 3.2%) {96.8%}
14  ... 

Histogram: Net.DNS.SystemTask.FailureTime recorded 8 samples, mean = 0.1 (flags = 0x41)
0  -------O                                                                  (7 = 87.5%)
1  -O                                                                        (1 = 12.5%) {87.5%}
2  ... 

Histogram: Net.DNS.UpgradeConfig.HasPublicInsecureNameserver recorded 1 samples, mean = 1.0 (flags = 0x41)
0  O                                                                         (0 = 0.0%)
1  -O                                                                        (1 = 100.0%) {0.0%}
2  O                                                                         (0 = 0.0%) {100.0%}

Histogram: Net.DNS.UpgradeConfig.Ineligible.DohSpecified recorded 1 samples, mean = 0.0 (flags = 0x41)
0  -O                                                                        (1 = 100.0%)
1  ... 

Histogram: Net.DNS.UpgradeConfig.Ineligible.UnhandledOptions recorded 1 samples, mean = 0.0 (flags = 0x41)
0  -O                                                                        (1 = 100.0%)
1  ... 

Histogram: Net.DNS.UpgradeConfig.InsecureUpgradeSucceeded recorded 1 samples, mean = 0.0 (flags = 0x41)
0  -O                                                                        (1 = 100.0%)
1  ... 

Histogram: Net.DNS_Resolution_And_TCP_Connection_Latency2 recorded 7 samples, mean = 68.6 (flags = 0x41)
0    ... 
3    --O                                                                       (2 = 28.6%) {0.0%}
4    ... 
29   -O                                                                        (1 = 14.3%) {28.6%}
33   -O                                                                        (1 = 14.3%) {42.9%}
37   -O                                                                        (1 = 14.3%) {57.1%}
42   ... 
164  -O                                                                        (1 = 14.3%) {71.4%}
186  -O                                                                        (1 = 14.3%) {85.7%}
211  ... 

Histogram: Net.ErrorCodesForMainFrame4 recorded 2 samples (flags = 0x41)
0  -O                                                                        (1 = 50.0%)
3  -O                                                                        (1 = 50.0%)

Histogram: Net.ErrorCodesForSubresources3 recorded 44 samples (flags = 0x41)
0  --------------------------------------------O                             (44 = 100.0%)

Histogram: Net.HttpJob.BytesReceived2 recorded 37 samples, mean = 4147.9 (flags = 0x41)
0      ... 
56     -O                                                                        (1 = 2.7%) {0.0%}
80     ... 
340    --O                                                                       (2 = 5.4%) {2.7%}
488    ---O                                                                      (3 = 8.1%) {8.1%}
700    O                                                                         (0 = 0.0%) {16.2%}
1004   --------------------------O                                               (26 = 70.3%) {16.2%}
1440   ... 
2961   ---O                                                                      (3 = 8.1%) {86.5%}
4246   ... 
17959  -O                                                                        (1 = 2.7%) {94.6%}
25755  ... 
75961  -O                                                                        (1 = 2.7%) {97.3%}
108935 ... 

Histogram: Net.HttpJob.BytesSent2 recorded 37 samples, mean = 991.3 (flags = 0x41)
0     ... 
19    -O                                                                        (1 = 2.7%) {0.0%}
27    ... 
165   -O                                                                        (1 = 2.7%) {2.7%}
237   O                                                                         (0 = 0.0%) {5.4%}
340   --O                                                                       (2 = 5.4%) {5.4%}
488   --O                                                                       (2 = 5.4%) {10.8%}
700   ----O                                                                     (4 = 10.8%) {16.2%}
1004  -------------------------O                                                (25 = 67.6%) {27.0%}
1440  --O                                                                       (2 = 5.4%) {94.6%}
2065  ... 

Histogram: Net.HttpJob.MainJobWaitTimeWithAvailableSpdySession recorded 2 samples, mean = 0.0 (flags = 0x41)
0  --O                                                                       (2 = 100.0%)
1  ... 

Histogram: Net.HttpJob.MainJobWaitTimeWithoutAvailableSpdySession recorded 29 samples, mean = 67.4 (flags = 0x41)
0    ... 
5    -O                                                                        (1 = 3.4%) {0.0%}
6    ... 
8    -O                                                                        (1 = 3.4%) {3.4%}
10   ... 
40   -O                                                                        (1 = 3.4%) {6.9%}
48   ------------------O                                                       (18 = 62.1%) {10.3%}
57   ------O                                                                   (6 = 20.7%) {72.4%}
68   ... 
268  --O                                                                       (2 = 6.9%) {93.1%}
318  ... 

Histogram: Net.HttpJob.PrefilterBytesRead recorded 74 samples, mean = 18483.8 (flags = 0x41)
0       ---O                                                                      (3 = 4.1%)
1       ... 
13      -O                                                                        (1 = 1.4%) {4.1%}
19      -O                                                                        (1 = 1.4%) {5.4%}
27      O                                                                         (0 = 0.0%) {6.8%}
39      -O                                                                        (1 = 1.4%) {6.8%}
56      -O                                                                        (1 = 1.4%) {8.1%}
80      -O                                                                        (1 = 1.4%) {9.5%}
115     O                                                                         (0 = 0.0%) {10.8%}
165     -O                                                                        (1 = 1.4%) {10.8%}
237     O                                                                         (0 = 0.0%) {12.2%}
340     -O                                                                        (1 = 1.4%) {12.2%}
488     ----O                                                                     (4 = 5.4%) {13.5%}
700     ----O                                                                     (4 = 5.4%) {18.9%}
1004    ---------------------------O                                              (27 = 36.5%) {24.3%}
1440    --O                                                                       (2 = 2.7%) {60.8%}
2065    -O                                                                        (1 = 1.4%) {63.5%}
2961    --O                                                                       (2 = 2.7%) {64.9%}
4246    -O                                                                        (1 = 1.4%) {67.6%}
6089    -O                                                                        (1 = 1.4%) {68.9%}
8732    ---O                                                                      (3 = 4.1%) {70.3%}
12523   -O                                                                        (1 = 1.4%) {74.3%}
17959   ----O                                                                     (4 = 5.4%) {75.7%}
25755   --O                                                                       (2 = 2.7%) {81.1%}
36935   ----O                                                                     (4 = 5.4%) {83.8%}
52968   O                                                                         (0 = 0.0%) {89.2%}
75961   -----O                                                                    (5 = 6.8%) {89.2%}
108935  --O                                                                       (2 = 2.7%) {95.9%}
156223  -O                                                                        (1 = 1.4%) {98.6%}
224038  ... 

Histogram: Net.HttpJob.PrefilterBytesRead.Cache recorded 39 samples, mean = 31587.1 (flags = 0x41)
0       -O                                                                        (1 = 2.6%)
1       ... 
165     -O                                                                        (1 = 2.6%) {2.6%}
237     O                                                                         (0 = 0.0%) {5.1%}
340     -O                                                                        (1 = 2.6%) {5.1%}
488     ----O                                                                     (4 = 10.3%) {7.7%}
700     ----O                                                                     (4 = 10.3%) {17.9%}
1004    -O                                                                        (1 = 2.6%) {28.2%}
1440    --O                                                                       (2 = 5.1%) {30.8%}
2065    -O                                                                        (1 = 2.6%) {35.9%}
2961    --O                                                                       (2 = 5.1%) {38.5%}
4246    -O                                                                        (1 = 2.6%) {43.6%}
6089    -O                                                                        (1 = 2.6%) {46.2%}
8732    ---O                                                                      (3 = 7.7%) {48.7%}
12523   O                                                                         (0 = 0.0%) {56.4%}
17959   ----O                                                                     (4 = 10.3%) {56.4%}
25755   --O                                                                       (2 = 5.1%) {66.7%}
36935   ----O                                                                     (4 = 10.3%) {71.8%}
52968   O                                                                         (0 = 0.0%) {82.1%}
75961   ----O                                                                     (4 = 10.3%) {82.1%}
108935  --O                                                                       (2 = 5.1%) {92.3%}
156223  -O                                                                        (1 = 2.6%) {97.4%}
224038  ... 

Histogram: Net.HttpJob.PrefilterBytesRead.Net recorded 35 samples, mean = 3883.0 (flags = 0x41)
0      --O                                                                       (2 = 5.7%)
1      ... 
13     -O                                                                        (1 = 2.9%) {5.7%}
19     -O                                                                        (1 = 2.9%) {8.6%}
27     O                                                                         (0 = 0.0%) {11.4%}
39     -O                                                                        (1 = 2.9%) {11.4%}
56     -O                                                                        (1 = 2.9%) {14.3%}
80     -O                                                                        (1 = 2.9%) {17.1%}
115    ... 
1004   --------------------------O                                               (26 = 74.3%) {20.0%}
1440   ... 
12523  -O                                                                        (1 = 2.9%) {94.3%}
17959  ... 
75961  -O                                                                        (1 = 2.9%) {97.1%}
108935 ... 

Histogram: Net.HttpJob.ProxyTypeSuccess recorded 37 samples, mean = 1.0 (flags = 0x41)
0  O                                                                         (0 = 0.0%)
1  -------------------------------------O                                    (37 = 100.0%) {0.0%}
2  ... 

Histogram: Net.HttpJob.TotalTime recorded 74 samples, mean = 240.4 (flags = 0x41)
0     --O                                                                       (2 = 2.7%)
1     -------O                                                                  (7 = 9.5%) {2.7%}
2     -O                                                                        (1 = 1.4%) {12.2%}
3     -O                                                                        (1 = 1.4%) {13.5%}
4     ---O                                                                      (3 = 4.1%) {14.9%}
5     -----O                                                                    (5 = 6.8%) {18.9%}
6     --O                                                                       (2 = 2.7%) {25.7%}
7     ----O                                                                     (4 = 5.4%) {28.4%}
8     --O                                                                       (2 = 2.7%) {33.8%}
10    ----O                                                                     (4 = 5.4%) {36.5%}
12    ----O                                                                     (4 = 5.4%) {41.9%}
14    --O                                                                       (2 = 2.7%) {47.3%}
17    ... 
135   -O                                                                        (1 = 1.4%) {50.0%}
160   -O                                                                        (1 = 1.4%) {51.4%}
190   --O                                                                       (2 = 2.7%) {52.7%}
226   --O                                                                       (2 = 2.7%) {55.4%}
268   --O                                                                       (2 = 2.7%) {58.1%}
318   ------O                                                                   (6 = 8.1%) {60.8%}
378   -------O                                                                  (7 = 9.5%) {68.9%}
449   -----O                                                                    (5 = 6.8%) {78.4%}
533   -------O                                                                  (7 = 9.5%) {85.1%}
633   ... 
894   ---O                                                                      (3 = 4.1%) {94.6%}
1062  O                                                                         (0 = 0.0%) {98.6%}
1262  -O                                                                        (1 = 1.4%) {98.6%}
1500  ... 

Histogram: Net.HttpJob.TotalTime.Secure.Quic recorded 25 samples, mean = 501.4 (flags = 0x41)
0    ... 
136  -O                                                                        (1 = 4.0%) {0.0%}
173  ... 
280  -----O                                                                    (5 = 20.0%) {4.0%}
356  -------O                                                                  (7 = 28.0%) {24.0%}
452  -------O                                                                  (7 = 28.0%) {52.0%}
574  --O                                                                       (2 = 8.0%) {80.0%}
729  O                                                                         (0 = 0.0%) {88.0%}
926  ---O                                                                      (3 = 12.0%) {88.0%}
1177 ... 

Histogram: Net.HttpJob.TotalTime.TLS13.Google recorded 2 samples, mean = 547.5 (flags = 0x41)
0    ... 
449  -O                                                                        (1 = 50.0%) {0.0%}
533  -O                                                                        (1 = 50.0%) {50.0%}
633  ... 

Histogram: Net.HttpJob.TotalTimeCached recorded 39 samples, mean = 20.1 (flags = 0x41)
0    --O                                                                       (2 = 5.1%)
1    -------O                                                                  (7 = 17.9%) {5.1%}
2    -O                                                                        (1 = 2.6%) {23.1%}
3    -O                                                                        (1 = 2.6%) {25.6%}
4    ---O                                                                      (3 = 7.7%) {28.2%}
5    -----O                                                                    (5 = 12.8%) {35.9%}
6    --O                                                                       (2 = 5.1%) {48.7%}
7    ----O                                                                     (4 = 10.3%) {53.8%}
8    --O                                                                       (2 = 5.1%) {64.1%}
10   ----O                                                                     (4 = 10.3%) {69.2%}
12   ----O                                                                     (4 = 10.3%) {79.5%}
14   --O                                                                       (2 = 5.1%) {89.7%}
17   ... 
226  -O                                                                        (1 = 2.6%) {94.9%}
268  O                                                                         (0 = 0.0%) {97.4%}
318  -O                                                                        (1 = 2.6%) {97.4%}
378  ... 

Histogram: Net.HttpJob.TotalTimeNotCached recorded 35 samples, mean = 486.0 (flags = 0x41)
0     ... 
135   -O                                                                        (1 = 2.9%) {0.0%}
160   -O                                                                        (1 = 2.9%) {2.9%}
190   --O                                                                       (2 = 5.7%) {5.7%}
226   -O                                                                        (1 = 2.9%) {11.4%}
268   --O                                                                       (2 = 5.7%) {14.3%}
318   -----O                                                                    (5 = 14.3%) {20.0%}
378   -------O                                                                  (7 = 20.0%) {34.3%}
449   -----O                                                                    (5 = 14.3%) {54.3%}
533   -------O                                                                  (7 = 20.0%) {68.6%}
633   ... 
894   ---O                                                                      (3 = 8.6%) {88.6%}
1062  O                                                                         (0 = 0.0%) {97.1%}
1262  -O                                                                        (1 = 2.9%) {97.1%}
1500  ... 

Histogram: Net.HttpJob.TotalTimeNotCached.Secure.Quic recorded 25 samples, mean = 501.4 (flags = 0x41)
0    ... 
136  -O                                                                        (1 = 4.0%) {0.0%}
173  ... 
280  -----O                                                                    (5 = 20.0%) {4.0%}
356  -------O                                                                  (7 = 28.0%) {24.0%}
452  -------O                                                                  (7 = 28.0%) {52.0%}
574  --O                                                                       (2 = 8.0%) {80.0%}
729  O                                                                         (0 = 0.0%) {88.0%}
926  ---O                                                                      (3 = 12.0%) {88.0%}
1177 ... 

Histogram: Net.HttpJob.TotalTimeSuccess recorded 74 samples, mean = 240.4 (flags = 0x41)
0     --O                                                                       (2 = 2.7%)
1     -------O                                                                  (7 = 9.5%) {2.7%}
2     -O                                                                        (1 = 1.4%) {12.2%}
3     -O                                                                        (1 = 1.4%) {13.5%}
4     ---O                                                                      (3 = 4.1%) {14.9%}
5     -----O                                                                    (5 = 6.8%) {18.9%}
6     --O                                                                       (2 = 2.7%) {25.7%}
7     ----O                                                                     (4 = 5.4%) {28.4%}
8     --O                                                                       (2 = 2.7%) {33.8%}
10    ----O                                                                     (4 = 5.4%) {36.5%}
12    ----O                                                                     (4 = 5.4%) {41.9%}
14    --O                                                                       (2 = 2.7%) {47.3%}
17    ... 
135   -O                                                                        (1 = 1.4%) {50.0%}
160   -O                                                                        (1 = 1.4%) {51.4%}
190   --O                                                                       (2 = 2.7%) {52.7%}
226   --O                                                                       (2 = 2.7%) {55.4%}
268   --O                                                                       (2 = 2.7%) {58.1%}
318   ------O                                                                   (6 = 8.1%) {60.8%}
378   -------O                                                                  (7 = 9.5%) {68.9%}
449   -----O                                                                    (5 = 6.8%) {78.4%}
533   -------O                                                                  (7 = 9.5%) {85.1%}
633   ... 
894   ---O                                                                      (3 = 4.1%) {94.6%}
1062  O                                                                         (0 = 0.0%) {98.6%}
1262  -O                                                                        (1 = 1.4%) {98.6%}
1500  ... 

Histogram: Net.HttpJob.TotalTimeSuccess.Priority1 recorded 28 samples, mean = 494.9 (flags = 0x41)
0    ... 
135  -O                                                                        (1 = 3.6%) {0.0%}
160  ... 
226  -O                                                                        (1 = 3.6%) {3.6%}
268  -O                                                                        (1 = 3.6%) {7.1%}
318  ----O                                                                     (4 = 14.3%) {10.7%}
378  -------O                                                                  (7 = 25.0%) {25.0%}
449  -----O                                                                    (5 = 17.9%) {50.0%}
533  ------O                                                                   (6 = 21.4%) {67.9%}
633  ... 
894  ---O                                                                      (3 = 10.7%) {89.3%}
1062 ... 

Histogram: Net.HttpJob.TotalTimeSuccess.Priority2 recorded 27 samples, mean = 76.2 (flags = 0x41)
0     -O                                                                        (1 = 3.7%)
1     ---O                                                                      (3 = 11.1%) {3.7%}
2     O                                                                         (0 = 0.0%) {14.8%}
3     -O                                                                        (1 = 3.7%) {14.8%}
4     -O                                                                        (1 = 3.7%) {18.5%}
5     --O                                                                       (2 = 7.4%) {22.2%}
6     --O                                                                       (2 = 7.4%) {29.6%}
7     --O                                                                       (2 = 7.4%) {37.0%}
8     --O                                                                       (2 = 7.4%) {44.4%}
10    ----O                                                                     (4 = 14.8%) {51.9%}
12    ----O                                                                     (4 = 14.8%) {66.7%}
14    --O                                                                       (2 = 7.4%) {81.5%}
17    ... 
160   -O                                                                        (1 = 3.7%) {88.9%}
190   ... 
318   -O                                                                        (1 = 3.7%) {92.6%}
378   ... 
1262  -O                                                                        (1 = 3.7%) {96.3%}
1500  ... 

Histogram: Net.HttpJob.TotalTimeSuccess.Priority3 recorded 1 samples, mean = 231.0 (flags = 0x41)
0    ... 
226  -O                                                                        (1 = 100.0%) {0.0%}
268  ... 

Histogram: Net.HttpJob.TotalTimeSuccess.Priority4 recorded 4 samples, mean = 251.2 (flags = 0x41)
0    O                                                                         (0 = 0.0%)
1    -O                                                                        (1 = 25.0%) {0.0%}
2    ... 
190  --O                                                                       (2 = 50.0%) {25.0%}
226  ... 
533  -O                                                                        (1 = 25.0%) {75.0%}
633  ... 

Histogram: Net.HttpJob.TotalTimeSuccess.Priority5 recorded 14 samples, mean = 45.8 (flags = 0x41)
0    -O                                                                        (1 = 7.1%)
1    ---O                                                                      (3 = 21.4%) {7.1%}
2    -O                                                                        (1 = 7.1%) {28.6%}
3    O                                                                         (0 = 0.0%) {35.7%}
4    --O                                                                       (2 = 14.3%) {35.7%}
5    ---O                                                                      (3 = 21.4%) {50.0%}
6    O                                                                         (0 = 0.0%) {71.4%}
7    --O                                                                       (2 = 14.3%) {71.4%}
8    ... 
268  -O                                                                        (1 = 7.1%) {85.7%}
318  -O                                                                        (1 = 7.1%) {92.9%}
378  ... 

Histogram: Net.HttpRequestSSLUpgradeDecision recorded 2 samples, mean = 5.0 (flags = 0x41)
0  ... 
5  --O                                                                       (2 = 100.0%) {0.0%}
6  O                                                                         (0 = 0.0%) {100.0%}

Histogram: Net.HttpRequestStsState recorded 2 samples, mean = 2.0 (flags = 0x41)
0  ... 
2  --O                                                                       (2 = 100.0%) {0.0%}
3  ... 

Histogram: Net.HttpResponseCode recorded 84 samples, mean = 269.1 (flags = 0x41)
0    ... 
200  ---------------------------------------------------O                      (51 = 60.7%) {0.0%}
201  ... 
204  --O                                                                       (2 = 2.4%) {60.7%}
205  ... 
302  --O                                                                       (2 = 2.4%) {63.1%}
303  O                                                                         (0 = 0.0%) {65.5%}
304  --O                                                                       (2 = 2.4%) {65.5%}
305  ... 
308  -O                                                                        (1 = 1.2%) {67.9%}
309  ... 
403  --------------------------O                                               (26 = 31.0%) {69.0%}
404  ... 

Histogram: Net.HttpTimeToFirstByte recorded 74 samples, mean = 241.5 (flags = 0x41)
0     -----------------------------------O                                      (35 = 47.3%)
10    --O                                                                       (2 = 2.7%) {47.3%}
12    ... 
171   -O                                                                        (1 = 1.4%) {50.0%}
210   ----O                                                                     (4 = 5.4%) {51.4%}
258   --O                                                                       (2 = 2.7%) {56.8%}
317   -------O                                                                  (7 = 9.5%) {59.5%}
389   -------O                                                                  (7 = 9.5%) {68.9%}
477   -----------O                                                              (11 = 14.9%) {78.4%}
585   -O                                                                        (1 = 1.4%) {93.2%}
718   O                                                                         (0 = 0.0%) {94.6%}
881   ---O                                                                      (3 = 4.1%) {94.6%}
1081  -O                                                                        (1 = 1.4%) {98.6%}
1326  ... 

Histogram: Net.HttpTimeToFirstByte.TLS13.Google recorded 2 samples, mean = 548.5 (flags = 0x41)
0    ... 
452  --O                                                                       (2 = 100.0%) {0.0%}
574  ... 

Histogram: Net.NetworkChangeNotifier.NewConnectionCost recorded 2 samples, mean = 1.0 (flags = 0x41)
0  O                                                                         (0 = 0.0%)
1  --O                                                                       (2 = 100.0%) {0.0%}
2  ... 

Histogram: Net.NumQuicSessionsAtShutdown recorded 3 samples, mean = 0.0 (flags = 0x41)
0  ---O                                                                      (3 = 100.0%)
1  ... 

Histogram: Net.OnTransferSizeUpdated.Experimental.OverridenBy recorded 64 samples, mean = 7.0 (flags = 0x41)
0   O                                                                         (0 = 0.0%)
1   -----------------------------------------O                                (41 = 64.1%) {0.0%}
2   ... 
11  --------O                                                                 (8 = 12.5%) {64.1%}
12  ------O                                                                   (6 = 9.4%) {76.6%}
13  ... 
26  -O                                                                        (1 = 1.6%) {85.9%}
27  O                                                                         (0 = 0.0%) {87.5%}
28  --------O                                                                 (8 = 12.5%) {87.5%}
29  ... 

Histogram: Net.QuicActiveSessions recorded 32 samples, mean = 0.5 (flags = 0x41)
0  ---------------------------O                                              (27 = 84.4%)
1  -O                                                                        (1 = 3.1%) {84.4%}
2  -O                                                                        (1 = 3.1%) {87.5%}
3  -O                                                                        (1 = 3.1%) {90.6%}
4  -O                                                                        (1 = 3.1%) {93.8%}
5  -O                                                                        (1 = 3.1%) {96.9%}
7  ... 

Histogram: Net.QuicChromiumClientStream.HandleOnCloseConnectionError recorded 31 samples (flags = 0x41)
0  -------------------------------O                                          (31 = 100.0%)

Histogram: Net.QuicChromiumClientStream.HandleOnCloseNetError recorded 31 samples (flags = 0x41)
100  -------------------------------O                                          (31 = 100.0%)

Histogram: Net.QuicChromiumClientStream.HandleOnCloseStreamError recorded 31 samples (flags = 0x41)
0  -------------------------------O                                          (31 = 100.0%)

Histogram: Net.QuicChromiumClientStream.HeaderDecodingDelay recorded 31 samples, mean = 0.0 (flags = 0x41)
0  -------------------------------O                                          (31 = 100.0%)
1  ... 

Histogram: Net.QuicChromiumClientStream.HeaderDecodingDelayGoogle recorded 25 samples, mean = 0.0 (flags = 0x41)
0  -------------------------O                                                (25 = 100.0%)
1  ... 

Histogram: Net.QuicConnection.WritePacketStatus recorded 436 samples, mean = 0.0 (flags = 0x41)
0  ------------------------------------------------------------------------O (436 = 100.0%)
1  ... 

Histogram: Net.QuicCryptoClientConfig.PopulatedFromCanonicalConfig recorded 6 samples, mean = 0.0 (flags = 0x41)
0  ------O                                                                   (6 = 100.0%)
1  ... 

Histogram: Net.QuicDroppedPacketReason recorded 29 samples, mean = 6.0 (flags = 0x41)
0  ... 
6  -----------------------------O                                            (29 = 100.0%) {0.0%}
7  O                                                                         (0 = 0.0%) {100.0%}

Histogram: Net.QuicHandshakeState recorded 96 samples, mean = 1.0 (flags = 0x41)
0  --------------------------------O                                         (32 = 33.3%)
1  --------------------------------O                                         (32 = 33.3%) {33.3%}
2  --------------------------------O                                         (32 = 33.3%) {66.7%}
3  ... 

Histogram: Net.QuicHttpStream.ProcessResponseHeaderSuccess recorded 31 samples, mean = 1.0 (flags = 0x41)
0  O                                                                         (0 = 0.0%)
1  -------------------------------O                                          (31 = 100.0%) {0.0%}
2  O                                                                         (0 = 0.0%) {100.0%}

Histogram: Net.QuicSession.AbortedPendingStreamRequests recorded 32 samples, mean = 0.0 (flags = 0x41)
0  --------------------------------O                                         (32 = 100.0%)
1  ... 

Histogram: Net.QuicSession.AcceptChForOrigin recorded 31 samples, mean = 0.1 (flags = 0x41)
0  -----------------------------O                                            (29 = 93.5%)
1  --O                                                                       (2 = 6.5%) {93.5%}
2  O                                                                         (0 = 0.0%) {100.0%}

Histogram: Net.QuicSession.AcceptChFrameReceivedViaAlps recorded 29 samples, mean = 1.0 (flags = 0x41)
0  O                                                                         (0 = 0.0%)
1  -----------------------------O                                            (29 = 100.0%) {0.0%}
2  ... 

Histogram: Net.QuicSession.AsyncRead recorded 571 samples, mean = 0.6 (flags = 0x41)
0  -------------------------------------------------------O                  (248 = 43.4%)
1  ------------------------------------------------------------------------O (323 = 56.6%) {43.4%}
2  O                                                                         (0 = 0.0%) {100.0%}

Histogram: Net.QuicSession.BlockedFrames.Received recorded 32 samples, mean = 0.0 (flags = 0x41)
0  --------------------------------O                                         (32 = 100.0%)
1  ... 

Histogram: Net.QuicSession.BlockedFrames.Sent recorded 32 samples, mean = 0.0 (flags = 0x41)
0  --------------------------------O                                         (32 = 100.0%)
1  ... 

Histogram: Net.QuicSession.CertVerificationResult recorded 45 samples (flags = 0x41)
0  ---------------------------------------------O                            (45 = 100.0%)

Histogram: Net.QuicSession.ClientSideMtu recorded 32 samples (flags = 0x41)
1250  --------------------------------O                                         (32 = 100.0%)

Histogram: Net.QuicSession.CloseAllSessionsError recorded 3 samples (flags = 0x41)
3  ---O                                                                      (3 = 100.0%)

Histogram: Net.QuicSession.ClosedDuringInitializeSession recorded 32 samples, mean = 0.0 (flags = 0x41)
0  --------------------------------O                                         (32 = 100.0%)
1  ... 

Histogram: Net.QuicSession.CoalesceStreamFrameStatus recorded 282 samples, mean = 0.4 (flags = 0x41)
0  ------------------------------------------------------------------------O (181 = 64.2%)
1  ----------------------------------------O                                 (101 = 35.8%) {64.2%}
2  O                                                                         (0 = 0.0%) {100.0%}

Histogram: Net.QuicSession.ConnectRandomPortForHTTPS recorded 32 samples, mean = 0.0 (flags = 0x41)
0  --------------------------------O                                         (32 = 100.0%)
1  ... 

Histogram: Net.QuicSession.ConnectionClose.NumOpenStreams.TimedOut recorded 32 samples, mean = 0.0 (flags = 0x41)
0  --------------------------------O                                         (32 = 100.0%)
1  ... 

Histogram: Net.QuicSession.ConnectionCloseErrorCodeClient recorded 32 samples (flags = 0x41)
25  --------------------------------O                                         (32 = 100.0%)

Histogram: Net.QuicSession.ConnectionCloseErrorCodeClient.HandshakeConfirmed recorded 32 samples (flags = 0x41)
25  --------------------------------O                                         (32 = 100.0%)

Histogram: Net.QuicSession.ConnectionCloseErrorCodeClientGoogle recorded 29 samples (flags = 0x41)
25  -----------------------------O                                            (29 = 100.0%)

Histogram: Net.QuicSession.ConnectionCloseErrorCodeClientGoogle.HandshakeConfirmed recorded 29 samples (flags = 0x41)
25  -----------------------------O                                            (29 = 100.0%)

Histogram: Net.QuicSession.ConnectionDuration recorded 32 samples, mean = 29661.5 (flags = 0x41)
0      ... 
27425  -------------------------------O                                          (31 = 96.9%) {0.0%}
31655  O                                                                         (0 = 0.0%) {96.9%}
36538  -O                                                                        (1 = 3.1%) {96.9%}
42174  ... 

Histogram: Net.QuicSession.ConnectionFlowControlBlocked recorded 29 samples, mean = 0.9 (flags = 0x41)
0  ---O                                                                      (3 = 10.3%)
1  --------------------------O                                               (26 = 89.7%) {10.3%}
2  O                                                                         (0 = 0.0%) {100.0%}

Histogram: Net.QuicSession.ConnectionIpPooled recorded 32 samples, mean = 0.0 (flags = 0x41)
0  --------------------------------O                                         (32 = 100.0%)
1  ... 

Histogram: Net.QuicSession.ConnectionTypeFromSelf recorded 32 samples, mean = 1.0 (flags = 0x41)
0  O                                                                         (0 = 0.0%)
1  --------------------------------O                                         (32 = 100.0%) {0.0%}
2  O                                                                         (0 = 0.0%) {100.0%}

Histogram: Net.QuicSession.CryptoRetransmitCount.HandshakeConfirmed recorded 32 samples, mean = 0.6 (flags = 0x41)
0  -----------------------O                                                  (23 = 71.9%)
1  -------O                                                                  (7 = 21.9%) {71.9%}
2  ... 
5  -O                                                                        (1 = 3.1%) {93.8%}
6  ... 
8  -O                                                                        (1 = 3.1%) {96.9%}
9  ... 

Histogram: Net.QuicSession.DuplicatePacketsReceived recorded 32 samples, mean = 0.0 (flags = 0x41)
0  --------------------------------O                                         (32 = 100.0%)
1  ... 

Histogram: Net.QuicSession.EcnMarksObserved recorded 32 samples, mean = 1.0 (flags = 0x41)
0  O                                                                         (0 = 0.0%)
1  --------------------------------O                                         (32 = 100.0%) {0.0%}
2  ... 

Histogram: Net.QuicSession.EncryptionEstablishedTime recorded 32 samples, mean = 93.3 (flags = 0x41)
0    -----------------------O                                                  (23 = 71.9%)
1    -O                                                                        (1 = 3.1%) {71.9%}
2    ... 
8    -O                                                                        (1 = 3.1%) {75.0%}
10   ... 
40   -O                                                                        (1 = 3.1%) {78.1%}
48   ... 
318  --O                                                                       (2 = 6.2%) {81.2%}
378  -O                                                                        (1 = 3.1%) {87.5%}
449  O                                                                         (0 = 0.0%) {90.6%}
533  -O                                                                        (1 = 3.1%) {90.6%}
633  --O                                                                       (2 = 6.2%) {93.8%}
752  ... 

Histogram: Net.QuicSession.FinchConfigIsValid recorded 3 samples, mean = 1.0 (flags = 0x41)
0  O                                                                         (0 = 0.0%)
1  ---O                                                                      (3 = 100.0%) {0.0%}
2  O                                                                         (0 = 0.0%) {100.0%}

Histogram: Net.QuicSession.FindMatchingIpSessionResult recorded 65 samples, mean = 2.0 (flags = 0x41)
0  ... 
2  -----------------------------------------------------------------O        (65 = 100.0%) {0.0%}
3  O                                                                         (0 = 0.0%) {100.0%}

Histogram: Net.QuicSession.FindMatchingIpSessionResultGoogle recorded 58 samples, mean = 2.0 (flags = 0x41)
0  ... 
2  ----------------------------------------------------------O               (58 = 100.0%) {0.0%}
3  O                                                                         (0 = 0.0%) {100.0%}

Histogram: Net.QuicSession.HandshakeConfirmedTime recorded 32 samples, mean = 163.8 (flags = 0x41)
0    ... 
8    -O                                                                        (1 = 3.1%) {0.0%}
10   ... 
34   ---------O                                                                (9 = 28.1%) {3.1%}
40   ------------O                                                             (12 = 37.5%) {31.2%}
48   O                                                                         (0 = 0.0%) {68.8%}
57   --O                                                                       (2 = 6.2%) {68.8%}
68   ... 
318  --O                                                                       (2 = 6.2%) {75.0%}
378  -O                                                                        (1 = 3.1%) {81.2%}
449  O                                                                         (0 = 0.0%) {84.4%}
533  -O                                                                        (1 = 3.1%) {84.4%}
633  ----O                                                                     (4 = 12.5%) {87.5%}
752  ... 

Histogram: Net.QuicSession.HeaderCompressionRatioQpackReceived recorded 31 samples, mean = 16.8 (flags = 0x41)
0   O                                                                         (0 = 0.0%)
1   -O                                                                        (1 = 3.2%) {0.0%}
2   ... 
5   ------------------------O                                                 (24 = 77.4%) {3.2%}
6   ... 
54  -O                                                                        (1 = 3.2%) {80.6%}
55  ... 
69  ----O                                                                     (4 = 12.9%) {83.9%}
70  -O                                                                        (1 = 3.2%) {96.8%}
71  ... 

Histogram: Net.QuicSession.HeaderCompressionRatioQpackSent recorded 31 samples, mean = 69.5 (flags = 0x41)
0   ... 
63  -O                                                                        (1 = 3.2%) {0.0%}
64  ... 
69  -------------------------O                                                (25 = 80.6%) {3.2%}
70  ... 
72  --O                                                                       (2 = 6.5%) {83.9%}
73  -O                                                                        (1 = 3.2%) {90.3%}
74  --O                                                                       (2 = 6.5%) {93.5%}
75  ... 

Histogram: Net.QuicSession.HostResolution.HandshakeConfirmedTime recorded 32 samples, mean = 164.1 (flags = 0x41)
0    ... 
8    -O                                                                        (1 = 3.1%) {0.0%}
10   ... 
34   --------O                                                                 (8 = 25.0%) {3.1%}
40   -------------O                                                            (13 = 40.6%) {28.1%}
48   O                                                                         (0 = 0.0%) {68.8%}
57   --O                                                                       (2 = 6.2%) {68.8%}
68   ... 
318  --O                                                                       (2 = 6.2%) {75.0%}
378  -O                                                                        (1 = 3.1%) {81.2%}
449  O                                                                         (0 = 0.0%) {84.4%}
533  -O                                                                        (1 = 3.1%) {84.4%}
633  ----O                                                                     (4 = 12.5%) {87.5%}
752  ... 

Histogram: Net.QuicSession.IncorrectConnectionIDsReceived recorded 32 samples, mean = 0.0 (flags = 0x41)
0  --------------------------------O                                         (32 = 100.0%)
1  ... 

Histogram: Net.QuicSession.InitialRttEsitmateSource recorded 32 samples, mean = 1.0 (flags = 0x41)
0  O                                                                         (0 = 0.0%)
1  --------------------------------O                                         (32 = 100.0%) {0.0%}
2  ... 

Histogram: Net.QuicSession.KeyUpdate.PerConnection2 recorded 32 samples, mean = 0.0 (flags = 0x41)
0  --------------------------------O                                         (32 = 100.0%)
1  ... 

Histogram: Net.QuicSession.KeyUpdate.PotentialPeerKeyUpdateAttemptCount recorded 32 samples, mean = 0.0 (flags = 0x41)
0  --------------------------------O                                         (32 = 100.0%)
1  ... 

Histogram: Net.QuicSession.MaxConsecutiveRtoWithForwardProgress recorded 32 samples, mean = 0.3 (flags = 0x41)
0  -----------------------O                                                  (23 = 71.9%)
1  ---------O                                                                (9 = 28.1%) {71.9%}
2  ... 

Histogram: Net.QuicSession.MinRTT recorded 32 samples, mean = 31.5 (flags = 0x41)
0   ... 
2   -O                                                                        (1 = 3.1%) {0.0%}
3   O                                                                         (0 = 0.0%) {3.1%}
4   --O                                                                       (2 = 6.2%) {3.1%}
5   ... 
29  ----------O                                                               (10 = 31.2%) {9.4%}
34  -------------------O                                                      (19 = 59.4%) {40.6%}
40  ... 

Histogram: Net.QuicSession.MtuProbesSent recorded 32 samples, mean = 0.0 (flags = 0x41)
0  --------------------------------O                                         (32 = 100.0%)
1  ... 

Histogram: Net.QuicSession.NumDefaultPathDegrading recorded 32 samples, mean = 0.0 (flags = 0x41)
0  --------------------------------O                                         (32 = 100.0%)
1  ... 

Histogram: Net.QuicSession.NumMigrations recorded 32 samples, mean = 0.0 (flags = 0x41)
0  --------------------------------O                                         (32 = 100.0%)
1  ... 

Histogram: Net.QuicSession.NumOpenStreams recorded 31 samples, mean = 1.0 (flags = 0x41)
0  O                                                                         (0 = 0.0%)
1  -------------------------------O                                          (31 = 100.0%) {0.0%}
2  ... 

Histogram: Net.QuicSession.NumPingsSent recorded 32 samples, mean = 0.6 (flags = 0x41)
0  -----------------------O                                                  (23 = 71.9%)
1  -------O                                                                  (7 = 21.9%) {71.9%}
2  ... 
4  -O                                                                        (1 = 3.1%) {93.8%}
5  ... 
7  -O                                                                        (1 = 3.1%) {96.9%}
8  ... 

Histogram: Net.QuicSession.NumQueuedPacketsBeforeWrite recorded 545 samples, mean = 0.0 (flags = 0x41)
0  ------------------------------------------------------------------------O (545 = 100.0%)
1  ... 

Histogram: Net.QuicSession.NumTotalStreams recorded 32 samples, mean = 1.0 (flags = 0x41)
0  ----O                                                                     (4 = 12.5%)
1  ---------------------------O                                              (27 = 84.4%) {12.5%}
2  ... 
4  -O                                                                        (1 = 3.1%) {96.9%}
5  ... 

Histogram: Net.QuicSession.OutOfOrderGapReceived recorded 6 samples, mean = 4.7 (flags = 0x41)
0   O                                                                         (0 = 0.0%)
1   ----O                                                                     (4 = 66.7%) {0.0%}
2   ... 
7   -O                                                                        (1 = 16.7%) {66.7%}
9   ... 
16  -O                                                                        (1 = 16.7%) {83.3%}
21  ... 

Histogram: Net.QuicSession.OutOfOrderLargePacketsReceived recorded 32 samples, mean = 0.0 (flags = 0x41)
0  --------------------------------O                                         (32 = 100.0%)
1  ... 

Histogram: Net.QuicSession.OutOfOrderPacketsReceived recorded 32 samples, mean = 0.2 (flags = 0x41)
0  --------------------------O                                               (26 = 81.2%)
1  ------O                                                                   (6 = 18.8%) {81.2%}
2  ... 

Histogram: Net.QuicSession.PacketGapReceived recorded 15 samples, mean = 1.7 (flags = 0x41)
0  O                                                                         (0 = 0.0%)
1  ---------O                                                                (9 = 60.0%) {0.0%}
2  ----O                                                                     (4 = 26.7%) {60.0%}
3  -O                                                                        (1 = 6.7%) {86.7%}
4  O                                                                         (0 = 0.0%) {93.3%}
5  -O                                                                        (1 = 6.7%) {93.3%}
7  ... 

Histogram: Net.QuicSession.PacketGapReceivedNearPing recorded 18 samples, mean = 2.1 (flags = 0x41)
0  O                                                                         (0 = 0.0%)
1  --------O                                                                 (8 = 44.4%) {0.0%}
2  ----O                                                                     (4 = 22.2%) {44.4%}
3  ----O                                                                     (4 = 22.2%) {66.7%}
4  -O                                                                        (1 = 5.6%) {88.9%}
5  -O                                                                        (1 = 5.6%) {94.4%}
7  ... 

Histogram: Net.QuicSession.PacketLossRate_CONNECTION_ETHERNET recorded 3 samples, mean = 48.3 (flags = 0x41)
0    ... 
11   -O                                                                        (1 = 33.3%) {0.0%}
12   ... 
19   -O                                                                        (1 = 33.3%) {33.3%}
20   ... 
110  -O                                                                        (1 = 33.3%) {66.7%}
118  ... 

Histogram: Net.QuicSession.PacketWriteTime.Synchronous recorded 423 samples, mean = 0.0 (flags = 0x41)
0  ------------------------------------------------------------------------O (423 = 100.0%)
1  ... 

Histogram: Net.QuicSession.PacketsBeforeEcnTransition recorded 32 samples, mean = 0.0 (flags = 0x41)
0  --------------------------------O                                         (32 = 100.0%)
1  ... 

Histogram: Net.QuicSession.PreferAesGcm recorded 1 samples, mean = 1.0 (flags = 0x41)
0  O                                                                         (0 = 0.0%)
1  -O                                                                        (1 = 100.0%) {0.0%}
2  O                                                                         (0 = 0.0%) {100.0%}

Histogram: Net.QuicSession.Qpack.HeaderListCountWhenBlockedStreamLimited recorded 6 samples, mean = 2.0 (flags = 0x41)
0  O                                                                         (0 = 0.0%)
1  ---O                                                                      (3 = 50.0%) {0.0%}
2  -O                                                                        (1 = 16.7%) {50.0%}
3  -O                                                                        (1 = 16.7%) {66.7%}
4  -O                                                                        (1 = 16.7%) {83.3%}
5  ... 

Histogram: Net.QuicSession.Qpack.HeaderListCountWhenInsertionNotBlocked recorded 31 samples, mean = 1.2 (flags = 0x41)
0  O                                                                         (0 = 0.0%)
1  ----------------------------O                                             (28 = 90.3%) {0.0%}
2  -O                                                                        (1 = 3.2%) {90.3%}
3  -O                                                                        (1 = 3.2%) {93.5%}
4  -O                                                                        (1 = 3.2%) {96.8%}
5  ... 

Histogram: Net.QuicSession.Qpack.HeaderListCountWhenNotBlockedStreamLimited recorded 25 samples, mean = 1.0 (flags = 0x41)
0  O                                                                         (0 = 0.0%)
1  -------------------------O                                                (25 = 100.0%) {0.0%}
2  ... 

Histogram: Net.QuicSession.QuicVersion recorded 32 samples (flags = 0x41)
80  --------------------------------O                                         (32 = 100.0%)

Histogram: Net.QuicSession.ReceivedSettings.BlockedStreams recorded 29 samples, mean = 100.0 (flags = 0x41)
0   ... 
95  -----------------------------O                                            (29 = 100.0%) {0.0%}
107 ... 

Histogram: Net.QuicSession.ReceivedSettings.CountPlusOne recorded 32 samples, mean = 6.6 (flags = 0x41)
0  ... 
3  ---O                                                                      (3 = 9.4%) {0.0%}
4  ... 
7  -----------------------------O                                            (29 = 90.6%) {9.4%}
8  ... 

Histogram: Net.QuicSession.ReceivedSettings.MaxHeaderListSize2 recorded 32 samples, mean = 71680.0 (flags = 0x41)
0       ... 
63662   -----------------------------O                                            (29 = 90.6%) {0.0%}
83848   O                                                                         (0 = 0.0%) {90.6%}
110434  ---O                                                                      (3 = 9.4%) {90.6%}
145450  ... 

Histogram: Net.QuicSession.ReceivedSettings.MaxTableCapacity2 recorded 29 samples, mean = 65536.0 (flags = 0x41)
0      ... 
63662  -----------------------------O                                            (29 = 100.0%) {0.0%}
83848  ... 

Histogram: Net.QuicSession.ReceivedSettings.ReservedCountPlusOne recorded 32 samples, mean = 2.0 (flags = 0x41)
0  ... 
2  --------------------------------O                                         (32 = 100.0%) {0.0%}
3  ... 

Histogram: Net.QuicSession.RstStreamErrorCodeServer recorded 3 samples (flags = 0x41)
20  ---O                                                                      (3 = 100.0%)

Histogram: Net.QuicSession.SendPacketSize.0RTT recorded 26 samples, mean = 78.8 (flags = 0x41)
0   ... 
68  ---------O                                                                (9 = 34.6%) {0.0%}
77  -----------------O                                                        (17 = 65.4%) {34.6%}
87  ... 

Histogram: Net.QuicSession.SendPacketSize.ForwardSecure recorded 240 samples, mean = 210.8 (flags = 0x41)
0     ... 
28    --------------------------------------O                                   (38 = 15.8%) {0.0%}
32    ---------------------------------O                                        (33 = 13.8%) {15.8%}
36    ------------------------O                                                 (24 = 10.0%) {29.6%}
41    -----------------------------------------------------------------O        (65 = 27.1%) {39.6%}
47    -----O                                                                    (5 = 2.1%) {66.7%}
53    O                                                                         (0 = 0.0%) {68.8%}
60    --O                                                                       (2 = 0.8%) {68.8%}
68    -----------O                                                              (11 = 4.6%) {69.6%}
77    ------O                                                                   (6 = 2.5%) {74.2%}
87    ... 
128   -O                                                                        (1 = 0.4%) {76.7%}
145   ... 
276   ------------------------O                                                 (24 = 10.0%) {77.1%}
314   ... 
406   -O                                                                        (1 = 0.4%) {87.1%}
461   O                                                                         (0 = 0.0%) {87.5%}
524   -O                                                                        (1 = 0.4%) {87.5%}
595   -O                                                                        (1 = 0.4%) {87.9%}
676   ... 
991   ----O                                                                     (4 = 1.7%) {88.3%}
1126  ------------------------O                                                 (24 = 10.0%) {90.0%}
1279  ... 

Histogram: Net.QuicSession.SendPacketSize.Handshake recorded 63 samples, mean = 61.8 (flags = 0x41)
0   ... 
36  ------------------------O                                                 (24 = 38.1%) {0.0%}
41  --O                                                                       (2 = 3.2%) {38.1%}
47  -----O                                                                    (5 = 7.9%) {41.3%}
53  ... 
77  ----------------------------O                                             (28 = 44.4%) {49.2%}
87  ----O                                                                     (4 = 6.3%) {93.7%}
99  ... 

Histogram: Net.QuicSession.SendPacketSize.Initial recorded 107 samples, mean = 752.7 (flags = 0x41)
0     ... 
41    -O                                                                        (1 = 0.9%) {0.0%}
47    --O                                                                       (2 = 1.9%) {0.9%}
53    -O                                                                        (1 = 0.9%) {2.8%}
60    ... 
99    -----------------------O                                                  (23 = 21.5%) {3.7%}
113   ---------O                                                                (9 = 8.4%) {25.2%}
128   --O                                                                       (2 = 1.9%) {33.6%}
145   -----O                                                                    (5 = 4.7%) {35.5%}
165   ... 
524   ----O                                                                     (4 = 3.7%) {40.2%}
595   --O                                                                       (2 = 1.9%) {43.9%}
676   ... 
1126  ----------------------------------------------------------O               (58 = 54.2%) {45.8%}
1279  ... 

Histogram: Net.QuicSession.ServerSideMtu recorded 32 samples (flags = 0x41)
1200  ---O                                                                      (3 = 9.4%)
1250  -----------------------------O                                            (29 = 90.6%)

Histogram: Net.QuicSession.SmoothedRTT recorded 32 samples, mean = 33.0 (flags = 0x41)
0   ... 
3   -O                                                                        (1 = 3.1%) {0.0%}
4   O                                                                         (0 = 0.0%) {3.1%}
5   -O                                                                        (1 = 3.1%) {3.1%}
6   ... 
24  -O                                                                        (1 = 3.1%) {6.2%}
29  -------O                                                                  (7 = 21.9%) {9.4%}
34  --------------------O                                                     (20 = 62.5%) {31.2%}
40  --O                                                                       (2 = 6.2%) {93.8%}
48  ... 

Histogram: Net.QuicSession.StopSendingErrorCodeClient recorded 3 samples (flags = 0x41)
20  ---O                                                                      (3 = 100.0%)

Histogram: Net.QuicSession.StreamFlowControlBlocked recorded 29 samples, mean = 0.9 (flags = 0x41)
0  ---O                                                                      (3 = 10.3%)
1  --------------------------O                                               (26 = 89.7%) {10.3%}
2  O                                                                         (0 = 0.0%) {100.0%}

Histogram: Net.QuicSession.StreamFrameDuplicatedShortConnection recorded 28 samples, mean = 0.0 (flags = 0x41)
0  ----------------------------O                                             (28 = 100.0%)
1  ... 

Histogram: Net.QuicSession.TimeFromResolveHostToConfirmConnection recorded 32 samples, mean = 97.1 (flags = 0x41)
0    O                                                                         (0 = 0.0%)
1    -O                                                                        (1 = 3.1%) {0.0%}
2    O                                                                         (0 = 0.0%) {3.1%}
3    -------O                                                                  (7 = 21.9%) {3.1%}
4    ----------O                                                               (10 = 31.2%) {25.0%}
5    ---O                                                                      (3 = 9.4%) {56.2%}
6    ---O                                                                      (3 = 9.4%) {65.6%}
7    O                                                                         (0 = 0.0%) {75.0%}
8    -O                                                                        (1 = 3.1%) {75.0%}
10   ... 
40   -O                                                                        (1 = 3.1%) {78.1%}
48   ... 
318  --O                                                                       (2 = 6.2%) {81.2%}
378  -O                                                                        (1 = 3.1%) {87.5%}
449  O                                                                         (0 = 0.0%) {90.6%}
533  -O                                                                        (1 = 3.1%) {90.6%}
633  --O                                                                       (2 = 6.2%) {93.8%}
752  ... 

Histogram: Net.QuicSession.TooManyOpenStreams recorded 31 samples, mean = 0.0 (flags = 0x41)
0  -------------------------------O                                          (31 = 100.0%)
1  ... 

Histogram: Net.QuicSession.TooSmallInitialSentPacket recorded 50 samples, mean = 1010.0 (flags = 0x41)
0     ... 
5     -O                                                                        (1 = 2.0%) {0.0%}
6     ... 
505   -O                                                                        (1 = 2.0%) {2.0%}
571   --O                                                                       (2 = 4.0%) {4.0%}
646   ---O                                                                      (3 = 6.0%) {8.0%}
731   ... 
936   -----O                                                                    (5 = 10.0%) {14.0%}
1060  --------------------------------------O                                   (38 = 76.0%) {24.0%}
1200  O                                                                         (0 = 0.0%) {100.0%}

Histogram: Net.QuicSession.UndecryptablePacketsReceived recorded 32 samples, mean = 0.9 (flags = 0x41)
0  ------------------------O                                                 (24 = 75.0%)
1  O                                                                         (0 = 0.0%) {75.0%}
2  ---O                                                                      (3 = 9.4%) {75.0%}
3  ---O                                                                      (3 = 9.4%) {84.4%}
4  O                                                                         (0 = 0.0%) {93.8%}
5  -O                                                                        (1 = 3.1%) {93.8%}
7  -O                                                                        (1 = 3.1%) {96.9%}
9  ... 

Histogram: Net.QuicSession.UndecryptablePacketsReceivedWithDecrypter recorded 32 samples, mean = 0.0 (flags = 0x41)
0  --------------------------------O                                         (32 = 100.0%)
1  ... 

Histogram: Net.QuicSession.ValidConnectionTime recorded 24 samples, mean = 0.3 (flags = 0x41)
0  -----------------O                                                        (17 = 70.8%)
1  -------O                                                                  (7 = 29.2%) {70.8%}
2  ... 

Histogram: Net.QuicSession.VerifyProofTime recorded 45 samples, mean = 91.3 (flags = 0x41)
0    -----------------------------------O                                      (35 = 77.8%)
1    -O                                                                        (1 = 2.2%) {77.8%}
2    ... 
14   -O                                                                        (1 = 2.2%) {80.0%}
17   ... 
318  ---O                                                                      (3 = 6.7%) {82.2%}
378  ... 
533  ----O                                                                     (4 = 8.9%) {88.9%}
633  -O                                                                        (1 = 2.2%) {97.8%}
752  ... 

Histogram: Net.QuicSession.VerifyProofTime.google recorded 3 samples, mean = 214.7 (flags = 0x41)
0    -O                                                                        (1 = 33.3%)
1    ... 
14   -O                                                                        (1 = 33.3%) {33.3%}
17   ... 
533  -O                                                                        (1 = 33.3%) {66.7%}
633  ... 

Histogram: Net.QuicSession.ZeroRttReason recorded 32 samples, mean = 4.2 (flags = 0x41)
0  ... 
2  -------------O                                                            (13 = 40.6%) {0.0%}
3  ... 
5  ------O                                                                   (6 = 18.8%) {40.6%}
6  -------------O                                                            (13 = 40.6%) {59.4%}
7  ... 

Histogram: Net.QuicSession.ZeroRttReasonGoogle recorded 29 samples, mean = 4.1 (flags = 0x41)
0  ... 
2  -------------O                                                            (13 = 44.8%) {0.0%}
3  ... 
5  ---O                                                                      (3 = 10.3%) {44.8%}
6  -------------O                                                            (13 = 44.8%) {55.2%}
7  ... 

Histogram: Net.QuicSession.ZeroRttReasonNonGoogle recorded 3 samples, mean = 5.0 (flags = 0x41)
0  ... 
5  ---O                                                                      (3 = 100.0%) {0.0%}
6  ... 

Histogram: Net.QuicSession.ZeroRttState recorded 32 samples, mean = 0.8 (flags = 0x41)
0  -------------O                                                            (13 = 40.6%)
1  -------------O                                                            (13 = 40.6%) {40.6%}
2  ------O                                                                   (6 = 18.8%) {81.2%}
3  O                                                                         (0 = 0.0%) {100.0%}

Histogram: Net.RestrictedCookieManager.SiteForCookiesOK recorded 1 samples, mean = 1.0 (flags = 0x41)
0  O                                                                         (0 = 0.0%)
1  -O                                                                        (1 = 100.0%) {0.0%}
2  O                                                                         (0 = 0.0%) {100.0%}

Histogram: Net.RestrictedCookieManager.TopFrameOriginOK recorded 1 samples, mean = 1.0 (flags = 0x41)
0  O                                                                         (0 = 0.0%)
1  -O                                                                        (1 = 100.0%) {0.0%}
2  O                                                                         (0 = 0.0%) {100.0%}

Histogram: Net.SSLHandshakeDetails recorded 7 samples, mean = 6.0 (flags = 0x41)
0  ... 
6  -------O                                                                  (7 = 100.0%) {0.0%}
7  ... 

Histogram: Net.SSLNegotiatedAlpnProtocol recorded 7 samples, mean = 2.0 (flags = 0x41)
0  ... 
2  -------O                                                                  (7 = 100.0%) {0.0%}
3  ... 

Histogram: Net.SSLRenegotiationInfoSupported recorded 7 samples, mean = 1.0 (flags = 0x41)
0  O                                                                         (0 = 0.0%)
1  -------O                                                                  (7 = 100.0%) {0.0%}
2  O                                                                         (0 = 0.0%) {100.0%}

Histogram: Net.SSLSignatureAlgorithm recorded 7 samples (flags = 0x41)
1027  ----O                                                                     (4 = 57.1%)
2052  ---O                                                                      (3 = 42.9%)

Histogram: Net.SSLVersion recorded 7 samples, mean = 6.0 (flags = 0x41)
0  ... 
6  -------O                                                                  (7 = 100.0%) {0.0%}
7  ... 

Histogram: Net.SSL_CipherSuite recorded 7 samples (flags = 0x41)
4865  ----O                                                                     (4 = 57.1%)
4866  ---O                                                                      (3 = 42.9%)

Histogram: Net.SSL_Connection_Error recorded 7 samples (flags = 0x41)
0  -------O                                                                  (7 = 100.0%)

Histogram: Net.SSL_Connection_Latency_2 recorded 7 samples, mean = 306.9 (flags = 0x41)
0    ... 
34   -O                                                                        (1 = 14.3%) {0.0%}
38   -O                                                                        (1 = 14.3%) {14.3%}
42   ... 
181  -O                                                                        (1 = 14.3%) {28.6%}
200  ... 
297  --O                                                                       (2 = 28.6%) {42.9%}
328  ... 
440  -O                                                                        (1 = 14.3%) {71.4%}
485  ... 
792  -O                                                                        (1 = 14.3%) {85.7%}
874  ... 

Histogram: Net.SSL_KeyExchange.ECDHE recorded 7 samples (flags = 0x41)
29     ------O                                                                   (6 = 85.7%)
25497  -O                                                                        (1 = 14.3%)

Histogram: Net.SharedDictionaryStorageOnDisk.IsMetadataReadyOnFirstUse recorded 1 samples, mean = 1.0 (flags = 0x41)
0  O                                                                         (0 = 0.0%)
1  -O                                                                        (1 = 100.0%) {0.0%}
2  O                                                                         (0 = 0.0%) {100.0%}

Histogram: Net.SharedDictionaryStorageOnDisk.MetadataReadTime.Empty recorded 1 samples, mean = 0.0 (flags = 0x41)
0  -O                                                                        (1 = 100.0%)
1  ... 

Histogram: Net.SharedDictionaryStore.DeleteExpiredDictionaries.Error recorded 2 samples, mean = 0.0 (flags = 0x41)
0  --O                                                                       (2 = 100.0%)
1  ... 

Histogram: Net.SharedDictionaryStore.GetDictionaries.Error recorded 1 samples, mean = 0.0 (flags = 0x41)
0  -O                                                                        (1 = 100.0%)
1  ... 

Histogram: Net.SharedDictionaryStore.ProcessEviction.Error recorded 1 samples, mean = 0.0 (flags = 0x41)
0  -O                                                                        (1 = 100.0%)
1  ... 

Histogram: Net.SpdyFrameStreamAndSessionFlowControlState recorded 2 samples, mean = 0.0 (flags = 0x41)
0  --O                                                                       (2 = 100.0%)
1  ... 

Histogram: Net.SpdyHeadersCompressionPercentage recorded 6 samples, mean = 47.3 (flags = 0x41)
0   ... 
34  -O                                                                        (1 = 16.7%) {0.0%}
35  ... 
40  -O                                                                        (1 = 16.7%) {16.7%}
41  -O                                                                        (1 = 16.7%) {33.3%}
42  ... 
45  --O                                                                       (2 = 33.3%) {50.0%}
46  ... 
79  -O                                                                        (1 = 16.7%) {83.3%}
80  ... 

Histogram: Net.SpdyResponseCode recorded 6 samples (flags = 0x41)
200  -O                                                                        (1 = 16.7%)
204  -O                                                                        (1 = 16.7%)
302  -O                                                                        (1 = 16.7%)
304  -O                                                                        (1 = 16.7%)
403  --O                                                                       (2 = 33.3%)

Histogram: Net.SpdySession.AcceptChForOrigin recorded 6 samples, mean = 0.3 (flags = 0x41)
0  ----O                                                                     (4 = 66.7%)
1  --O                                                                       (2 = 33.3%) {66.7%}
2  O                                                                         (0 = 0.0%) {100.0%}

Histogram: Net.SpdySession.AlpsAcceptChEntries recorded 2 samples, mean = 1.0 (flags = 0x41)
0  O                                                                         (0 = 0.0%)
1  --O                                                                       (2 = 100.0%) {0.0%}
2  ... 

Histogram: Net.SpdySession.AlpsDecoderStatus recorded 2 samples, mean = 0.0 (flags = 0x41)
0  --O                                                                       (2 = 100.0%)
1  ... 

Histogram: Net.SpdySession.AlpsDecoderStatus.Bypassed recorded 2 samples, mean = 0.0 (flags = 0x41)
0  --O                                                                       (2 = 100.0%)
1  ... 

Histogram: Net.SpdySession.AlpsSettingParameterCount recorded 2 samples, mean = 0.0 (flags = 0x41)
0  --O                                                                       (2 = 100.0%)
1  ... 

Histogram: Net.SpdySession.ClosedOnError recorded 5 samples (flags = 0x41)
0  -----O                                                                    (5 = 100.0%)

Histogram: Net.SpdySession.CreateStreamWithSocketConnected recorded 6 samples, mean = 1.0 (flags = 0x41)
0  O                                                                         (0 = 0.0%)
1  ------O                                                                   (6 = 100.0%) {0.0%}
2  O                                                                         (0 = 0.0%) {100.0%}

Histogram: Net.SpdySession.GoAwayReceived recorded 5 samples (flags = 0x41)
0  -----O                                                                    (5 = 100.0%)

Histogram: Net.SpdySession.OnSettings.ActiveStreamCount2 recorded 5 samples, mean = 1.0 (flags = 0x41)
0  O                                                                         (0 = 0.0%)
1  -----O                                                                    (5 = 100.0%) {0.0%}
2  ... 

Histogram: Net.SpdySession.OnSettings.CreatedAndActiveStreamCount2 recorded 5 samples, mean = 1.0 (flags = 0x41)
0  O                                                                         (0 = 0.0%)
1  -----O                                                                    (5 = 100.0%) {0.0%}
2  ... 

Histogram: Net.SpdySession.OnSettings.CreatedStreamCount2 recorded 5 samples, mean = 0.0 (flags = 0x41)
0  -----O                                                                    (5 = 100.0%)
1  ... 

Histogram: Net.SpdySession.OnSettings.PendingStreamCount2 recorded 5 samples, mean = 0.0 (flags = 0x41)
0  -----O                                                                    (5 = 100.0%)
1  ... 

Histogram: Net.SpdySession.ServerSupportsWebSocket recorded 5 samples, mean = 0.0 (flags = 0x41)
0  -----O                                                                    (5 = 100.0%)
1  ... 

Histogram: Net.SpdySessionGet recorded 7 samples, mean = 2.4 (flags = 0x41)
0  O                                                                         (0 = 0.0%)
1  --O                                                                       (2 = 28.6%) {0.0%}
2  O                                                                         (0 = 0.0%) {28.6%}
3  -----O                                                                    (5 = 71.4%) {28.6%}
4  O                                                                         (0 = 0.0%) {100.0%}

Histogram: Net.SpdyStreamsAbandonedPerSession recorded 5 samples, mean = 0.0 (flags = 0x41)
0  -----O                                                                    (5 = 100.0%)
1  ... 

Histogram: Net.SpdyStreamsPerSession recorded 5 samples, mean = 1.2 (flags = 0x41)
0  O                                                                         (0 = 0.0%)
1  ----O                                                                     (4 = 80.0%) {0.0%}
2  -O                                                                        (1 = 20.0%) {80.0%}
3  ... 

Histogram: Net.TCP_Connection_Latency recorded 7 samples, mean = 68.6 (flags = 0x41)
0    ... 
3    --O                                                                       (2 = 28.6%) {0.0%}
4    ... 
29   -O                                                                        (1 = 14.3%) {28.6%}
33   -O                                                                        (1 = 14.3%) {42.9%}
37   -O                                                                        (1 = 14.3%) {57.1%}
42   ... 
164  -O                                                                        (1 = 14.3%) {71.4%}
186  -O                                                                        (1 = 14.3%) {85.7%}
211  ... 

Histogram: Net.TcpConnectAttempt.Latency.Success recorded 7 samples, mean = 68.6 (flags = 0x41)
0    --O                                                                       (2 = 28.6%)
10   ... 
27   -O                                                                        (1 = 14.3%) {28.6%}
33   --O                                                                       (2 = 28.6%) {42.9%}
41   ... 
171  --O                                                                       (2 = 28.6%) {71.4%}
210  ... 

Histogram: Net.UDPSocketWinClose recorded 165 samples, mean = 0.0 (flags = 0x41)
0  ------------------------------------------------------------------------O (165 = 100.0%)
1  ... 

Histogram: Net.URLLoaderThrottle.OnReceiveResponseTime recorded 45 samples, mean = 0.1 (flags = 0x41)
0  -------------------------------------------O                              (43 = 95.6%)
1  -O                                                                        (1 = 2.2%) {95.6%}
2  ... 
5  -O                                                                        (1 = 2.2%) {97.8%}
6  ... 

Histogram: Net.URLLoaderThrottleExecutionTime.BeforeWillProcessResponse recorded 228 samples, mean = 0.0 (flags = 0x41)
0  ------------------------------------------------------------------------O (228 = 100.0%)
1  ... 

Histogram: Net.URLLoaderThrottleExecutionTime.WillProcessResponse recorded 228 samples, mean = 0.0 (flags = 0x41)
0  ------------------------------------------------------------------------O (228 = 100.0%)
1  ... 

Histogram: Net.URLLoaderThrottleExecutionTime.WillRedirectRequest recorded 16 samples, mean = 0.0 (flags = 0x41)
0  ----------------O                                                         (16 = 100.0%)
1  ... 

Histogram: Net.URLLoaderThrottleExecutionTime.WillStartRequest recorded 228 samples, mean = 0.0 (flags = 0x41)
0  ------------------------------------------------------------------------O (228 = 100.0%)
1  ... 

Histogram: Net.URLRequest.ReferrerHasInformativePath.CrossOrigin recorded 66 samples, mean = 0.0 (flags = 0x41)
0  ------------------------------------------------------------------O       (66 = 100.0%)
1  ... 

Histogram: Net.URLRequest.ReferrerHasInformativePath.SameOrigin recorded 8 samples, mean = 1.0 (flags = 0x41)
0  O                                                                         (0 = 0.0%)
1  --------O                                                                 (8 = 100.0%) {0.0%}
2  O                                                                         (0 = 0.0%) {100.0%}

Histogram: Net.URLRequest.ReferrerPolicyForRequest.CrossOrigin recorded 66 samples, mean = 1.8 (flags = 0x41)
0  O                                                                         (0 = 0.0%)
1  ---------------------------------------O                                  (39 = 59.1%) {0.0%}
2  O                                                                         (0 = 0.0%) {59.1%}
3  ---------------------------O                                              (27 = 40.9%) {59.1%}
4  ... 

Histogram: Net.URLRequest.ReferrerPolicyForRequest.SameOrigin recorded 8 samples, mean = 1.0 (flags = 0x41)
0  O                                                                         (0 = 0.0%)
1  --------O                                                                 (8 = 100.0%) {0.0%}
2  ... 

Histogram: Network.Mdns.Googlecast recorded 3 samples, mean = 0.0 (flags = 0x41)
0  ---O                                                                      (3 = 100.0%)
1  ... 

Histogram: NetworkService.DeletedOldCacheData recorded 1 samples, mean = 0.0 (flags = 0x41)
0  -O                                                                        (1 = 100.0%)
1  ... 

Histogram: NetworkService.GrantSandboxResult recorded 3 samples, mean = 9.0 (flags = 0x41)
0   ... 
7   -O                                                                        (1 = 33.3%) {0.0%}
8   ... 
10  --O                                                                       (2 = 66.7%) {33.3%}
11  ... 

Histogram: NetworkService.NetworkLoaderCompletionTime2.DiskCache recorded 38 samples, mean = 23.2 (flags = 0x41)
0    O                                                                         (0 = 0.0%)
1    ---O                                                                      (3 = 7.9%) {0.0%}
2    ------O                                                                   (6 = 15.8%) {7.9%}
3    O                                                                         (0 = 0.0%) {23.7%}
4    -O                                                                        (1 = 2.6%) {23.7%}
5    ... 
8    -----------O                                                              (11 = 28.9%) {26.3%}
10   ----O                                                                     (4 = 10.5%) {55.3%}
12   -----O                                                                    (5 = 13.2%) {65.8%}
14   ----O                                                                     (4 = 10.5%) {78.9%}
17   --O                                                                       (2 = 5.3%) {89.5%}
20   ... 
226  -O                                                                        (1 = 2.6%) {94.7%}
268  O                                                                         (0 = 0.0%) {97.4%}
318  -O                                                                        (1 = 2.6%) {97.4%}
378  ... 

Histogram: NetworkService.NetworkLoaderCompletionTime2.Network recorded 34 samples, mean = 472.0 (flags = 0x41)
0    ... 
160  -O                                                                        (1 = 2.9%) {0.0%}
190  --O                                                                       (2 = 5.9%) {2.9%}
226  -O                                                                        (1 = 2.9%) {8.8%}
268  --O                                                                       (2 = 5.9%) {11.8%}
318  -----O                                                                    (5 = 14.7%) {17.6%}
378  -------O                                                                  (7 = 20.6%) {32.4%}
449  ------O                                                                   (6 = 17.6%) {52.9%}
533  -------O                                                                  (7 = 20.6%) {70.6%}
633  ... 
894  ---O                                                                      (3 = 8.8%) {91.2%}
1062 ... 

Histogram: NetworkService.TimeToGrantCacheAccess recorded 1 samples, mean = 3.0 (flags = 0x41)
0  ... 
3  -O                                                                        (1 = 100.0%) {0.0%}
4  ... 

Histogram: NetworkService.TimeToGrantDataAccess recorded 2 samples, mean = 1.0 (flags = 0x41)
0  -O                                                                        (1 = 50.0%)
1  O                                                                         (0 = 0.0%) {50.0%}
2  -O                                                                        (1 = 50.0%) {50.0%}
3  ... 

Histogram: NetworkService.TimeToGrantSharedDictionaryAccess recorded 1 samples, mean = 3.0 (flags = 0x41)
0  ... 
3  -O                                                                        (1 = 100.0%) {0.0%}
4  ... 

Histogram: NetworkedProfile.Check recorded 1 samples, mean = 4.0 (flags = 0x41)
0  ... 
4  -O                                                                        (1 = 100.0%) {0.0%}
5  ... 

Histogram: NewTabPage.MostVisited.DeciScore.0.Local recorded 1 samples, mean = 220.0 (flags = 0x41)
0    ... 
196  -O                                                                        (1 = 100.0%) {0.0%}
258  ... 

Histogram: NewTabPage.MostVisited.DeciScore.1.Local recorded 1 samples, mean = 220.0 (flags = 0x41)
0    ... 
196  -O                                                                        (1 = 100.0%) {0.0%}
258  ... 

Histogram: Notifications.UsingSystemNotificationCenter recorded 1 samples, mean = 0.0 (flags = 0x41)
0  -O                                                                        (1 = 100.0%)
1  ... 

Histogram: Notifications.Windows.GetDisplayedStatus recorded 1 samples, mean = 0.0 (flags = 0x41)
0  -O                                                                        (1 = 100.0%)
1  ... 

Histogram: Notifications.Windows.GetSettingStatusStartup recorded 1 samples, mean = 1.0 (flags = 0x41)
0  O                                                                         (0 = 0.0%)
1  -O                                                                        (1 = 100.0%) {0.0%}
2  O                                                                         (0 = 0.0%) {100.0%}

Histogram: Notifications.Windows.HistoryStatus recorded 1 samples, mean = 0.0 (flags = 0x41)
0  -O                                                                        (1 = 100.0%)
1  ... 

Histogram: Notifications.Windows.SetReadyCallbackStatus2 recorded 1 samples, mean = 3.0 (flags = 0x41)
0  ... 
3  -O                                                                        (1 = 100.0%) {0.0%}
4  ... 

Histogram: Notifications.Windows.StartMenuShortcutStatus recorded 1 samples, mean = 2.0 (flags = 0x41)
0  ... 
2  -O                                                                        (1 = 100.0%) {0.0%}
3  ... 

Histogram: OSCrypt.AppBoundEncryption.SupportLevel recorded 1 samples, mean = 4.0 (flags = 0x41)
0  ... 
4  -O                                                                        (1 = 100.0%) {0.0%}
5  ... 

Histogram: OSCrypt.AppBoundProvider.KeyRetrieval.Status recorded 1 samples, mean = 1.0 (flags = 0x41)
0  O                                                                         (0 = 0.0%)
1  -O                                                                        (1 = 100.0%) {0.0%}
2  ... 

Histogram: OSCrypt.AsyncInitialization.Result recorded 1 samples, mean = 1.0 (flags = 0x41)
0  O                                                                         (0 = 0.0%)
1  -O                                                                        (1 = 100.0%) {0.0%}
2  O                                                                         (0 = 0.0%) {100.0%}

Histogram: OSCrypt.AsyncInitialization.Time recorded 1 samples, mean = 0.0 (flags = 0x41)
0  -O                                                                        (1 = 100.0%)
1  ... 

Histogram: OSCrypt.DPAPIProvider.Status recorded 1 samples, mean = 0.0 (flags = 0x41)
0  -O                                                                        (1 = 100.0%)
1  ... 

Histogram: OSCrypt.Win.Decrypt.Result recorded 1 samples, mean = 1.0 (flags = 0x41)
0  O                                                                         (0 = 0.0%)
1  -O                                                                        (1 = 100.0%) {0.0%}
2  O                                                                         (0 = 0.0%) {100.0%}

Histogram: OSCrypt.Win.Decrypt.Time recorded 1 samples, mean = 0.0 (flags = 0x41)
0  -O                                                                        (1 = 100.0%)
1  ... 

Histogram: Omnibox.TemplateUrl.RlzPresent recorded 82 samples, mean = 0.0 (flags = 0x41)
0  ------------------------------------------------------------------------O (82 = 100.0%)
1  ... 

Histogram: Omnibox.TemplateUrl.SearchClientPresent recorded 82 samples, mean = 0.0 (flags = 0x41)
0  ------------------------------------------------------------------------O (82 = 100.0%)
1  ... 

Histogram: OptimizationGuide.ApplyDecision.AboutThisSite recorded 1 samples, mean = 8.0 (flags = 0x41)
0  ... 
8  -O                                                                        (1 = 100.0%) {0.0%}
9  ... 

Histogram: OptimizationGuide.ApplyDecision.HistoryClusters recorded 4 samples, mean = 8.0 (flags = 0x41)
0  ... 
8  ----O                                                                     (4 = 100.0%) {0.0%}
9  ... 

Histogram: OptimizationGuide.ApplyDecision.V8CompileHints recorded 1 samples, mean = 8.0 (flags = 0x41)
0  ... 
8  -O                                                                        (1 = 100.0%) {0.0%}
9  ... 

Histogram: OptimizationGuide.HintCacheLevelDBStore.LoadMetadataResult recorded 1 samples, mean = 6.0 (flags = 0x41)
0  ... 
6  -O                                                                        (1 = 100.0%) {0.0%}
7  O                                                                         (0 = 0.0%) {100.0%}

Histogram: OptimizationGuide.HintCacheLevelDBStore.Status recorded 3 samples, mean = 1.0 (flags = 0x41)
0  -O                                                                        (1 = 33.3%)
1  -O                                                                        (1 = 33.3%) {33.3%}
2  -O                                                                        (1 = 33.3%) {66.7%}
3  ... 

Histogram: OptimizationGuide.HintsManager.HintCacheInitialized recorded 1 samples, mean = 1.0 (flags = 0x40)
0  O                                                                         (0 = 0.0%)
1  -O                                                                        (1 = 100.0%) {0.0%}
2  O                                                                         (0 = 0.0%) {100.0%}

Histogram: OptimizationGuide.LoadedHint.Result recorded 4 samples, mean = 0.0 (flags = 0x40)
0  ----O                                                                     (4 = 100.0%)
1  ... 

Histogram: OptimizationGuide.ModelExecution.FeatureCurrentlyEnabledResult.Compose recorded 1 samples, mean = 1.0 (flags = 0x41)
0  O                                                                         (0 = 0.0%)
1  -O                                                                        (1 = 100.0%) {0.0%}
2  ... 

Histogram: OptimizationGuide.ModelExecution.FeatureCurrentlyEnabledResult.HistorySearch recorded 2 samples, mean = 3.0 (flags = 0x41)
0  ... 
3  --O                                                                       (2 = 100.0%) {0.0%}
4  ... 

Histogram: OptimizationGuide.ModelExecution.FeatureCurrentlyEnabledResult.TabOrganization recorded 1 samples, mean = 3.0 (flags = 0x41)
0  ... 
3  -O                                                                        (1 = 100.0%) {0.0%}
4  ... 

Histogram: OptimizationGuide.ModelExecution.FeatureCurrentlyEnabledResult.WallpaperSearch recorded 1 samples, mean = 1.0 (flags = 0x41)
0  O                                                                         (0 = 0.0%)
1  -O                                                                        (1 = 100.0%) {0.0%}
2  ... 

Histogram: OptimizationGuide.ModelExecution.FeatureEnabledAtStartup.Compose recorded 1 samples, mean = 0.0 (flags = 0x41)
0  -O                                                                        (1 = 100.0%)
1  ... 

Histogram: OptimizationGuide.ModelExecution.FeatureEnabledAtStartup.HistorySearch recorded 1 samples, mean = 0.0 (flags = 0x41)
0  -O                                                                        (1 = 100.0%)
1  ... 

Histogram: OptimizationGuide.ModelExecution.FeatureEnabledAtStartup.TabOrganization recorded 1 samples, mean = 0.0 (flags = 0x41)
0  -O                                                                        (1 = 100.0%)
1  ... 

Histogram: OptimizationGuide.ModelExecution.FeatureEnabledAtStartup.WallpaperSearch recorded 1 samples, mean = 0.0 (flags = 0x41)
0  -O                                                                        (1 = 100.0%)
1  ... 

Histogram: OptimizationGuide.ModelExecution.OnDeviceModelInstallCriteria.AtRegistration.All recorded 1 samples, mean = 0.0 (flags = 0x41)
0  -O                                                                        (1 = 100.0%)
1  ... 

Histogram: OptimizationGuide.ModelExecution.OnDeviceModelInstallCriteria.AtRegistration.DeviceCapability recorded 1 samples, mean = 0.0 (flags = 0x41)
0  -O                                                                        (1 = 100.0%)
1  ... 

Histogram: OptimizationGuide.ModelExecution.OnDeviceModelInstallCriteria.AtRegistration.DiskSpace recorded 1 samples, mean = 1.0 (flags = 0x41)
0  O                                                                         (0 = 0.0%)
1  -O                                                                        (1 = 100.0%) {0.0%}
2  O                                                                         (0 = 0.0%) {100.0%}

Histogram: OptimizationGuide.ModelExecution.OnDeviceModelInstallCriteria.AtRegistration.EnabledByEnterprisePolicy recorded 1 samples, mean = 1.0 (flags = 0x41)
0  O                                                                         (0 = 0.0%)
1  -O                                                                        (1 = 100.0%) {0.0%}
2  O                                                                         (0 = 0.0%) {100.0%}

Histogram: OptimizationGuide.ModelExecution.OnDeviceModelInstallCriteria.AtRegistration.EnabledByFeature recorded 1 samples, mean = 0.0 (flags = 0x41)
0  -O                                                                        (1 = 100.0%)
1  ... 

Histogram: OptimizationGuide.ModelExecution.OnDeviceModelInstallCriteria.AtRegistration.FeatureUse recorded 1 samples, mean = 0.0 (flags = 0x41)
0  -O                                                                        (1 = 100.0%)
1  ... 

Histogram: OptimizationGuide.ModelExecutor.ExecutionStatus.PageVisibility recorded 4 samples, mean = 3.0 (flags = 0x41)
0  ... 
3  ----O                                                                     (4 = 100.0%) {0.0%}
4  ... 

Histogram: OptimizationGuide.ModelExecutor.ModelAvailableToLoad.PageVisibility recorded 4 samples, mean = 0.0 (flags = 0x41)
0  ----O                                                                     (4 = 100.0%)
1  ... 

Histogram: OptimizationGuide.ModelExecutor.TaskExecutionLatency.PageVisibility recorded 4 samples, mean = 11.0 (flags = 0x41)
0   ... 
10  ----O                                                                     (4 = 100.0%) {0.0%}
13  ... 

Histogram: OptimizationGuide.ModelExecutor.TaskSchedulingLatency.PageVisibility recorded 4 samples, mean = 0.0 (flags = 0x41)
0  ----O                                                                     (4 = 100.0%)
1  ... 

Histogram: OptimizationGuide.ModelHandler.HandlerCreated.GeolocationPermissions recorded 1 samples, mean = 1.0 (flags = 0x41)
0  O                                                                         (0 = 0.0%)
1  -O                                                                        (1 = 100.0%) {0.0%}
2  O                                                                         (0 = 0.0%) {100.0%}

Histogram: OptimizationGuide.ModelHandler.HandlerCreated.NewTabPageHistoryClustersModuleRanking recorded 1 samples, mean = 1.0 (flags = 0x41)
0  O                                                                         (0 = 0.0%)
1  -O                                                                        (1 = 100.0%) {0.0%}
2  O                                                                         (0 = 0.0%) {100.0%}

Histogram: OptimizationGuide.ModelHandler.HandlerCreated.NotificationPermissions recorded 1 samples, mean = 1.0 (flags = 0x41)
0  O                                                                         (0 = 0.0%)
1  -O                                                                        (1 = 100.0%) {0.0%}
2  O                                                                         (0 = 0.0%) {100.0%}

Histogram: OptimizationGuide.ModelHandler.HandlerCreated.OmniboxUrlScoring recorded 1 samples, mean = 1.0 (flags = 0x41)
0  O                                                                         (0 = 0.0%)
1  -O                                                                        (1 = 100.0%) {0.0%}
2  O                                                                         (0 = 0.0%) {100.0%}

Histogram: OptimizationGuide.ModelHandler.HandlerCreated.PageTopicsV2 recorded 1 samples, mean = 1.0 (flags = 0x41)
0  O                                                                         (0 = 0.0%)
1  -O                                                                        (1 = 100.0%) {0.0%}
2  O                                                                         (0 = 0.0%) {100.0%}

Histogram: OptimizationGuide.ModelHandler.HandlerCreated.PageVisibility recorded 1 samples, mean = 1.0 (flags = 0x41)
0  O                                                                         (0 = 0.0%)
1  -O                                                                        (1 = 100.0%) {0.0%}
2  O                                                                         (0 = 0.0%) {100.0%}

Histogram: OptimizationGuide.ModelHandler.HandlerCreated.SegmentationChromeLowUserEngagement recorded 1 samples, mean = 1.0 (flags = 0x41)
0  O                                                                         (0 = 0.0%)
1  -O                                                                        (1 = 100.0%) {0.0%}
2  O                                                                         (0 = 0.0%) {100.0%}

Histogram: OptimizationGuide.ModelHandler.HandlerCreated.SegmentationComposePromotion recorded 1 samples, mean = 1.0 (flags = 0x41)
0  O                                                                         (0 = 0.0%)
1  -O                                                                        (1 = 100.0%) {0.0%}
2  O                                                                         (0 = 0.0%) {100.0%}

Histogram: OptimizationGuide.ModelHandler.HandlerCreated.SegmentationDeviceSwitcher recorded 1 samples, mean = 1.0 (flags = 0x41)
0  O                                                                         (0 = 0.0%)
1  -O                                                                        (1 = 100.0%) {0.0%}
2  O                                                                         (0 = 0.0%) {100.0%}

Histogram: OptimizationGuide.ModelHandler.HandlerCreated.SegmentationSearchUser recorded 1 samples, mean = 1.0 (flags = 0x41)
0  O                                                                         (0 = 0.0%)
1  -O                                                                        (1 = 100.0%) {0.0%}
2  O                                                                         (0 = 0.0%) {100.0%}

Histogram: OptimizationGuide.ModelHandler.HandlerCreated.SegmentationShoppingUser recorded 1 samples, mean = 1.0 (flags = 0x41)
0  O                                                                         (0 = 0.0%)
1  -O                                                                        (1 = 100.0%) {0.0%}
2  O                                                                         (0 = 0.0%) {100.0%}

Histogram: OptimizationGuide.ModelHandler.HandlerCreated.URLVisitResumptionRanker recorded 1 samples, mean = 1.0 (flags = 0x41)
0  O                                                                         (0 = 0.0%)
1  -O                                                                        (1 = 100.0%) {0.0%}
2  O                                                                         (0 = 0.0%) {100.0%}

Histogram: OptimizationGuide.ModelHandler.HandlerCreated.WebAppInstallationPromo recorded 1 samples, mean = 1.0 (flags = 0x41)
0  O                                                                         (0 = 0.0%)
1  -O                                                                        (1 = 100.0%) {0.0%}
2  O                                                                         (0 = 0.0%) {100.0%}

Histogram: OptimizationGuide.PageContentAnnotations.AnnotateVisitResultCached recorded 4 samples, mean = 0.0 (flags = 0x41)
0  ----O                                                                     (4 = 100.0%)
1  ... 

Histogram: OptimizationGuide.PageContentAnnotations.BatchRequestedSize.ContentVisibility recorded 1 samples, mean = 4.0 (flags = 0x41)
0  ... 
4  -O                                                                        (1 = 100.0%) {0.0%}
5  ... 

Histogram: OptimizationGuide.PageContentAnnotations.BatchSuccess.ContentVisibility recorded 1 samples, mean = 0.0 (flags = 0x41)
0  -O                                                                        (1 = 100.0%)
1  ... 

Histogram: OptimizationGuide.PageContentAnnotations.JobExecutionTime.ContentVisibility recorded 1 samples, mean = 11.0 (flags = 0x41)
0   ... 
10  -O                                                                        (1 = 100.0%) {0.0%}
13  ... 

Histogram: OptimizationGuide.PageContentAnnotations.JobScheduleTime.ContentVisibility recorded 1 samples, mean = 0.0 (flags = 0x41)
0  -O                                                                        (1 = 100.0%)
1  ... 

Histogram: OptimizationGuide.PageContentAnnotationsService.ContentAnnotated recorded 4 samples, mean = 0.0 (flags = 0x41)
0  ----O                                                                     (4 = 100.0%)
1  ... 

Histogram: OptimizationGuide.PredictionManager.DownloadServiceAvailabilityBlockedFetch recorded 26 samples, mean = 0.0 (flags = 0x41)
0  --------------------------O                                               (26 = 100.0%)
1  ... 

Histogram: OptimizationGuide.PredictionManager.FirstModelFetchSinceServiceInit recorded 1 samples, mean = 10008.0 (flags = 0x41)
0     ... 
8000  -O                                                                        (1 = 100.0%) {0.0%}
10165 ... 

Histogram: OptimizationGuide.PredictionManager.ModelAvailableAtRegistration.ClientSidePhishing recorded 1 samples, mean = 0.0 (flags = 0x41)
0  -O                                                                        (1 = 100.0%)
1  ... 

Histogram: OptimizationGuide.PredictionManager.ModelAvailableAtRegistration.GeolocationPermissions recorded 1 samples, mean = 0.0 (flags = 0x41)
0  -O                                                                        (1 = 100.0%)
1  ... 

Histogram: OptimizationGuide.PredictionManager.ModelAvailableAtRegistration.LanguageDetection recorded 2 samples, mean = 0.0 (flags = 0x41)
0  --O                                                                       (2 = 100.0%)
1  ... 

Histogram: OptimizationGuide.PredictionManager.ModelAvailableAtRegistration.NewTabPageHistoryClustersModuleRanking recorded 1 samples, mean = 0.0 (flags = 0x41)
0  -O                                                                        (1 = 100.0%)
1  ... 

Histogram: OptimizationGuide.PredictionManager.ModelAvailableAtRegistration.NotificationPermissions recorded 1 samples, mean = 0.0 (flags = 0x41)
0  -O                                                                        (1 = 100.0%)
1  ... 

Histogram: OptimizationGuide.PredictionManager.ModelAvailableAtRegistration.OmniboxUrlScoring recorded 1 samples, mean = 0.0 (flags = 0x41)
0  -O                                                                        (1 = 100.0%)
1  ... 

Histogram: OptimizationGuide.PredictionManager.ModelAvailableAtRegistration.PageTopicsV2 recorded 1 samples, mean = 0.0 (flags = 0x41)
0  -O                                                                        (1 = 100.0%)
1  ... 

Histogram: OptimizationGuide.PredictionManager.ModelAvailableAtRegistration.PageVisibility recorded 1 samples, mean = 0.0 (flags = 0x41)
0  -O                                                                        (1 = 100.0%)
1  ... 

Histogram: OptimizationGuide.PredictionManager.ModelAvailableAtRegistration.SegmentationChromeLowUserEngagement recorded 1 samples, mean = 0.0 (flags = 0x41)
0  -O                                                                        (1 = 100.0%)
1  ... 

Histogram: OptimizationGuide.PredictionManager.ModelAvailableAtRegistration.SegmentationComposePromotion recorded 1 samples, mean = 0.0 (flags = 0x41)
0  -O                                                                        (1 = 100.0%)
1  ... 

Histogram: OptimizationGuide.PredictionManager.ModelAvailableAtRegistration.SegmentationDeviceSwitcher recorded 1 samples, mean = 0.0 (flags = 0x41)
0  -O                                                                        (1 = 100.0%)
1  ... 

Histogram: OptimizationGuide.PredictionManager.ModelAvailableAtRegistration.SegmentationSearchUser recorded 1 samples, mean = 0.0 (flags = 0x41)
0  -O                                                                        (1 = 100.0%)
1  ... 

Histogram: OptimizationGuide.PredictionManager.ModelAvailableAtRegistration.SegmentationShoppingUser recorded 1 samples, mean = 0.0 (flags = 0x41)
0  -O                                                                        (1 = 100.0%)
1  ... 

Histogram: OptimizationGuide.PredictionManager.ModelAvailableAtRegistration.TextSafety recorded 1 samples, mean = 0.0 (flags = 0x41)
0  -O                                                                        (1 = 100.0%)
1  ... 

Histogram: OptimizationGuide.PredictionManager.ModelAvailableAtRegistration.URLVisitResumptionRanker recorded 1 samples, mean = 0.0 (flags = 0x41)
0  -O                                                                        (1 = 100.0%)
1  ... 

Histogram: OptimizationGuide.PredictionManager.ModelAvailableAtRegistration.VisualSearchClassification recorded 1 samples, mean = 0.0 (flags = 0x41)
0  -O                                                                        (1 = 100.0%)
1  ... 

Histogram: OptimizationGuide.PredictionManager.ModelAvailableAtRegistration.WebAppInstallationPromo recorded 1 samples, mean = 0.0 (flags = 0x41)
0  -O                                                                        (1 = 100.0%)
1  ... 

Histogram: OptimizationGuide.PredictionManager.ModelDeliveryEvents.ClientSidePhishing recorded 52 samples, mean = 5.5 (flags = 0x41)
0  ... 
3  --------------------------O                                               (26 = 50.0%) {0.0%}
4  ... 
8  --------------------------O                                               (26 = 50.0%) {50.0%}
9  ... 

Histogram: OptimizationGuide.PredictionManager.ModelDeliveryEvents.GeolocationPermissions recorded 52 samples, mean = 5.5 (flags = 0x41)
0  ... 
3  --------------------------O                                               (26 = 50.0%) {0.0%}
4  ... 
8  --------------------------O                                               (26 = 50.0%) {50.0%}
9  ... 

Histogram: OptimizationGuide.PredictionManager.ModelDeliveryEvents.LanguageDetection recorded 52 samples, mean = 5.5 (flags = 0x41)
0  ... 
3  --------------------------O                                               (26 = 50.0%) {0.0%}
4  ... 
8  --------------------------O                                               (26 = 50.0%) {50.0%}
9  ... 

Histogram: OptimizationGuide.PredictionManager.ModelDeliveryEvents.NewTabPageHistoryClustersModuleRanking recorded 52 samples, mean = 5.5 (flags = 0x41)
0  ... 
3  --------------------------O                                               (26 = 50.0%) {0.0%}
4  ... 
8  --------------------------O                                               (26 = 50.0%) {50.0%}
9  ... 

Histogram: OptimizationGuide.PredictionManager.ModelDeliveryEvents.NotificationPermissions recorded 52 samples, mean = 5.5 (flags = 0x41)
0  ... 
3  --------------------------O                                               (26 = 50.0%) {0.0%}
4  ... 
8  --------------------------O                                               (26 = 50.0%) {50.0%}
9  ... 

Histogram: OptimizationGuide.PredictionManager.ModelDeliveryEvents.OmniboxUrlScoring recorded 52 samples, mean = 5.5 (flags = 0x41)
0  ... 
3  --------------------------O                                               (26 = 50.0%) {0.0%}
4  ... 
8  --------------------------O                                               (26 = 50.0%) {50.0%}
9  ... 

Histogram: OptimizationGuide.PredictionManager.ModelDeliveryEvents.PageTopicsV2 recorded 52 samples, mean = 5.5 (flags = 0x41)
0  ... 
3  --------------------------O                                               (26 = 50.0%) {0.0%}
4  ... 
8  --------------------------O                                               (26 = 50.0%) {50.0%}
9  ... 

Histogram: OptimizationGuide.PredictionManager.ModelDeliveryEvents.PageVisibility recorded 52 samples, mean = 5.5 (flags = 0x41)
0  ... 
3  --------------------------O                                               (26 = 50.0%) {0.0%}
4  ... 
8  --------------------------O                                               (26 = 50.0%) {50.0%}
9  ... 

Histogram: OptimizationGuide.PredictionManager.ModelDeliveryEvents.SegmentationChromeLowUserEngagement recorded 52 samples, mean = 5.5 (flags = 0x41)
0  ... 
3  --------------------------O                                               (26 = 50.0%) {0.0%}
4  ... 
8  --------------------------O                                               (26 = 50.0%) {50.0%}
9  ... 

Histogram: OptimizationGuide.PredictionManager.ModelDeliveryEvents.SegmentationComposePromotion recorded 52 samples, mean = 5.5 (flags = 0x41)
0  ... 
3  --------------------------O                                               (26 = 50.0%) {0.0%}
4  ... 
8  --------------------------O                                               (26 = 50.0%) {50.0%}
9  ... 

Histogram: OptimizationGuide.PredictionManager.ModelDeliveryEvents.SegmentationDeviceSwitcher recorded 52 samples, mean = 5.5 (flags = 0x41)
0  ... 
3  --------------------------O                                               (26 = 50.0%) {0.0%}
4  ... 
8  --------------------------O                                               (26 = 50.0%) {50.0%}
9  ... 

Histogram: OptimizationGuide.PredictionManager.ModelDeliveryEvents.SegmentationSearchUser recorded 52 samples, mean = 5.5 (flags = 0x41)
0  ... 
3  --------------------------O                                               (26 = 50.0%) {0.0%}
4  ... 
8  --------------------------O                                               (26 = 50.0%) {50.0%}
9  ... 

Histogram: OptimizationGuide.PredictionManager.ModelDeliveryEvents.SegmentationShoppingUser recorded 52 samples, mean = 5.5 (flags = 0x41)
0  ... 
3  --------------------------O                                               (26 = 50.0%) {0.0%}
4  ... 
8  --------------------------O                                               (26 = 50.0%) {50.0%}
9  ... 

Histogram: OptimizationGuide.PredictionManager.ModelDeliveryEvents.TextSafety recorded 52 samples, mean = 5.5 (flags = 0x41)
0  ... 
3  --------------------------O                                               (26 = 50.0%) {0.0%}
4  ... 
8  --------------------------O                                               (26 = 50.0%) {50.0%}
9  ... 

Histogram: OptimizationGuide.PredictionManager.ModelDeliveryEvents.URLVisitResumptionRanker recorded 52 samples, mean = 5.5 (flags = 0x41)
0  ... 
3  --------------------------O                                               (26 = 50.0%) {0.0%}
4  ... 
8  --------------------------O                                               (26 = 50.0%) {50.0%}
9  ... 

Histogram: OptimizationGuide.PredictionManager.ModelDeliveryEvents.VisualSearchClassification recorded 52 samples, mean = 5.5 (flags = 0x41)
0  ... 
3  --------------------------O                                               (26 = 50.0%) {0.0%}
4  ... 
8  --------------------------O                                               (26 = 50.0%) {50.0%}
9  ... 

Histogram: OptimizationGuide.PredictionManager.ModelDeliveryEvents.WebAppInstallationPromo recorded 52 samples, mean = 5.5 (flags = 0x41)
0  ... 
3  --------------------------O                                               (26 = 50.0%) {0.0%}
4  ... 
8  --------------------------O                                               (26 = 50.0%) {50.0%}
9  ... 

Histogram: OptimizationGuide.PredictionManager.RegistrationTimeSinceServiceInit.ClientSidePhishing recorded 1 samples, mean = 0.0 (flags = 0x41)
0  -O                                                                        (1 = 100.0%)
1  ... 

Histogram: OptimizationGuide.PredictionManager.RegistrationTimeSinceServiceInit.GeolocationPermissions recorded 1 samples, mean = 0.0 (flags = 0x41)
0  -O                                                                        (1 = 100.0%)
1  ... 

Histogram: OptimizationGuide.PredictionManager.RegistrationTimeSinceServiceInit.LanguageDetection recorded 2 samples, mean = 4.5 (flags = 0x41)
0  -O                                                                        (1 = 50.0%)
1  ... 
8  -O                                                                        (1 = 50.0%) {50.0%}
10 ... 

Histogram: OptimizationGuide.PredictionManager.RegistrationTimeSinceServiceInit.NewTabPageHistoryClustersModuleRanking recorded 1 samples, mean = 0.0 (flags = 0x41)
0  -O                                                                        (1 = 100.0%)
1  ... 

Histogram: OptimizationGuide.PredictionManager.RegistrationTimeSinceServiceInit.NotificationPermissions recorded 1 samples, mean = 0.0 (flags = 0x41)
0  -O                                                                        (1 = 100.0%)
1  ... 

Histogram: OptimizationGuide.PredictionManager.RegistrationTimeSinceServiceInit.OmniboxUrlScoring recorded 1 samples, mean = 0.0 (flags = 0x41)
0  -O                                                                        (1 = 100.0%)
1  ... 

Histogram: OptimizationGuide.PredictionManager.RegistrationTimeSinceServiceInit.PageTopicsV2 recorded 1 samples, mean = 0.0 (flags = 0x41)
0  -O                                                                        (1 = 100.0%)
1  ... 

Histogram: OptimizationGuide.PredictionManager.RegistrationTimeSinceServiceInit.PageVisibility recorded 1 samples, mean = 0.0 (flags = 0x41)
0  -O                                                                        (1 = 100.0%)
1  ... 

Histogram: OptimizationGuide.PredictionManager.RegistrationTimeSinceServiceInit.SegmentationChromeLowUserEngagement recorded 1 samples, mean = 2121.0 (flags = 0x41)
0     ... 
1901  -O                                                                        (1 = 100.0%) {0.0%}
2415  ... 

Histogram: OptimizationGuide.PredictionManager.RegistrationTimeSinceServiceInit.SegmentationComposePromotion recorded 1 samples, mean = 2121.0 (flags = 0x41)
0     ... 
1901  -O                                                                        (1 = 100.0%) {0.0%}
2415  ... 

Histogram: OptimizationGuide.PredictionManager.RegistrationTimeSinceServiceInit.SegmentationDeviceSwitcher recorded 1 samples, mean = 2121.0 (flags = 0x41)
0     ... 
1901  -O                                                                        (1 = 100.0%) {0.0%}
2415  ... 

Histogram: OptimizationGuide.PredictionManager.RegistrationTimeSinceServiceInit.SegmentationSearchUser recorded 1 samples, mean = 2121.0 (flags = 0x41)
0     ... 
1901  -O                                                                        (1 = 100.0%) {0.0%}
2415  ... 

Histogram: OptimizationGuide.PredictionManager.RegistrationTimeSinceServiceInit.SegmentationShoppingUser recorded 1 samples, mean = 2121.0 (flags = 0x41)
0     ... 
1901  -O                                                                        (1 = 100.0%) {0.0%}
2415  ... 

Histogram: OptimizationGuide.PredictionManager.RegistrationTimeSinceServiceInit.TextSafety recorded 1 samples, mean = 0.0 (flags = 0x41)
0  -O                                                                        (1 = 100.0%)
1  ... 

Histogram: OptimizationGuide.PredictionManager.RegistrationTimeSinceServiceInit.URLVisitResumptionRanker recorded 1 samples, mean = 2121.0 (flags = 0x41)
0     ... 
1901  -O                                                                        (1 = 100.0%) {0.0%}
2415  ... 

Histogram: OptimizationGuide.PredictionManager.RegistrationTimeSinceServiceInit.VisualSearchClassification recorded 1 samples, mean = 0.0 (flags = 0x41)
0  -O                                                                        (1 = 100.0%)
1  ... 

Histogram: OptimizationGuide.PredictionManager.RegistrationTimeSinceServiceInit.WebAppInstallationPromo recorded 1 samples, mean = 2121.0 (flags = 0x41)
0     ... 
1901  -O                                                                        (1 = 100.0%) {0.0%}
2415  ... 

Histogram: OptimizationGuide.PredictionManager.StoreInitialized recorded 1 samples, mean = 1.0 (flags = 0x40)
0  O                                                                         (0 = 0.0%)
1  -O                                                                        (1 = 100.0%) {0.0%}
2  O                                                                         (0 = 0.0%) {100.0%}

Histogram: OptimizationGuide.PredictionManager.SupportedModelEngineVersion recorded 26 samples, mean = 18.0 (flags = 0x40)
0   ... 
18  --------------------------O                                               (26 = 100.0%) {0.0%}
19  ... 

Histogram: OptimizationGuide.PredictionModelFetcher.GetModelsResponse.NetErrorCode recorded 26 samples (flags = 0x41)
379  --------------------------O                                               (26 = 100.0%)

Histogram: OptimizationGuide.PredictionModelFetcher.GetModelsResponse.NetErrorCode.ClientSidePhishing recorded 26 samples (flags = 0x41)
379  --------------------------O                                               (26 = 100.0%)

Histogram: OptimizationGuide.PredictionModelFetcher.GetModelsResponse.NetErrorCode.GeolocationPermissions recorded 26 samples (flags = 0x41)
379  --------------------------O                                               (26 = 100.0%)

Histogram: OptimizationGuide.PredictionModelFetcher.GetModelsResponse.NetErrorCode.LanguageDetection recorded 26 samples (flags = 0x41)
379  --------------------------O                                               (26 = 100.0%)

Histogram: OptimizationGuide.PredictionModelFetcher.GetModelsResponse.NetErrorCode.NewTabPageHistoryClustersModuleRanking recorded 26 samples (flags = 0x41)
379  --------------------------O                                               (26 = 100.0%)

Histogram: OptimizationGuide.PredictionModelFetcher.GetModelsResponse.NetErrorCode.NotificationPermissions recorded 26 samples (flags = 0x41)
379  --------------------------O                                               (26 = 100.0%)

Histogram: OptimizationGuide.PredictionModelFetcher.GetModelsResponse.NetErrorCode.OmniboxUrlScoring recorded 26 samples (flags = 0x41)
379  --------------------------O                                               (26 = 100.0%)

Histogram: OptimizationGuide.PredictionModelFetcher.GetModelsResponse.NetErrorCode.PageTopicsV2 recorded 26 samples (flags = 0x41)
379  --------------------------O                                               (26 = 100.0%)

Histogram: OptimizationGuide.PredictionModelFetcher.GetModelsResponse.NetErrorCode.PageVisibility recorded 26 samples (flags = 0x41)
379  --------------------------O                                               (26 = 100.0%)

Histogram: OptimizationGuide.PredictionModelFetcher.GetModelsResponse.NetErrorCode.SegmentationChromeLowUserEngagement recorded 26 samples (flags = 0x41)
379  --------------------------O                                               (26 = 100.0%)

Histogram: OptimizationGuide.PredictionModelFetcher.GetModelsResponse.NetErrorCode.SegmentationComposePromotion recorded 26 samples (flags = 0x41)
379  --------------------------O                                               (26 = 100.0%)

Histogram: OptimizationGuide.PredictionModelFetcher.GetModelsResponse.NetErrorCode.SegmentationDeviceSwitcher recorded 26 samples (flags = 0x41)
379  --------------------------O                                               (26 = 100.0%)

Histogram: OptimizationGuide.PredictionModelFetcher.GetModelsResponse.NetErrorCode.SegmentationSearchUser recorded 26 samples (flags = 0x41)
379  --------------------------O                                               (26 = 100.0%)

Histogram: OptimizationGuide.PredictionModelFetcher.GetModelsResponse.NetErrorCode.SegmentationShoppingUser recorded 26 samples (flags = 0x41)
379  --------------------------O                                               (26 = 100.0%)

Histogram: OptimizationGuide.PredictionModelFetcher.GetModelsResponse.NetErrorCode.TextSafety recorded 26 samples (flags = 0x41)
379  --------------------------O                                               (26 = 100.0%)

Histogram: OptimizationGuide.PredictionModelFetcher.GetModelsResponse.NetErrorCode.URLVisitResumptionRanker recorded 26 samples (flags = 0x41)
379  --------------------------O                                               (26 = 100.0%)

Histogram: OptimizationGuide.PredictionModelFetcher.GetModelsResponse.NetErrorCode.VisualSearchClassification recorded 26 samples (flags = 0x41)
379  --------------------------O                                               (26 = 100.0%)

Histogram: OptimizationGuide.PredictionModelFetcher.GetModelsResponse.NetErrorCode.WebAppInstallationPromo recorded 26 samples (flags = 0x41)
379  --------------------------O                                               (26 = 100.0%)

Histogram: OptimizationGuide.PredictionModelFetcher.GetModelsResponse.Status recorded 26 samples, mean = 403.0 (flags = 0x41)
0    ... 
403  --------------------------O                                               (26 = 100.0%) {0.0%}
404  ... 

Histogram: OptimizationGuide.PredictionModelFetcher.GetModelsResponse.Status.ClientSidePhishing recorded 26 samples, mean = 403.0 (flags = 0x41)
0    ... 
403  --------------------------O                                               (26 = 100.0%) {0.0%}
404  ... 

Histogram: OptimizationGuide.PredictionModelFetcher.GetModelsResponse.Status.GeolocationPermissions recorded 26 samples, mean = 403.0 (flags = 0x41)
0    ... 
403  --------------------------O                                               (26 = 100.0%) {0.0%}
404  ... 

Histogram: OptimizationGuide.PredictionModelFetcher.GetModelsResponse.Status.LanguageDetection recorded 26 samples, mean = 403.0 (flags = 0x41)
0    ... 
403  --------------------------O                                               (26 = 100.0%) {0.0%}
404  ... 

Histogram: OptimizationGuide.PredictionModelFetcher.GetModelsResponse.Status.NewTabPageHistoryClustersModuleRanking recorded 26 samples, mean = 403.0 (flags = 0x41)
0    ... 
403  --------------------------O                                               (26 = 100.0%) {0.0%}
404  ... 

Histogram: OptimizationGuide.PredictionModelFetcher.GetModelsResponse.Status.NotificationPermissions recorded 26 samples, mean = 403.0 (flags = 0x41)
0    ... 
403  --------------------------O                                               (26 = 100.0%) {0.0%}
404  ... 

Histogram: OptimizationGuide.PredictionModelFetcher.GetModelsResponse.Status.OmniboxUrlScoring recorded 26 samples, mean = 403.0 (flags = 0x41)
0    ... 
403  --------------------------O                                               (26 = 100.0%) {0.0%}
404  ... 

Histogram: OptimizationGuide.PredictionModelFetcher.GetModelsResponse.Status.PageTopicsV2 recorded 26 samples, mean = 403.0 (flags = 0x41)
0    ... 
403  --------------------------O                                               (26 = 100.0%) {0.0%}
404  ... 

Histogram: OptimizationGuide.PredictionModelFetcher.GetModelsResponse.Status.PageVisibility recorded 26 samples, mean = 403.0 (flags = 0x41)
0    ... 
403  --------------------------O                                               (26 = 100.0%) {0.0%}
404  ... 

Histogram: OptimizationGuide.PredictionModelFetcher.GetModelsResponse.Status.SegmentationChromeLowUserEngagement recorded 26 samples, mean = 403.0 (flags = 0x41)
0    ... 
403  --------------------------O                                               (26 = 100.0%) {0.0%}
404  ... 

Histogram: OptimizationGuide.PredictionModelFetcher.GetModelsResponse.Status.SegmentationComposePromotion recorded 26 samples, mean = 403.0 (flags = 0x41)
0    ... 
403  --------------------------O                                               (26 = 100.0%) {0.0%}
404  ... 

Histogram: OptimizationGuide.PredictionModelFetcher.GetModelsResponse.Status.SegmentationDeviceSwitcher recorded 26 samples, mean = 403.0 (flags = 0x41)
0    ... 
403  --------------------------O                                               (26 = 100.0%) {0.0%}
404  ... 

Histogram: OptimizationGuide.PredictionModelFetcher.GetModelsResponse.Status.SegmentationSearchUser recorded 26 samples, mean = 403.0 (flags = 0x41)
0    ... 
403  --------------------------O                                               (26 = 100.0%) {0.0%}
404  ... 

Histogram: OptimizationGuide.PredictionModelFetcher.GetModelsResponse.Status.SegmentationShoppingUser recorded 26 samples, mean = 403.0 (flags = 0x41)
0    ... 
403  --------------------------O                                               (26 = 100.0%) {0.0%}
404  ... 

Histogram: OptimizationGuide.PredictionModelFetcher.GetModelsResponse.Status.TextSafety recorded 26 samples, mean = 403.0 (flags = 0x41)
0    ... 
403  --------------------------O                                               (26 = 100.0%) {0.0%}
404  ... 

Histogram: OptimizationGuide.PredictionModelFetcher.GetModelsResponse.Status.URLVisitResumptionRanker recorded 26 samples, mean = 403.0 (flags = 0x41)
0    ... 
403  --------------------------O                                               (26 = 100.0%) {0.0%}
404  ... 

Histogram: OptimizationGuide.PredictionModelFetcher.GetModelsResponse.Status.VisualSearchClassification recorded 26 samples, mean = 403.0 (flags = 0x41)
0    ... 
403  --------------------------O                                               (26 = 100.0%) {0.0%}
404  ... 

Histogram: OptimizationGuide.PredictionModelFetcher.GetModelsResponse.Status.WebAppInstallationPromo recorded 26 samples, mean = 403.0 (flags = 0x41)
0    ... 
403  --------------------------O                                               (26 = 100.0%) {0.0%}
404  ... 

Histogram: OptimizationGuide.ProcessingComponentAtShutdown recorded 1 samples, mean = 0.0 (flags = 0x41)
0  -O                                                                        (1 = 100.0%)
1  ... 

Histogram: OptimizationGuide.RemoteFetchingEnabled recorded 1 samples, mean = 0.0 (flags = 0x41)
0  -O                                                                        (1 = 100.0%)
1  ... 

Histogram: OriginTrials.PersistentOriginTrial.LevelDbInitSuccess recorded 1 samples, mean = 1.0 (flags = 0x41)
0  O                                                                         (0 = 0.0%)
1  -O                                                                        (1 = 100.0%) {0.0%}
2  O                                                                         (0 = 0.0%) {100.0%}

Histogram: OriginTrials.PersistentOriginTrial.LevelDbLoadSize recorded 1 samples, mean = 0.0 (flags = 0x41)
0  -O                                                                        (1 = 100.0%)
1  ... 

Histogram: OriginTrials.PersistentOriginTrial.LevelDbLoadSuccess recorded 1 samples, mean = 1.0 (flags = 0x41)
0  O                                                                         (0 = 0.0%)
1  -O                                                                        (1 = 100.0%) {0.0%}
2  O                                                                         (0 = 0.0%) {100.0%}

Histogram: OriginTrials.PersistentOriginTrial.LevelDbLoadTime recorded 1 samples, mean = 2122.0 (flags = 0x41)
0     ... 
2117  -O                                                                        (1 = 100.0%) {0.0%}
2516  ... 

Histogram: OriginTrials.PersistentOriginTrial.OriginLookupsBeforeDbLoad recorded 1 samples, mean = 0.0 (flags = 0x41)
0  -O                                                                        (1 = 100.0%)
1  ... 

Histogram: OriginTrials.PersistentOriginTrial.OriginsAddedBeforeDbLoad recorded 1 samples, mean = 0.0 (flags = 0x41)
0  -O                                                                        (1 = 100.0%)
1  ... 

Histogram: PageActionController.ExtensionsWithPageActions recorded 1 samples, mean = 0.0 (flags = 0x41)
0  -O                                                                        (1 = 100.0%)
1  ... 

Histogram: PageContentAnnotations.AnnotateVisit.AnnotationRequestQueued recorded 4 samples, mean = 1.0 (flags = 0x40)
0  O                                                                         (0 = 0.0%)
1  ----O                                                                     (4 = 100.0%) {0.0%}
2  O                                                                         (0 = 0.0%) {100.0%}

Histogram: PageContentAnnotations.AnnotateVisit.AnnotationRequested recorded 4 samples, mean = 1.0 (flags = 0x40)
0  O                                                                         (0 = 0.0%)
1  ----O                                                                     (4 = 100.0%) {0.0%}
2  O                                                                         (0 = 0.0%) {100.0%}

Histogram: PageContentAnnotations.AnnotateVisit.BatchAnnotationStarted recorded 1 samples, mean = 1.0 (flags = 0x40)
0  O                                                                         (0 = 0.0%)
1  -O                                                                        (1 = 100.0%) {0.0%}
2  O                                                                         (0 = 0.0%) {100.0%}

Histogram: PageLoad.Clients.Ads.AllPages.NonAdNetworkBytes recorded 1 samples, mean = 120.0 (flags = 0x41)
0    ... 
108  -O                                                                        (1 = 100.0%) {0.0%}
141  ... 

Histogram: PageLoad.Clients.Ads.AllPages.PercentNetworkBytesAds recorded 1 samples, mean = 0.0 (flags = 0x41)
0  -O                                                                        (1 = 100.0%)
1  ... 

Histogram: PageLoad.Clients.Ads.AllPages.PercentTotalBytesAds recorded 1 samples, mean = 0.0 (flags = 0x41)
0  -O                                                                        (1 = 100.0%)
1  ... 

Histogram: PageLoad.Clients.Ads.AverageViewportAdDensity recorded 1 samples, mean = 0.0 (flags = 0x41)
0  -O                                                                        (1 = 100.0%)
1  ... 

Histogram: PageLoad.Clients.Ads.FrameCounts.AdFrames.Total recorded 1 samples, mean = 0.0 (flags = 0x41)
0  -O                                                                        (1 = 100.0%)
1  ... 

Histogram: PageLoad.Clients.Ads.NonVisible.FrameCounts.AdFrames.Total recorded 1 samples, mean = 0.0 (flags = 0x41)
0  -O                                                                        (1 = 100.0%)
1  ... 

Histogram: PageLoad.Clients.Ads.Visible.FrameCounts.AdFrames.Total recorded 1 samples, mean = 0.0 (flags = 0x41)
0  -O                                                                        (1 = 100.0%)
1  ... 

Histogram: PageLoad.Clients.CrossOrigin.LayoutInstability.CumulativeShiftScore recorded 1 samples, mean = 0.0 (flags = 0x41)
0  -O                                                                        (1 = 100.0%)
1  ... 

Histogram: PageLoad.Clients.CrossOrigin.LayoutInstability.CumulativeShiftScore.MainFrame recorded 1 samples, mean = 0.0 (flags = 0x41)
0  -O                                                                        (1 = 100.0%)
1  ... 

Histogram: PageLoad.Clients.Leakage2.AbandonReasonAt.LoaderStart recorded 1 samples, mean = 10.0 (flags = 0x41)
0   ... 
10  -O                                                                        (1 = 100.0%) {0.0%}
11  ... 

Histogram: PageLoad.Clients.Leakage2.LastMilestoneBeforeAbandon.NewReloadNavigation recorded 1 samples, mean = 1.0 (flags = 0x41)
0  O                                                                         (0 = 0.0%)
1  -O                                                                        (1 = 100.0%) {0.0%}
2  ... 

Histogram: PageLoad.Clients.Leakage2.LoaderStartToAbandon.NewReloadNavigation recorded 1 samples, mean = 1767.0 (flags = 0x41)
0     ... 
1738  -O                                                                        (1 = 100.0%) {0.0%}
1945  ... 

Histogram: PageLoad.Clients.Leakage2.NavigationStart recorded 2 samples, mean = 2366.5 (flags = 0x41)
0     ... 
1738  -O                                                                        (1 = 50.0%) {0.0%}
1945  ... 
2725  -O                                                                        (1 = 50.0%) {50.0%}
3049  ... 

Histogram: PageLoad.Clients.Leakage2.NavigationStartToCommitReceived recorded 1 samples, mean = 2625.0 (flags = 0x41)
0     ... 
2435  -O                                                                        (1 = 100.0%) {0.0%}
2725  ... 

Histogram: PageLoad.Clients.Leakage2.NavigationStartToCommitSent recorded 1 samples, mean = 2622.0 (flags = 0x41)
0     ... 
2435  -O                                                                        (1 = 100.0%) {0.0%}
2725  ... 

Histogram: PageLoad.Clients.Leakage2.NavigationStartToDOMContentLoaded recorded 1 samples, mean = 3740.0 (flags = 0x41)
0     ... 
3412  -O                                                                        (1 = 100.0%) {0.0%}
3818  ... 

Histogram: PageLoad.Clients.Leakage2.NavigationStartToDidCommit recorded 1 samples, mean = 2954.0 (flags = 0x41)
0     ... 
2725  -O                                                                        (1 = 100.0%) {0.0%}
3049  ... 

Histogram: PageLoad.Clients.Leakage2.NavigationStartToFirstRedirectResponseLoaderCallback recorded 1 samples, mean = 2215.0 (flags = 0x41)
0     ... 
2176  -O                                                                        (1 = 100.0%) {0.0%}
2435  ... 

Histogram: PageLoad.Clients.Leakage2.NavigationStartToFirstRedirectResponseStart recorded 1 samples, mean = 2140.0 (flags = 0x41)
0     ... 
1945  -O                                                                        (1 = 100.0%) {0.0%}
2176  ... 

Histogram: PageLoad.Clients.Leakage2.NavigationStartToFirstRedirectedRequestStart recorded 1 samples, mean = 2140.0 (flags = 0x41)
0     ... 
1945  -O                                                                        (1 = 100.0%) {0.0%}
2176  ... 

Histogram: PageLoad.Clients.Leakage2.NavigationStartToLoadStarted recorded 1 samples, mean = 4648.0 (flags = 0x41)
0     ... 
4272  -O                                                                        (1 = 100.0%) {0.0%}
4780  ... 

Histogram: PageLoad.Clients.Leakage2.NavigationStartToLoaderStart recorded 2 samples, mean = 874.0 (flags = 0x41)
0     ... 
11    -O                                                                        (1 = 50.0%) {0.0%}
12    ... 
1553  -O                                                                        (1 = 50.0%) {50.0%}
1738  ... 

Histogram: PageLoad.Clients.Leakage2.NavigationStartToNonRedirectResponseLoaderCallback recorded 1 samples, mean = 2617.0 (flags = 0x41)
0     ... 
2435  -O                                                                        (1 = 100.0%) {0.0%}
2725  ... 

Histogram: PageLoad.Clients.Leakage2.NavigationStartToNonRedirectResponseStart recorded 1 samples, mean = 2522.0 (flags = 0x41)
0     ... 
2435  -O                                                                        (1 = 100.0%) {0.0%}
2725  ... 

Histogram: PageLoad.Clients.Leakage2.NavigationStartToNonRedirectedRequestStart recorded 1 samples, mean = 2261.0 (flags = 0x41)
0     ... 
2176  -O                                                                        (1 = 100.0%) {0.0%}
2435  ... 

Histogram: PageLoad.Clients.Leakage2.NavigationStartToParseStart recorded 1 samples, mean = 2629.0 (flags = 0x41)
0     ... 
2435  -O                                                                        (1 = 100.0%) {0.0%}
2725  ... 

Histogram: PageLoad.Clients.Leakage2.RendererProcessCreatedBeforeNav recorded 1 samples, mean = 1.0 (flags = 0x41)
0  O                                                                         (0 = 0.0%)
1  -O                                                                        (1 = 100.0%) {0.0%}
2  O                                                                         (0 = 0.0%) {100.0%}

Histogram: PageLoad.Clients.LinkPreview.Usage recorded 1 samples, mean = 0.0 (flags = 0x41)
0  -O                                                                        (1 = 100.0%)
1  ... 

Histogram: PageLoad.Clients.MultiTabLoading.WithTabCount_0.DocumentTiming.NavigationToDOMContentLoadedEventFired recorded 1 samples, mean = 3740.0 (flags = 0x41)
0     ... 
3412  -O                                                                        (1 = 100.0%) {0.0%}
3818  ... 

Histogram: PageLoad.Clients.MultiTabLoading.WithTabCount_0.DocumentTiming.NavigationToLoadEventFired recorded 1 samples, mean = 4648.0 (flags = 0x41)
0     ... 
4272  -O                                                                        (1 = 100.0%) {0.0%}
4780  ... 

Histogram: PageLoad.Clients.MultiTabLoading.With_0_OtherLoading.DocumentTiming.NavigationToDOMContentLoadedEventFired recorded 1 samples, mean = 3740.0 (flags = 0x41)
0     ... 
3412  -O                                                                        (1 = 100.0%) {0.0%}
3818  ... 

Histogram: PageLoad.Clients.MultiTabLoading.With_0_OtherLoading.DocumentTiming.NavigationToLoadEventFired recorded 1 samples, mean = 4648.0 (flags = 0x41)
0     ... 
4272  -O                                                                        (1 = 100.0%) {0.0%}
4780  ... 

Histogram: PageLoad.Clients.PerformanceManager.LoadedIdleWithoutLCP recorded 1 samples, mean = 7621.0 (flags = 0x41)
0     ... 
6296  -O                                                                        (1 = 100.0%) {0.0%}
8000  ... 

Histogram: PageLoad.Clients.PerformanceManager.LoadedIdleWithoutLCP.Foreground recorded 1 samples, mean = 7621.0 (flags = 0x41)
0     ... 
6296  -O                                                                        (1 = 100.0%) {0.0%}
8000  ... 

Histogram: PageLoad.Clients.Protocol.QUIC.DocumentTiming.NavigationToDOMContentLoadedEventFired recorded 1 samples, mean = 3740.0 (flags = 0x41)
0     ... 
3412  -O                                                                        (1 = 100.0%) {0.0%}
3818  ... 

Histogram: PageLoad.Clients.Protocol.QUIC.DocumentTiming.NavigationToLoadEventFired recorded 1 samples, mean = 4648.0 (flags = 0x41)
0     ... 
4272  -O                                                                        (1 = 100.0%) {0.0%}
4780  ... 

Histogram: PageLoad.Clients.Protocol.QUIC.ParseTiming.NavigationToParseStart recorded 1 samples, mean = 2629.0 (flags = 0x41)
0     ... 
2435  -O                                                                        (1 = 100.0%) {0.0%}
2725  ... 

Histogram: PageLoad.Clients.Scheme.HTTPS.ParseTiming.NavigationToParseStart recorded 1 samples, mean = 2629.0 (flags = 0x41)
0     ... 
2435  -O                                                                        (1 = 100.0%) {0.0%}
2725  ... 

Histogram: PageLoad.Clients.SubresourceLoading.DaysSinceLastVisitToOrigin recorded 1 samples, mean = 0.0 (flags = 0x40)
0  -O                                                                        (1 = 100.0%)
1  ... 

Histogram: PageLoad.Clients.SubresourceLoading.HasPreviousVisitToOrigin recorded 1 samples, mean = 1.0 (flags = 0x40)
0  O                                                                         (0 = 0.0%)
1  -O                                                                        (1 = 100.0%) {0.0%}
2  O                                                                         (0 = 0.0%) {100.0%}

Histogram: PageLoad.Clients.TPCD.CookieAccess.ThirdPartyCookieAllowMechanism3 recorded 1 samples, mean = 2.0 (flags = 0x41)
0  ... 
2  -O                                                                        (1 = 100.0%) {0.0%}
3  ... 

Histogram: PageLoad.Clients.TPCD.TPCAccess.CookieReadStatus2 recorded 1 samples, mean = 1.0 (flags = 0x41)
0  O                                                                         (0 = 0.0%)
1  -O                                                                        (1 = 100.0%) {0.0%}
2  ... 

Histogram: PageLoad.Clients.TPCD.ThirdPartyCookieAccessBlockedByExperiment2 recorded 1 samples, mean = 0.0 (flags = 0x41)
0  -O                                                                        (1 = 100.0%)
1  ... 

Histogram: PageLoad.Clients.ThirdParty.Origins.CookieRead2 recorded 1 samples, mean = 1.0 (flags = 0x41)
0  O                                                                         (0 = 0.0%)
1  -O                                                                        (1 = 100.0%) {0.0%}
2  ... 

Histogram: PageLoad.Cpu.TotalUsage recorded 1 samples, mean = 564.0 (flags = 0x41)
0    ... 
505  -O                                                                        (1 = 100.0%) {0.0%}
565  ... 

Histogram: PageLoad.Cpu.TotalUsageForegrounded recorded 1 samples, mean = 564.0 (flags = 0x41)
0    ... 
505  -O                                                                        (1 = 100.0%) {0.0%}
565  ... 

Histogram: PageLoad.DocumentTiming.NavigationToDOMContentLoadedEventFired recorded 1 samples, mean = 3740.0 (flags = 0x41)
0     ... 
3412  -O                                                                        (1 = 100.0%) {0.0%}
3818  ... 

Histogram: PageLoad.DocumentTiming.NavigationToLoadEventFired recorded 1 samples, mean = 4648.0 (flags = 0x41)
0     ... 
4272  -O                                                                        (1 = 100.0%) {0.0%}
4780  ... 

Histogram: PageLoad.Experimental.NavigationTiming.FinalLoaderCallbackToNavigationCommitSent recorded 1 samples, mean = 4.0 (flags = 0x41)
0  -O                                                                        (1 = 100.0%)
10 ... 

Histogram: PageLoad.Experimental.NavigationTiming.FinalRequestStartToFinalResponseStart recorded 1 samples, mean = 260.0 (flags = 0x41)
0    ... 
257  -O                                                                        (1 = 100.0%) {0.0%}
288  ... 

Histogram: PageLoad.Experimental.NavigationTiming.FinalResponseStartToFinalLoaderCallback recorded 1 samples, mean = 95.0 (flags = 0x41)
0   ... 
94  -O                                                                        (1 = 100.0%) {0.0%}
105 ... 

Histogram: PageLoad.Experimental.NavigationTiming.FirstRequestStartToFirstResponseStart recorded 1 samples, mean = 0.0 (flags = 0x41)
0  -O                                                                        (1 = 100.0%)
10 ... 

Histogram: PageLoad.Experimental.NavigationTiming.FirstResponseStartToFirstLoaderCallback recorded 1 samples, mean = 74.0 (flags = 0x41)
0   ... 
67  -O                                                                        (1 = 100.0%) {0.0%}
75  ... 

Histogram: PageLoad.Experimental.NavigationTiming.NavigationStartToFinalLoaderCallback recorded 1 samples, mean = 2617.0 (flags = 0x41)
0     ... 
2435  -O                                                                        (1 = 100.0%) {0.0%}
2725  ... 

Histogram: PageLoad.Experimental.NavigationTiming.NavigationStartToFinalRequestStart recorded 1 samples, mean = 2261.0 (flags = 0x41)
0     ... 
2176  -O                                                                        (1 = 100.0%) {0.0%}
2435  ... 

Histogram: PageLoad.Experimental.NavigationTiming.NavigationStartToFinalResponseStart recorded 1 samples, mean = 2522.0 (flags = 0x41)
0     ... 
2435  -O                                                                        (1 = 100.0%) {0.0%}
2725  ... 

Histogram: PageLoad.Experimental.NavigationTiming.NavigationStartToFirstLoaderCallback recorded 1 samples, mean = 2215.0 (flags = 0x41)
0     ... 
2176  -O                                                                        (1 = 100.0%) {0.0%}
2435  ... 

Histogram: PageLoad.Experimental.NavigationTiming.NavigationStartToFirstRequestStart recorded 1 samples, mean = 2140.0 (flags = 0x41)
0     ... 
1945  -O                                                                        (1 = 100.0%) {0.0%}
2176  ... 

Histogram: PageLoad.Experimental.NavigationTiming.NavigationStartToFirstResponseStart recorded 1 samples, mean = 2140.0 (flags = 0x41)
0     ... 
1945  -O                                                                        (1 = 100.0%) {0.0%}
2176  ... 

Histogram: PageLoad.Experimental.NavigationTiming.NavigationStartToNavigationCommitSent recorded 1 samples, mean = 2622.0 (flags = 0x41)
0     ... 
2435  -O                                                                        (1 = 100.0%) {0.0%}
2725  ... 

Histogram: PageLoad.Experimental.PageTiming.CachedResourceLoadTime.font recorded 5 samples, mean = 0.4 (flags = 0x41)
0  ---O                                                                      (3 = 60.0%)
1  --O                                                                       (2 = 40.0%) {60.0%}
2  ... 

Histogram: PageLoad.Experimental.PageTiming.CachedResourceLoadTime.manifest recorded 1 samples, mean = 228.0 (flags = 0x41)
0    ... 
220  -O                                                                        (1 = 100.0%) {0.0%}
280  ... 

Histogram: PageLoad.Experimental.PageTiming.CachedResourceLoadTime.script recorded 24 samples, mean = 4.0 (flags = 0x41)
0   ----O                                                                     (4 = 16.7%)
1   -O                                                                        (1 = 4.2%) {16.7%}
2   O                                                                         (0 = 0.0%) {20.8%}
3   ---------O                                                                (9 = 37.5%) {20.8%}
4   -O                                                                        (1 = 4.2%) {58.3%}
5   ---O                                                                      (3 = 12.5%) {62.5%}
6   --O                                                                       (2 = 8.3%) {75.0%}
8   --O                                                                       (2 = 8.3%) {83.3%}
10  --O                                                                       (2 = 8.3%) {91.7%}
13  ... 

Histogram: PageLoad.Experimental.PageTiming.CachedResourceLoadTime.style recorded 8 samples, mean = 45.1 (flags = 0x41)
0    ... 
4    -----O                                                                    (5 = 62.5%) {0.0%}
5    --O                                                                       (2 = 25.0%) {62.5%}
6    ... 
280  -O                                                                        (1 = 12.5%) {87.5%}
356  ... 

Histogram: PageLoad.Experimental.PageTiming.CommitSentToFirstSubresourceLoadStart recorded 1 samples, mean = 335.0 (flags = 0x41)
0    ... 
322  -O                                                                        (1 = 100.0%) {0.0%}
360  ... 

Histogram: PageLoad.Experimental.PageTiming.NavigationToFirstSubresourceLoadStart recorded 1 samples, mean = 2957.0 (flags = 0x41)
0     ... 
2725  -O                                                                        (1 = 100.0%) {0.0%}
3049  ... 

Histogram: PageLoad.Experimental.PageTiming.ResourceLoadTime. recorded 4 samples, mean = 306.0 (flags = 0x41)
0    ... 
173  -O                                                                        (1 = 25.0%) {0.0%}
220  --O                                                                       (2 = 50.0%) {25.0%}
280  ... 
452  -O                                                                        (1 = 25.0%) {75.0%}
574  ... 

Histogram: PageLoad.Experimental.PageTiming.ResourceLoadTime.document recorded 1 samples, mean = 261.0 (flags = 0x41)
0    ... 
220  -O                                                                        (1 = 100.0%) {0.0%}
280  ... 

Histogram: PageLoad.Experimental.PageTiming.ResourceLoadTime.image recorded 1 samples, mean = 188.0 (flags = 0x41)
0    ... 
173  -O                                                                        (1 = 100.0%) {0.0%}
220  ... 

Histogram: PageLoad.Experimental.PageTiming.ResourceLoadTime.script recorded 1 samples, mean = 350.0 (flags = 0x41)
0    ... 
280  -O                                                                        (1 = 100.0%) {0.0%}
356  ... 

Histogram: PageLoad.Experimental.PageVisitFinalStatus recorded 1 samples, mean = 1.0 (flags = 0x41)
0  O                                                                         (0 = 0.0%)
1  -O                                                                        (1 = 100.0%) {0.0%}
2  ... 

Histogram: PageLoad.Experimental.PageVisitType2 recorded 1 samples, mean = 6.0 (flags = 0x41)
0  ... 
6  -O                                                                        (1 = 100.0%) {0.0%}
7  ... 

Histogram: PageLoad.Experimental.PaintTiming.FirstEligibleToPaintToFirstPaint recorded 1 samples, mean = 691.0 (flags = 0x41)
0    ... 
632  -O                                                                        (1 = 100.0%) {0.0%}
707  ... 

Histogram: PageLoad.Experimental.TotalForegroundDuration recorded 1 samples, mean = 4275453.0 (flags = 0x41)
0        ... 
3600000  -O                                                                        (1 = 100.0%) {0.0%}

Histogram: PageLoad.Experimental.TotalForegroundDuration.AllVisit recorded 1 samples, mean = 4275453.0 (flags = 0x41)
0        ... 
3600000  -O                                                                        (1 = 100.0%) {0.0%}

Histogram: PageLoad.Experimental.TotalForegroundDuration.IndependentUIVisit recorded 1 samples, mean = 4275453.0 (flags = 0x41)
0        ... 
3600000  -O                                                                        (1 = 100.0%) {0.0%}

Histogram: PageLoad.Expermental.SoftNavigations.Count recorded 1 samples, mean = 0.0 (flags = 0x41)
0  -O                                                                        (1 = 100.0%)
1  ... 

Histogram: PageLoad.Internal.PageLoadTimingStatus recorded 16 samples, mean = 0.0 (flags = 0x41)
0  ----------------O                                                         (16 = 100.0%)
1  ... 

Histogram: PageLoad.Internal.PageLoadTimingStatus.AtTimingCallbackDispatch recorded 3 samples, mean = 0.0 (flags = 0x41)
0  ---O                                                                      (3 = 100.0%)
1  ... 

Histogram: PageLoad.Internal.PageType recorded 2 samples, mean = 0.0 (flags = 0x41)
0  --O                                                                       (2 = 100.0%)
1  ... 

Histogram: PageLoad.Internal.SuppressedEventsBeforeMissingFirstPaint recorded 1 samples, mean = 0.0 (flags = 0x41)
0  -O                                                                        (1 = 100.0%)
1  ... 

Histogram: PageLoad.Internal.SuppressedEventsCountBeforePaint3 recorded 1 samples, mean = 0.0 (flags = 0x41)
0  -O                                                                        (1 = 100.0%)
1  ... 

Histogram: PageLoad.Internal.SuppressedEventsTimingBeforePaint3 recorded 1 samples, mean = 0.0 (flags = 0x41)
0  -O                                                                        (1 = 100.0%)
1  ... 

Histogram: PageLoad.Internal.SuppressedInteractionsCountBeforePaint3 recorded 1 samples, mean = 0.0 (flags = 0x41)
0  -O                                                                        (1 = 100.0%)
1  ... 

Histogram: PageLoad.LayoutInstability.CumulativeShiftScore recorded 1 samples, mean = 0.0 (flags = 0x41)
0  -O                                                                        (1 = 100.0%)
1  ... 

Histogram: PageLoad.LayoutInstability.CumulativeShiftScore.MainFrame recorded 1 samples, mean = 0.0 (flags = 0x41)
0  -O                                                                        (1 = 100.0%)
1  ... 

Histogram: PageLoad.LayoutInstability.MaxCumulativeShiftScore.SessionWindow.Gap1000ms.Max5000ms recorded 1 samples, mean = 0.0 (flags = 0x41)
0  -O                                                                        (1 = 100.0%)
1  ... 

Histogram: PageLoad.LayoutInstability.MaxCumulativeShiftScore.SessionWindow.Gap1000ms.Max5000ms2 recorded 1 samples, mean = 0.0 (flags = 0x41)
0  -O                                                                        (1 = 100.0%)
1  ... 

Histogram: PageLoad.PageTiming.ForegroundDuration recorded 1 samples, mean = 4275452.0 (flags = 0x41)
0        ... 
3600000  -O                                                                        (1 = 100.0%) {0.0%}

Histogram: PageLoad.PageTiming.ForegroundDuration.AfterPaint recorded 1 samples, mean = 4271119.0 (flags = 0x41)
0        ... 
3600000  -O                                                                        (1 = 100.0%) {0.0%}

Histogram: PageLoad.PageTiming.ForegroundDuration.NoCommit recorded 1 samples, mean = 41.0 (flags = 0x41)
0   ... 
41  -O                                                                        (1 = 100.0%) {0.0%}
47  ... 

Histogram: PageLoad.PageTiming.ForegroundDuration.WithPaint recorded 1 samples, mean = 4275452.0 (flags = 0x41)
0        ... 
3600000  -O                                                                        (1 = 100.0%) {0.0%}

Histogram: PageLoad.PaintTiming.NavigationToFirstPaint recorded 1 samples, mean = 4333.0 (flags = 0x41)
0     ... 
4272  -O                                                                        (1 = 100.0%) {0.0%}
4780  ... 

Histogram: PageLoad.ParseTiming.NavigationToParseStart recorded 1 samples, mean = 2629.0 (flags = 0x41)
0     ... 
2435  -O                                                                        (1 = 100.0%) {0.0%}
2725  ... 

Histogram: PageLoad.ParseTiming.NavigationToParseStart.LoadType.NewNavigation recorded 1 samples, mean = 2629.0 (flags = 0x41)
0     ... 
2435  -O                                                                        (1 = 100.0%) {0.0%}
2725  ... 

Histogram: PageLoad.ParseTiming.ParseBlockedOnScriptExecution recorded 1 samples, mean = 1.0 (flags = 0x41)
0  -O                                                                        (1 = 100.0%)
10 ... 

Histogram: PageLoad.ParseTiming.ParseBlockedOnScriptExecutionFromDocumentWrite recorded 1 samples, mean = 0.0 (flags = 0x41)
0  -O                                                                        (1 = 100.0%)
10 ... 

Histogram: PageLoad.ParseTiming.ParseBlockedOnScriptLoad recorded 1 samples, mean = 993.0 (flags = 0x41)
0    ... 
990  -O                                                                        (1 = 100.0%) {0.0%}
1108 ... 

Histogram: PaintHolding.CommitTrigger2 recorded 1 samples, mean = 3.0 (flags = 0x41)
0  ... 
3  -O                                                                        (1 = 100.0%) {0.0%}
4  ... 

Histogram: PasswordManager.AccountStore.InaccessiblePasswords3 recorded 1 samples, mean = 0.0 (flags = 0x41)
0  -O                                                                        (1 = 100.0%)
1  ... 

Histogram: PasswordManager.AccountStore.LoginDatabaseEncryptionStatus recorded 1 samples, mean = 0.0 (flags = 0x41)
0  -O                                                                        (1 = 100.0%)
1  ... 

Histogram: PasswordManager.AffiliationDatabase.DatabaseSize recorded 1 samples, mean = 52.0 (flags = 0x41)
0  -O                                                                        (1 = 100.0%)
1000... 

Histogram: PasswordManager.BubbleSuppression.AccountsInStatisticsTable2 recorded 1 samples, mean = 0.0 (flags = 0x41)
0  -O                                                                        (1 = 100.0%)
1  ... 

Histogram: PasswordManager.GetAllLogins.TimeSinceInit recorded 2 samples, mean = 29999.5 (flags = 0x41)
0      ... 
26495  --O                                                                       (2 = 100.0%) {0.0%}
33665  ... 

Histogram: PasswordManager.GetAutofillableLogins.TimeSinceInit recorded 2 samples, mean = 2663.5 (flags = 0x41)
0     ... 
2415  --O                                                                       (2 = 100.0%) {0.0%}
3069  ... 

Histogram: PasswordManager.LoginDatabaseInit2 recorded 2 samples, mean = 0.0 (flags = 0x41)
0  --O                                                                       (2 = 100.0%)
1  ... 

Histogram: PasswordManager.OnEncryptorReceived.Success recorded 2 samples, mean = 1.0 (flags = 0x41)
0  O                                                                         (0 = 0.0%)
1  --O                                                                       (2 = 100.0%) {0.0%}
2  O                                                                         (0 = 0.0%) {100.0%}

Histogram: PasswordManager.PasswordStore.InitTime recorded 2 samples, mean = 1783.5 (flags = 0x41)
0     ... 
1782  --O                                                                       (2 = 100.0%) {0.0%}
2117  ... 

Histogram: PasswordManager.PasswordStoreBackend.GetAllLoginsAsync recorded 4 samples, mean = 1.0 (flags = 0x41)
0  --O                                                                       (2 = 50.0%)
1  O                                                                         (0 = 0.0%) {50.0%}
2  --O                                                                       (2 = 50.0%) {50.0%}
3  ... 

Histogram: PasswordManager.PasswordStoreBackend.GetAllLoginsAsync.Latency recorded 2 samples, mean = 0.0 (flags = 0x41)
0  --O                                                                       (2 = 100.0%)
1  ... 

Histogram: PasswordManager.PasswordStoreBackend.GetAllLoginsAsync.Success recorded 2 samples, mean = 1.0 (flags = 0x41)
0  O                                                                         (0 = 0.0%)
1  --O                                                                       (2 = 100.0%) {0.0%}
2  O                                                                         (0 = 0.0%) {100.0%}

Histogram: PasswordManager.PasswordStoreBackend.GetAutofillableLoginsAsync recorded 4 samples, mean = 1.0 (flags = 0x41)
0  --O                                                                       (2 = 50.0%)
1  O                                                                         (0 = 0.0%) {50.0%}
2  --O                                                                       (2 = 50.0%) {50.0%}
3  ... 

Histogram: PasswordManager.PasswordStoreBackend.GetAutofillableLoginsAsync.Latency recorded 2 samples, mean = 1.0 (flags = 0x41)
0  O                                                                         (0 = 0.0%)
1  --O                                                                       (2 = 100.0%) {0.0%}
2  ... 

Histogram: PasswordManager.PasswordStoreBackend.GetAutofillableLoginsAsync.Success recorded 2 samples, mean = 1.0 (flags = 0x41)
0  O                                                                         (0 = 0.0%)
1  --O                                                                       (2 = 100.0%) {0.0%}
2  O                                                                         (0 = 0.0%) {100.0%}

Histogram: PasswordManager.PasswordStoreBuiltInBackend.GetAllLoginsAsync recorded 4 samples, mean = 1.0 (flags = 0x41)
0  --O                                                                       (2 = 50.0%)
1  O                                                                         (0 = 0.0%) {50.0%}
2  --O                                                                       (2 = 50.0%) {50.0%}
3  ... 

Histogram: PasswordManager.PasswordStoreBuiltInBackend.GetAllLoginsAsync.Latency recorded 2 samples, mean = 0.0 (flags = 0x41)
0  --O                                                                       (2 = 100.0%)
1  ... 

Histogram: PasswordManager.PasswordStoreBuiltInBackend.GetAllLoginsAsync.Success recorded 2 samples, mean = 1.0 (flags = 0x41)
0  O                                                                         (0 = 0.0%)
1  --O                                                                       (2 = 100.0%) {0.0%}
2  O                                                                         (0 = 0.0%) {100.0%}

Histogram: PasswordManager.PasswordStoreBuiltInBackend.GetAutofillableLoginsAsync recorded 4 samples, mean = 1.0 (flags = 0x41)
0  --O                                                                       (2 = 50.0%)
1  O                                                                         (0 = 0.0%) {50.0%}
2  --O                                                                       (2 = 50.0%) {50.0%}
3  ... 

Histogram: PasswordManager.PasswordStoreBuiltInBackend.GetAutofillableLoginsAsync.Latency recorded 2 samples, mean = 1.0 (flags = 0x41)
0  O                                                                         (0 = 0.0%)
1  --O                                                                       (2 = 100.0%) {0.0%}
2  ... 

Histogram: PasswordManager.PasswordStoreBuiltInBackend.GetAutofillableLoginsAsync.Success recorded 2 samples, mean = 1.0 (flags = 0x41)
0  O                                                                         (0 = 0.0%)
1  --O                                                                       (2 = 100.0%) {0.0%}
2  O                                                                         (0 = 0.0%) {100.0%}

Histogram: PasswordManager.ProfileStore.InaccessiblePasswords3 recorded 1 samples, mean = 0.0 (flags = 0x41)
0  -O                                                                        (1 = 100.0%)
1  ... 

Histogram: PasswordManager.ProfileStore.LoginDatabaseEncryptionStatus recorded 1 samples, mean = 0.0 (flags = 0x41)
0  -O                                                                        (1 = 100.0%)
1  ... 

Histogram: PasswordManager.SavedGaiaPasswordHashCount2 recorded 1 samples, mean = 0.0 (flags = 0x41)
0  -O                                                                        (1 = 100.0%)
1  ... 

Histogram: PasswordManager.SyncMetadataReadError2 recorded 2 samples, mean = 0.0 (flags = 0x41)
0  --O                                                                       (2 = 100.0%)
1  ... 

Histogram: PaymentRequest.IsCanMakePaymentAllowedByPref.Startup recorded 1 samples, mean = 1.0 (flags = 0x41)
0  O                                                                         (0 = 0.0%)
1  -O                                                                        (1 = 100.0%) {0.0%}
2  O                                                                         (0 = 0.0%) {100.0%}

Histogram: PerformanceManager.LoadingNotQuiescentPageCount.All recorded 142 samples, mean = 0.0 (flags = 0x41)
0  ------------------------------------------------------------------------O (142 = 100.0%)
1  ... 

Histogram: PerformanceManager.LoadingNotQuiescentPageCount.Hidden recorded 142 samples, mean = 0.0 (flags = 0x41)
0  ------------------------------------------------------------------------O (142 = 100.0%)
1  ... 

Histogram: PerformanceManager.LoadingNotQuiescentPageCount.MixedVisibility recorded 142 samples, mean = 0.0 (flags = 0x41)
0  ------------------------------------------------------------------------O (142 = 100.0%)
1  ... 

Histogram: PerformanceManager.LoadingNotQuiescentPageCount.Visible recorded 142 samples, mean = 0.0 (flags = 0x41)
0  ------------------------------------------------------------------------O (142 = 100.0%)
1  ... 

Histogram: PerformanceManager.QuiescentPageCount recorded 142 samples, mean = 1.0 (flags = 0x41)
0  O                                                                         (0 = 0.0%)
1  ------------------------------------------------------------------------O (142 = 100.0%) {0.0%}
2  ... 

Histogram: PerformanceManager.SiteDB.DatabaseInit recorded 1 samples, mean = 0.0 (flags = 0x41)
0  -O                                                                        (1 = 100.0%)
1  ... 

Histogram: PerformanceManager.SiteDB.OnDiskSize recorded 1 samples, mean = 1.0 (flags = 0x41)
0  -O                                                                        (1 = 100.0%)
1000... 

Histogram: PerformanceManager.SiteDB.WriteCompleted.WriteSiteDataIntoStore recorded 1 samples, mean = 1.0 (flags = 0x41)
0  O                                                                         (0 = 0.0%)
1  -O                                                                        (1 = 100.0%) {0.0%}
2  O                                                                         (0 = 0.0%) {100.0%}

Histogram: PerformanceManager.SiteDB.WriteScheduled.WriteSiteDataIntoStore recorded 1 samples, mean = 1.0 (flags = 0x41)
0  O                                                                         (0 = 0.0%)
1  -O                                                                        (1 = 100.0%) {0.0%}
2  O                                                                         (0 = 0.0%) {100.0%}

Histogram: PerformanceManager.TabRevisitTracker.TimeToClose2 recorded 1 samples, mean = 4275.0 (flags = 0x41)
0     ... 
4197  -O                                                                        (1 = 100.0%) {0.0%}
4416  ... 

Histogram: PerformanceManager.UserTuning.BatterySaverModeEnabledPercent recorded 1 samples, mean = 0.0 (flags = 0x41)
0  -O                                                                        (1 = 100.0%)
1  ... 

Histogram: PerformanceManager.UserTuning.MemorySaverModeEnabledPercent recorded 1 samples, mean = 0.0 (flags = 0x41)
0  -O                                                                        (1 = 100.0%)
1  ... 

Histogram: PerformanceMonitor.AverageCPU8.BrowserProcess recorded 35 samples, mean = 1573.5 (flags = 0x41)
0      ... 
462    ------------O                                                             (12 = 34.3%) {0.0%}
558    --O                                                                       (2 = 5.7%) {34.3%}
674    -O                                                                        (1 = 2.9%) {40.0%}
814    -O                                                                        (1 = 2.9%) {42.9%}
983    ----------------O                                                         (16 = 45.7%) {45.7%}
1187   -O                                                                        (1 = 2.9%) {91.4%}
1433   ... 
5353   -O                                                                        (1 = 2.9%) {94.3%}
6462   ... 
20000  -O                                                                        (1 = 2.9%) {97.1%}

Histogram: PerformanceMonitor.AverageCPU8.GPUProcess recorded 35 samples, mean = 228.8 (flags = 0x41)
0     ... 
6     -----O                                                                    (5 = 14.3%) {0.0%}
7     -----O                                                                    (5 = 14.3%) {14.3%}
8     O                                                                         (0 = 0.0%) {28.6%}
10    ----O                                                                     (4 = 11.4%) {28.6%}
12    ---O                                                                      (3 = 8.6%) {40.0%}
15    ------------O                                                             (12 = 34.3%) {48.6%}
18    -O                                                                        (1 = 2.9%) {82.9%}
22    ---O                                                                      (3 = 8.6%) {85.7%}
27    -O                                                                        (1 = 2.9%) {94.3%}
33    ... 
6462  -O                                                                        (1 = 2.9%) {97.1%}
7801  ... 

Histogram: PerformanceMonitor.AverageCPU8.NetworkProcess recorded 35 samples, mean = 2.8 (flags = 0x41)
0   O                                                                         (0 = 0.0%)
1   ---------------O                                                          (15 = 42.9%) {0.0%}
2   ---------O                                                                (9 = 25.7%) {42.9%}
3   ------O                                                                   (6 = 17.1%) {68.6%}
4   -O                                                                        (1 = 2.9%) {85.7%}
5   ... 
8   ---O                                                                      (3 = 8.6%) {88.6%}
10  ... 
15  -O                                                                        (1 = 2.9%) {97.1%}
18  ... 

Histogram: PerformanceMonitor.AverageCPU8.OtherProcess recorded 35 samples, mean = 0.0 (flags = 0x41)
0  -----------------------------------O                                      (35 = 100.0%)
1  ... 

Histogram: PerformanceMonitor.AverageCPU8.RendererExtensionEventProcess recorded 35 samples, mean = 0.0 (flags = 0x41)
0  -----------------------------------O                                      (35 = 100.0%)
1  ... 

Histogram: PerformanceMonitor.AverageCPU8.RendererExtensionPersistentProcess recorded 35 samples, mean = 0.0 (flags = 0x41)
0  -----------------------------------O                                      (35 = 100.0%)
1  ... 

Histogram: PerformanceMonitor.AverageCPU8.RendererProcess recorded 35 samples, mean = 9.5 (flags = 0x41)
0    -----------------------O                                                  (23 = 65.7%)
1    ---O                                                                      (3 = 8.6%) {65.7%}
2    -O                                                                        (1 = 2.9%) {74.3%}
3    --O                                                                       (2 = 5.7%) {77.1%}
4    O                                                                         (0 = 0.0%) {82.9%}
5    -O                                                                        (1 = 2.9%) {82.9%}
6    O                                                                         (0 = 0.0%) {85.7%}
7    -O                                                                        (1 = 2.9%) {85.7%}
8    ---O                                                                      (3 = 8.6%) {88.6%}
10   ... 
263  -O                                                                        (1 = 2.9%) {97.1%}
317  ... 

Histogram: PerformanceMonitor.AverageCPU8.Total recorded 35 samples, mean = 1595.5 (flags = 0x41)
0      ... 
462    ------------O                                                             (12 = 34.3%) {0.0%}
558    --O                                                                       (2 = 5.7%) {34.3%}
674    -O                                                                        (1 = 2.9%) {40.0%}
814    -O                                                                        (1 = 2.9%) {42.9%}
983    ----------------O                                                         (16 = 45.7%) {45.7%}
1187   -O                                                                        (1 = 2.9%) {91.4%}
1433   ... 
5353   -O                                                                        (1 = 2.9%) {94.3%}
6462   ... 
20000  -O                                                                        (1 = 2.9%) {97.1%}

Histogram: PerformanceMonitor.AverageCPU8.Total.ZeroWindow recorded 35 samples, mean = 1595.5 (flags = 0x41)
0      ... 
462    ------------O                                                             (12 = 34.3%) {0.0%}
558    --O                                                                       (2 = 5.7%) {34.3%}
674    -O                                                                        (1 = 2.9%) {40.0%}
814    -O                                                                        (1 = 2.9%) {42.9%}
983    ----------------O                                                         (16 = 45.7%) {45.7%}
1187   -O                                                                        (1 = 2.9%) {91.4%}
1433   ... 
5353   -O                                                                        (1 = 2.9%) {94.3%}
6462   ... 
20000  -O                                                                        (1 = 2.9%) {97.1%}

Histogram: PerformanceMonitor.AverageCPU8.UtilityProcess recorded 35 samples, mean = 38.7 (flags = 0x41)
0     ------------------------O                                                 (24 = 68.6%)
1     ----------O                                                               (10 = 28.6%) {68.6%}
2     ... 
1187  -O                                                                        (1 = 2.9%) {97.1%}
1433  ... 

Histogram: PerformanceMonitor.HasPreciseCPUUsage recorded 9 samples, mean = 1.0 (flags = 0x41)
0  O                                                                         (0 = 0.0%)
1  ---------O                                                                (9 = 100.0%) {0.0%}
2  O                                                                         (0 = 0.0%) {100.0%}

Histogram: PerformanceMonitor.UsageScenario.LongInterval recorded 35 samples, mean = 13.0 (flags = 0x41)
0   ... 
13  -----------------------------------O                                      (35 = 100.0%) {0.0%}
14  ... 

Histogram: Permissions.Experimental.PrimaryMainNavigationFinished.AudioCapture.TopLevelHeaderPolicy recorded 1 samples, mean = 0.0 (flags = 0x41)
0  -O                                                                        (1 = 100.0%)
1  ... 

Histogram: Permissions.Experimental.PrimaryMainNavigationFinished.Geolocation.TopLevelHeaderPolicy recorded 1 samples, mean = 0.0 (flags = 0x41)
0  -O                                                                        (1 = 100.0%)
1  ... 

Histogram: Permissions.Experimental.PrimaryMainNavigationFinished.VideoCapture.TopLevelHeaderPolicy recorded 1 samples, mean = 0.0 (flags = 0x41)
0  -O                                                                        (1 = 100.0%)
1  ... 

Histogram: Permissions.QuietNotificationPrompts.RegularProfile.IsEnabledInPrefs recorded 1 samples, mean = 0.0 (flags = 0x41)
0  -O                                                                        (1 = 100.0%)
1  ... 

Histogram: Platform.IntelMaxMicroArchitecture recorded 1 samples, mean = 10.0 (flags = 0x41)
0   ... 
10  -O                                                                        (1 = 100.0%) {0.0%}
11  ... 

Histogram: Power.BatteryDischargeMode5 recorded 71 samples, mean = 4.0 (flags = 0x41)
0  ... 
4  -----------------------------------------------------------------------O  (71 = 100.0%) {0.0%}
5  ... 

Histogram: Power.BatteryDischargeMode5.Initial recorded 1 samples, mean = 4.0 (flags = 0x41)
0  ... 
4  -O                                                                        (1 = 100.0%) {0.0%}
5  ... 

Histogram: Power.BatteryDischargeMode5.Periodic recorded 70 samples, mean = 4.0 (flags = 0x41)
0  ... 
4  ----------------------------------------------------------------------O   (70 = 100.0%) {0.0%}
5  ... 

Histogram: Power.BatteryDischargeMode5.TenMinutes recorded 7 samples, mean = 4.0 (flags = 0x41)
0  ... 
4  -------O                                                                  (7 = 100.0%) {0.0%}
5  ... 

Histogram: Power.BatteryDischargeMode5.ZeroWindow recorded 71 samples, mean = 4.0 (flags = 0x41)
0  ... 
4  -----------------------------------------------------------------------O  (71 = 100.0%) {0.0%}
5  ... 

Histogram: Power.BatteryDischargeMode5.ZeroWindow.Initial recorded 1 samples, mean = 4.0 (flags = 0x41)
0  ... 
4  -O                                                                        (1 = 100.0%) {0.0%}
5  ... 

Histogram: Power.BatteryDischargeMode5.ZeroWindow.Periodic recorded 70 samples, mean = 4.0 (flags = 0x41)
0  ... 
4  ----------------------------------------------------------------------O   (70 = 100.0%) {0.0%}
5  ... 

Histogram: Power.HasPreciseBatteryDischargeGranularity recorded 71 samples, mean = 0.0 (flags = 0x41)
0  -----------------------------------------------------------------------O  (71 = 100.0%)
1  ... 

Histogram: Prefs.JSonStore.SetValueKey recorded 73 samples (flags = 0x41)
67499933    -O                                                                        (1 = 1.4%)
174384190   --O                                                                       (2 = 2.7%)
372921139   ---------------------------O                                              (27 = 37.0%)
830521985   -O                                                                        (1 = 1.4%)
852125461   --O                                                                       (2 = 2.7%)
1285180254  -O                                                                        (1 = 1.4%)
1441835268  -O                                                                        (1 = 1.4%)
1886855768  -O                                                                        (1 = 1.4%)
1923415074  ------O                                                                   (6 = 8.2%)
1927273959  -O                                                                        (1 = 1.4%)
1936820420  --O                                                                       (2 = 2.7%)
1956100443  -O                                                                        (1 = 1.4%)
2056672062  --------------------------O                                               (26 = 35.6%)
2082524502  -O                                                                        (1 = 1.4%)

Histogram: Privacy.CookieControlsSetting.RegularProfile recorded 1 samples, mean = 2.0 (flags = 0x41)
0  ... 
2  -O                                                                        (1 = 100.0%) {0.0%}
3  O                                                                         (0 = 0.0%) {100.0%}

Histogram: Privacy.DIPS.BounceCategoryServer.Block3PC recorded 1 samples, mean = 0.0 (flags = 0x41)
0  -O                                                                        (1 = 100.0%)
1  ... 

Histogram: Privacy.DIPS.ClearedSitesCount.Block3PC recorded 1 samples, mean = 0.0 (flags = 0x41)
0  -O                                                                        (1 = 100.0%)
1  ... 

Histogram: Privacy.DIPS.DIPSErrorCodes recorded 1 samples, mean = 6.0 (flags = 0x41)
0  ... 
6  -O                                                                        (1 = 100.0%) {0.0%}
7  ... 

Histogram: Privacy.DIPS.Database.Operation.FilterSitesWithProtectiveEventTime recorded 1 samples, mean = 0.0 (flags = 0x41)
0  -O                                                                        (1 = 100.0%)
1  ... 

Histogram: Privacy.DIPS.Database.Operation.GetSitesThatBouncedWithStateTime recorded 1 samples, mean = 0.0 (flags = 0x41)
0  -O                                                                        (1 = 100.0%)
1  ... 

Histogram: Privacy.DIPS.Database.Operation.InitTime recorded 1 samples, mean = 0.0 (flags = 0x41)
0  -O                                                                        (1 = 100.0%)
1  ... 

Histogram: Privacy.DIPS.Database.Operation.ReadPopupTime recorded 1 samples, mean = 0.0 (flags = 0x41)
0  -O                                                                        (1 = 100.0%)
1  ... 

Histogram: Privacy.DIPS.Database.Operation.ReadTime recorded 3 samples, mean = 0.0 (flags = 0x41)
0  ---O                                                                      (3 = 100.0%)
1  ... 

Histogram: Privacy.DIPS.Database.Operation.RemoveRowsTime recorded 1 samples, mean = 2.0 (flags = 0x41)
0  ... 
2  -O                                                                        (1 = 100.0%) {0.0%}
3  ... 

Histogram: Privacy.DIPS.Database.Operation.WriteTime recorded 1 samples, mean = 3.0 (flags = 0x41)
0  ... 
3  -O                                                                        (1 = 100.0%) {0.0%}
4  ... 

Histogram: Privacy.DIPS.DatabaseEntryCount recorded 1 samples, mean = 0.0 (flags = 0x41)
0  -O                                                                        (1 = 100.0%)
1  ... 

Histogram: Privacy.DIPS.DatabaseHealthMetricsTime recorded 1 samples, mean = 0.0 (flags = 0x41)
0  -O                                                                        (1 = 100.0%)
1  ... 

Histogram: Privacy.DIPS.DatabaseInit recorded 1 samples, mean = 1.0 (flags = 0x41)
0  O                                                                         (0 = 0.0%)
1  -O                                                                        (1 = 100.0%) {0.0%}
2  ... 

Histogram: Privacy.DIPS.DatabaseSize recorded 1 samples, mean = 36.0 (flags = 0x41)
0  -O                                                                        (1 = 100.0%)
1000... 

Histogram: Privacy.DoNotTrackSetting2 recorded 1 samples, mean = 0.0 (flags = 0x41)
0  -O                                                                        (1 = 100.0%)
1  ... 

Histogram: Privacy.ThirdPartyCookieBlockingSetting.RegularProfile recorded 1 samples, mean = 0.0 (flags = 0x41)
0  -O                                                                        (1 = 100.0%)
1  ... 

Histogram: PrivacyBudget.Identifiability.FinchConfigValidationResult recorded 1 samples, mean = 1.0 (flags = 0x41)
0  O                                                                         (0 = 0.0%)
1  -O                                                                        (1 = 100.0%) {0.0%}
2  O                                                                         (0 = 0.0%) {100.0%}

Histogram: PrivacyBudget.Identifiability.RecordedSample recorded 62 samples, mean = 0.0 (flags = 0x41)
0  --------------------------------------------------------------O           (62 = 100.0%)
1  ... 

Histogram: PrivacySandbox.NoticeRequirement.IsVariationCountryEmpty recorded 3 samples, mean = 1.0 (flags = 0x41)
0  O                                                                         (0 = 0.0%)
1  ---O                                                                      (3 = 100.0%) {0.0%}
2  O                                                                         (0 = 0.0%) {100.0%}

Histogram: PrivacySandbox.NoticeRequirement.IsVariationServiceReady recorded 3 samples, mean = 1.0 (flags = 0x41)
0  O                                                                         (0 = 0.0%)
1  ---O                                                                      (3 = 100.0%) {0.0%}
2  O                                                                         (0 = 0.0%) {100.0%}

Histogram: PrivacySandbox.TrackingProtection.OnboardingStartup.State recorded 1 samples, mean = 0.0 (flags = 0x41)
0  -O                                                                        (1 = 100.0%)
1  ... 

Histogram: PrivacySandbox.TrackingProtection.SilentOnboardingStartup.State recorded 1 samples, mean = 0.0 (flags = 0x41)
0  -O                                                                        (1 = 100.0%)
1  ... 

Histogram: Profile.AppCount recorded 1 samples, mean = 0.0 (flags = 0x41)
0  -O                                                                        (1 = 100.0%)
1  ... 

Histogram: Profile.BookmarksSize recorded 1 samples, mean = 0.0 (flags = 0x41)
0  -O                                                                        (1 = 100.0%)
1  ... 

Histogram: Profile.CookiesSize recorded 1 samples, mean = 0.0 (flags = 0x41)
0  -O                                                                        (1 = 100.0%)
1  ... 

Histogram: Profile.Destroyer.OffTheRecord recorded 1 samples, mean = 1.0 (flags = 0x41)
0  O                                                                         (0 = 0.0%)
1  -O                                                                        (1 = 100.0%) {0.0%}
2  ... 

Histogram: Profile.DidDestroyProfileBeforeShutdown recorded 1 samples, mean = 0.0 (flags = 0x41)
0  -O                                                                        (1 = 100.0%)
1  ... 

Histogram: Profile.ExtensionSize recorded 1 samples, mean = 0.0 (flags = 0x41)
0  -O                                                                        (1 = 100.0%)
1  ... 

Histogram: Profile.FaviconsSize recorded 1 samples, mean = 0.0 (flags = 0x41)
0  -O                                                                        (1 = 100.0%)
1  ... 

Histogram: Profile.HistorySize recorded 1 samples, mean = 0.0 (flags = 0x41)
0  -O                                                                        (1 = 100.0%)
1  ... 

Histogram: Profile.KeepAliveLeakAtShutdown recorded 2 samples, mean = 3.5 (flags = 0x41)
0  -O                                                                        (1 = 50.0%)
1  ... 
7  -O                                                                        (1 = 50.0%) {50.0%}
8  ... 

Histogram: Profile.LiveProfileCount recorded 2 samples, mean = 1.0 (flags = 0x41)
0  O                                                                         (0 = 0.0%)
1  --O                                                                       (2 = 100.0%) {0.0%}
2  ... 

Histogram: Profile.NumberOfActiveProfiles recorded 1 samples, mean = 0.0 (flags = 0x41)
0  -O                                                                        (1 = 100.0%)
1  ... 

Histogram: Profile.NumberOfManagedProfiles recorded 1 samples, mean = 0.0 (flags = 0x41)
0  -O                                                                        (1 = 100.0%)
1  ... 

Histogram: Profile.NumberOfProfiles recorded 1 samples, mean = 1.0 (flags = 0x41)
0  O                                                                         (0 = 0.0%)
1  -O                                                                        (1 = 100.0%) {0.0%}
2  ... 

Histogram: Profile.NumberOfSignedInProfiles recorded 1 samples, mean = 0.0 (flags = 0x41)
0  -O                                                                        (1 = 100.0%)
1  ... 

Histogram: Profile.NumberOfUnusedProfiles recorded 1 samples, mean = 1.0 (flags = 0x41)
0  O                                                                         (0 = 0.0%)
1  -O                                                                        (1 = 100.0%) {0.0%}
2  ... 

Histogram: Profile.PercentageOfManagedProfiles recorded 1 samples, mean = 0.0 (flags = 0x41)
0  -O                                                                        (1 = 100.0%)
1  ... 

Histogram: Profile.TopSitesSize recorded 1 samples, mean = 0.0 (flags = 0x41)
0  -O                                                                        (1 = 100.0%)
1  ... 

Histogram: Profile.TotalHistorySize recorded 1 samples, mean = 0.0 (flags = 0x41)
0  -O                                                                        (1 = 100.0%)
1  ... 

Histogram: Profile.TotalSize recorded 1 samples, mean = 0.0 (flags = 0x41)
0  -O                                                                        (1 = 100.0%)
1  ... 

Histogram: Profile.TotalSizeRecursive recorded 1 samples, mean = 12.0 (flags = 0x41)
0   ... 
12  -O                                                                        (1 = 100.0%) {0.0%}
14  ... 

Histogram: Profile.TriggeredReset recorded 1 samples, mean = 0.0 (flags = 0x41)
0  -O                                                                        (1 = 100.0%)
1  ... 

Histogram: Profile.VisitedLinksSize recorded 1 samples, mean = 0.0 (flags = 0x41)
0  -O                                                                        (1 = 100.0%)
1  ... 

Histogram: Profile.WebDataSize recorded 1 samples, mean = 0.0 (flags = 0x41)
0  -O                                                                        (1 = 100.0%)
1  ... 

Histogram: Profile.ZombieProfileCount recorded 2 samples, mean = 0.0 (flags = 0x41)
0  --O                                                                       (2 = 100.0%)
1  ... 

Histogram: ProfilePicker.StartupMode.CreateInitialProfile recorded 1 samples, mean = 0.0 (flags = 0x41)
0  -O                                                                        (1 = 100.0%)
1  ... 

Histogram: ProfilePicker.StartupMode.GetStartupProfile recorded 1 samples, mean = 0.0 (flags = 0x41)
0  -O                                                                        (1 = 100.0%)
1  ... 

Histogram: ProfilePicker.StartupReason.GetStartupProfile recorded 1 samples, mean = 27.0 (flags = 0x41)
0   ... 
27  -O                                                                        (1 = 100.0%) {0.0%}
28  ... 

Histogram: ProtoDB.GetErrorStatus.Metadata recorded 0 samples (flags = 0x41)
0 ... 

Histogram: ProtoDB.GetFound.Metadata recorded 18 samples, mean = 1.0 (flags = 0x41)
0  O                                                                         (0 = 0.0%)
1  ------------------O                                                       (18 = 100.0%) {0.0%}
2  O                                                                         (0 = 0.0%) {100.0%}

Histogram: ProtoDB.GetSuccess.Metadata recorded 18 samples, mean = 1.0 (flags = 0x41)
0  O                                                                         (0 = 0.0%)
1  ------------------O                                                       (18 = 100.0%) {0.0%}
2  O                                                                         (0 = 0.0%) {100.0%}

Histogram: ProtoDB.InitStatus.BudgetManager recorded 1 samples, mean = 4.0 (flags = 0x41)
0  ... 
4  -O                                                                        (1 = 100.0%) {0.0%}
5  ... 

Histogram: ProtoDB.InitStatus.CartDatabase recorded 1 samples, mean = 4.0 (flags = 0x41)
0  ... 
4  -O                                                                        (1 = 100.0%) {0.0%}
5  ... 

Histogram: ProtoDB.InitStatus.ClientCertificatesDatabase recorded 1 samples, mean = 4.0 (flags = 0x41)
0  ... 
4  -O                                                                        (1 = 100.0%) {0.0%}
5  ... 

Histogram: ProtoDB.InitStatus.CommerceParcelTrackingDatabase recorded 1 samples, mean = 4.0 (flags = 0x41)
0  ... 
4  -O                                                                        (1 = 100.0%) {0.0%}
5  ... 

Histogram: ProtoDB.InitStatus.CommerceSubscriptionDatabase recorded 1 samples, mean = 4.0 (flags = 0x41)
0  ... 
4  -O                                                                        (1 = 100.0%) {0.0%}
5  ... 

Histogram: ProtoDB.InitStatus.CouponDatabase recorded 1 samples, mean = 4.0 (flags = 0x41)
0  ... 
4  -O                                                                        (1 = 100.0%) {0.0%}
5  ... 

Histogram: ProtoDB.InitStatus.DiscountsDatabase recorded 1 samples, mean = 4.0 (flags = 0x41)
0  ... 
4  -O                                                                        (1 = 100.0%) {0.0%}
5  ... 

Histogram: ProtoDB.InitStatus.DownloadDB recorded 1 samples, mean = 4.0 (flags = 0x41)
0  ... 
4  -O                                                                        (1 = 100.0%) {0.0%}
5  ... 

Histogram: ProtoDB.InitStatus.DownloadService recorded 1 samples, mean = 4.0 (flags = 0x41)
0  ... 
4  -O                                                                        (1 = 100.0%) {0.0%}
5  ... 

Histogram: ProtoDB.InitStatus.FeatureEngagementTrackerAvailabilityStore recorded 1 samples, mean = 4.0 (flags = 0x41)
0  ... 
4  -O                                                                        (1 = 100.0%) {0.0%}
5  ... 

Histogram: ProtoDB.InitStatus.FeatureEngagementTrackerEventStore recorded 1 samples, mean = 4.0 (flags = 0x41)
0  ... 
4  -O                                                                        (1 = 100.0%) {0.0%}
5  ... 

Histogram: ProtoDB.InitStatus.Metadata recorded 1 samples, mean = 0.0 (flags = 0x41)
0  -O                                                                        (1 = 100.0%)
1  ... 

Histogram: ProtoDB.InitStatus.PersistentOriginTrials recorded 1 samples, mean = 4.0 (flags = 0x41)
0  ... 
4  -O                                                                        (1 = 100.0%) {0.0%}
5  ... 

Histogram: ProtoDB.InitStatus.PreviewsHintCacheStore recorded 1 samples, mean = 4.0 (flags = 0x41)
0  ... 
4  -O                                                                        (1 = 100.0%) {0.0%}
5  ... 

Histogram: ProtoDB.InitStatus.SegmentInfoDatabase recorded 1 samples, mean = 4.0 (flags = 0x41)
0  ... 
4  -O                                                                        (1 = 100.0%) {0.0%}
5  ... 

Histogram: ProtoDB.InitStatus.SharedDb recorded 1 samples, mean = 0.0 (flags = 0x41)
0  -O                                                                        (1 = 100.0%)
1  ... 

Histogram: ProtoDB.InitStatus.SignalDatabase recorded 1 samples, mean = 4.0 (flags = 0x41)
0  ... 
4  -O                                                                        (1 = 100.0%) {0.0%}
5  ... 

Histogram: ProtoDB.InitStatus.SignalStorageConfigDatabase recorded 1 samples, mean = 4.0 (flags = 0x41)
0  ... 
4  -O                                                                        (1 = 100.0%) {0.0%}
5  ... 

Histogram: ProtoDB.InitStatus.StrikeService recorded 1 samples, mean = 4.0 (flags = 0x41)
0  ... 
4  -O                                                                        (1 = 100.0%) {0.0%}
5  ... 

Histogram: ProtoDB.LoadEntriesSuccess.CartDatabase recorded 1 samples, mean = 1.0 (flags = 0x41)
0  O                                                                         (0 = 0.0%)
1  -O                                                                        (1 = 100.0%) {0.0%}
2  O                                                                         (0 = 0.0%) {100.0%}

Histogram: ProtoDB.LoadEntriesSuccess.CouponDatabase recorded 1 samples, mean = 1.0 (flags = 0x41)
0  O                                                                         (0 = 0.0%)
1  -O                                                                        (1 = 100.0%) {0.0%}
2  O                                                                         (0 = 0.0%) {100.0%}

Histogram: ProtoDB.LoadEntriesSuccess.DownloadDB recorded 1 samples, mean = 1.0 (flags = 0x41)
0  O                                                                         (0 = 0.0%)
1  -O                                                                        (1 = 100.0%) {0.0%}
2  O                                                                         (0 = 0.0%) {100.0%}

Histogram: ProtoDB.LoadEntriesSuccess.DownloadService recorded 1 samples, mean = 1.0 (flags = 0x41)
0  O                                                                         (0 = 0.0%)
1  -O                                                                        (1 = 100.0%) {0.0%}
2  O                                                                         (0 = 0.0%) {100.0%}

Histogram: ProtoDB.LoadEntriesSuccess.FeatureEngagementTrackerAvailabilityStore recorded 1 samples, mean = 1.0 (flags = 0x41)
0  O                                                                         (0 = 0.0%)
1  -O                                                                        (1 = 100.0%) {0.0%}
2  O                                                                         (0 = 0.0%) {100.0%}

Histogram: ProtoDB.LoadEntriesSuccess.FeatureEngagementTrackerEventStore recorded 1 samples, mean = 1.0 (flags = 0x41)
0  O                                                                         (0 = 0.0%)
1  -O                                                                        (1 = 100.0%) {0.0%}
2  O                                                                         (0 = 0.0%) {100.0%}

Histogram: ProtoDB.LoadEntriesSuccess.PersistentOriginTrials recorded 1 samples, mean = 1.0 (flags = 0x41)
0  O                                                                         (0 = 0.0%)
1  -O                                                                        (1 = 100.0%) {0.0%}
2  O                                                                         (0 = 0.0%) {100.0%}

Histogram: ProtoDB.LoadEntriesSuccess.SegmentInfoDatabase recorded 1 samples, mean = 1.0 (flags = 0x41)
0  O                                                                         (0 = 0.0%)
1  -O                                                                        (1 = 100.0%) {0.0%}
2  O                                                                         (0 = 0.0%) {100.0%}

Histogram: ProtoDB.LoadEntriesSuccess.SignalStorageConfigDatabase recorded 1 samples, mean = 1.0 (flags = 0x41)
0  O                                                                         (0 = 0.0%)
1  -O                                                                        (1 = 100.0%) {0.0%}
2  O                                                                         (0 = 0.0%) {100.0%}

Histogram: ProtoDB.LoadKeysAndEntriesSuccess.PreviewsHintCacheStore recorded 2 samples, mean = 1.0 (flags = 0x41)
0  O                                                                         (0 = 0.0%)
1  --O                                                                       (2 = 100.0%) {0.0%}
2  O                                                                         (0 = 0.0%) {100.0%}

Histogram: ProtoDB.LoadKeysAndEntriesSuccess.StrikeService recorded 1 samples, mean = 1.0 (flags = 0x41)
0  O                                                                         (0 = 0.0%)
1  -O                                                                        (1 = 100.0%) {0.0%}
2  O                                                                         (0 = 0.0%) {100.0%}

Histogram: ProtoDB.SharedDbInitStatus recorded 53 samples, mean = 11.4 (flags = 0x41)
0   ------------------O                                                       (18 = 34.0%)
1   ... 
11  -----------------O                                                        (17 = 32.1%) {34.0%}
12  ... 
23  -----------------O                                                        (17 = 32.1%) {66.0%}
24  ... 
27  -O                                                                        (1 = 1.9%) {98.1%}
28  ... 

Histogram: ProtoDB.UpdateErrorStatus.CartDatabase recorded 0 samples (flags = 0x41)
0 ... 

Histogram: ProtoDB.UpdateErrorStatus.CouponDatabase recorded 0 samples (flags = 0x41)
0 ... 

Histogram: ProtoDB.UpdateErrorStatus.Default recorded 0 samples (flags = 0x41)
0 ... 

Histogram: ProtoDB.UpdateErrorStatus.FeatureEngagementTrackerAvailabilityStore recorded 0 samples (flags = 0x41)
0 ... 

Histogram: ProtoDB.UpdateErrorStatus.Metadata recorded 0 samples (flags = 0x41)
0 ... 

Histogram: ProtoDB.UpdateErrorStatus.SegmentInfoDatabase recorded 0 samples (flags = 0x41)
0 ... 

Histogram: ProtoDB.UpdateSuccess.CartDatabase recorded 1 samples, mean = 1.0 (flags = 0x41)
0  O                                                                         (0 = 0.0%)
1  -O                                                                        (1 = 100.0%) {0.0%}
2  O                                                                         (0 = 0.0%) {100.0%}

Histogram: ProtoDB.UpdateSuccess.CouponDatabase recorded 1 samples, mean = 1.0 (flags = 0x41)
0  O                                                                         (0 = 0.0%)
1  -O                                                                        (1 = 100.0%) {0.0%}
2  O                                                                         (0 = 0.0%) {100.0%}

Histogram: ProtoDB.UpdateSuccess.Default recorded 5 samples, mean = 1.0 (flags = 0x41)
0  O                                                                         (0 = 0.0%)
1  -----O                                                                    (5 = 100.0%) {0.0%}
2  O                                                                         (0 = 0.0%) {100.0%}

Histogram: ProtoDB.UpdateSuccess.FeatureEngagementTrackerAvailabilityStore recorded 1 samples, mean = 1.0 (flags = 0x41)
0  O                                                                         (0 = 0.0%)
1  -O                                                                        (1 = 100.0%) {0.0%}
2  O                                                                         (0 = 0.0%) {100.0%}

Histogram: ProtoDB.UpdateSuccess.Metadata recorded 1 samples, mean = 1.0 (flags = 0x41)
0  O                                                                         (0 = 0.0%)
1  -O                                                                        (1 = 100.0%) {0.0%}
2  O                                                                         (0 = 0.0%) {100.0%}

Histogram: ProtoDB.UpdateSuccess.SegmentInfoDatabase recorded 11 samples, mean = 1.0 (flags = 0x41)
0  O                                                                         (0 = 0.0%)
1  -----------O                                                              (11 = 100.0%) {0.0%}
2  O                                                                         (0 = 0.0%) {100.0%}

Histogram: Quota.AvailableDiskSpace recorded 4 samples, mean = 20613.2 (flags = 0x41)
0      ... 
18949  ----O                                                                     (4 = 100.0%) {0.0%}
22105  ... 

Histogram: Quota.AvailableDiskSpace2 recorded 1 samples, mean = 21159.0 (flags = 0x41)
0      ... 
18949  -O                                                                        (1 = 100.0%) {0.0%}
22105  ... 

Histogram: Quota.EvictedBucketsPerHour recorded 1 samples, mean = 0.0 (flags = 0x41)
0  -O                                                                        (1 = 100.0%)
1  ... 

Histogram: Quota.EvictionRoundsPerHour recorded 1 samples, mean = 2.0 (flags = 0x41)
0  ... 
2  -O                                                                        (1 = 100.0%) {0.0%}
3  ... 

Histogram: Quota.GlobalTemporaryPoolSize recorded 3 samples, mean = 380821.0 (flags = 0x41)
0       ... 
353788  ---O                                                                      (3 = 100.0%) {0.0%}
412711  ... 

Histogram: Quota.GlobalUsageOfTemporaryStorage recorded 1 samples, mean = 0.0 (flags = 0x41)
0  -O                                                                        (1 = 100.0%)
1  ... 

Histogram: Quota.PercentDiskAvailable recorded 4 samples, mean = 4.0 (flags = 0x41)
0  ... 
4  ----O                                                                     (4 = 100.0%) {0.0%}
5  ... 

Histogram: Quota.PercentDiskAvailable2 recorded 1 samples, mean = 4.0 (flags = 0x41)
0  ... 
4  -O                                                                        (1 = 100.0%) {0.0%}
5  ... 

Histogram: Quota.PercentUsedForTemporaryStorage2 recorded 1 samples, mean = 0.0 (flags = 0x41)
0  -O                                                                        (1 = 100.0%)
1  ... 

Histogram: Quota.SkippedEvictionRoundsPerHour recorded 1 samples, mean = 2.0 (flags = 0x41)
0  ... 
2  -O                                                                        (1 = 100.0%) {0.0%}
3  ... 

Histogram: Quota.StorageKeyNonceCount recorded 1 samples, mean = 0.0 (flags = 0x41)
0  -O                                                                        (1 = 100.0%)
1  ... 

Histogram: Quota.TotalBucketCount recorded 1 samples, mean = 0.0 (flags = 0x41)
0  -O                                                                        (1 = 100.0%)
1  ... 

Histogram: Quota.TotalDiskSpace recorded 4 samples, mean = 476026.0 (flags = 0x41)
0       ... 
412711  ----O                                                                     (4 = 100.0%) {0.0%}
481447  ... 

Histogram: Quota.TotalDiskSpaceIsZero recorded 3 samples, mean = 0.0 (flags = 0x41)
0  ---O                                                                      (3 = 100.0%)
1  ... 

Histogram: ReadingList.Read.Count.OnModelLoaded.AccountStorage recorded 1 samples, mean = 0.0 (flags = 0x41)
0  -O                                                                        (1 = 100.0%)
1  ... 

Histogram: ReadingList.Read.Count.OnModelLoaded.LocalStorage recorded 1 samples, mean = 0.0 (flags = 0x41)
0  -O                                                                        (1 = 100.0%)
1  ... 

Histogram: ReadingList.Unread.Count.OnModelLoaded.AccountStorage recorded 1 samples, mean = 0.0 (flags = 0x41)
0  -O                                                                        (1 = 100.0%)
1  ... 

Histogram: ReadingList.Unread.Count.OnModelLoaded.LocalStorage recorded 1 samples, mean = 0.0 (flags = 0x41)
0  -O                                                                        (1 = 100.0%)
1  ... 

Histogram: Renderer.BrowserLaunchToRunLoopStart recorded 1 samples, mean = 36.0 (flags = 0x41)
0   ... 
34  -O                                                                        (1 = 100.0%) {0.0%}
40  ... 

Histogram: Renderer.Core.Timing.Performance.SwapsPerPerformanceEntryInsertion recorded 47 samples, mean = 0.8 (flags = 0x41)
0  --------------------------------O                                         (32 = 68.1%)
1  ---------O                                                                (9 = 19.1%) {68.1%}
2  --O                                                                       (2 = 4.3%) {87.2%}
3  O                                                                         (0 = 0.0%) {91.5%}
4  --O                                                                       (2 = 4.3%) {91.5%}
5  O                                                                         (0 = 0.0%) {95.7%}
6  -O                                                                        (1 = 2.1%) {95.7%}
7  ... 
9  -O                                                                        (1 = 2.1%) {97.9%}
10 ... 

Histogram: Renderer.CriticalFonts.BlockingResourcesLoadTime recorded 1 samples, mean = 3630.0 (flags = 0x41)
0     ... 
3553  -O                                                                        (1 = 100.0%) {0.0%}
4222  ... 

Histogram: Renderer.CriticalFonts.CriticalFontDelay recorded 1 samples, mean = 0.0 (flags = 0x41)
0  -O                                                                        (1 = 100.0%)
1  ... 

Histogram: Renderer.CriticalFonts.PreloadedFontsLoadTime recorded 1 samples, mean = 2962.0 (flags = 0x41)
0     ... 
2516  -O                                                                        (1 = 100.0%) {0.0%}
2990  ... 

Histogram: Renderer.Font.PrimaryFont.DomContentLoaded recorded 1 samples, mean = 0.0 (flags = 0x41)
0  -O                                                                        (1 = 100.0%)
1  ... 

Histogram: Renderer.Font.PrimaryFont.DomContentLoaded.Style recorded 1 samples, mean = 0.0 (flags = 0x41)
0  -O                                                                        (1 = 100.0%)
1  ... 

Histogram: Renderer.Font.SystemFallback.DomContentLoaded recorded 1 samples, mean = 0.0 (flags = 0x41)
0  -O                                                                        (1 = 100.0%)
1  ... 

Histogram: Renderer.Layout.TextWrapBalance recorded 4 samples, mean = 0.0 (flags = 0x41)
0  ----O                                                                     (4 = 100.0%)
1  ... 

Histogram: Renderer.ProcessLifetime3 recorded 3 samples, mean = 2849256.8 (flags = 0x41)
0        ... 
1123     -O                                                                        (1 = 33.3%) {0.0%}
1261     ... 
4235061  --O                                                                       (2 = 66.7%) {33.3%}
4755881  ... 

Histogram: Renderer.ProcessLifetime3.Empty recorded 1 samples, mean = 4272837.0 (flags = 0x41)
0        ... 
4235061  -O                                                                        (1 = 100.0%) {0.0%}
4755881  ... 

Histogram: Renderer.ProcessLifetime3.MainFrame recorded 1 samples, mean = 4273713.0 (flags = 0x41)
0        ... 
4235061  -O                                                                        (1 = 100.0%) {0.0%}
4755881  ... 

Histogram: Renderer.ProcessLifetime3.Speculative recorded 1 samples, mean = 1220.0 (flags = 0x41)
0     ... 
1123  -O                                                                        (1 = 100.0%) {0.0%}
1261  ... 

Histogram: Renderer.ReduceSubresourceResponseIPC.DidNotifyBrowser recorded 44 samples, mean = 1.0 (flags = 0x41)
0  O                                                                         (0 = 0.0%)
1  --------------------------------------------O                             (44 = 100.0%) {0.0%}
2  O                                                                         (0 = 0.0%) {100.0%}

Histogram: Renderer.RenderThreadImpl.Init recorded 1 samples, mean = 6.0 (flags = 0x41)
0  ... 
6  -O                                                                        (1 = 100.0%) {0.0%}
7  ... 

Histogram: Renderer4.GpuRasterizationEnabled recorded 1 samples, mean = 1.0 (flags = 0x41)
0  O                                                                         (0 = 0.0%)
1  -O                                                                        (1 = 100.0%) {0.0%}
2  O                                                                         (0 = 0.0%) {100.0%}

Histogram: RendererScheduler.RendererMainThreadLoad5 recorded 4274 samples, mean = 0.0 (flags = 0x41)
0   ------------------------------------------------------------------------O (4273 = 100.0%)
1   ... 
25  O                                                                         (1 = 0.0%) {100.0%}
26  ... 

Histogram: RendererScheduler.RendererMainThreadLoad5.Background recorded 4272 samples, mean = 0.0 (flags = 0x41)
0  ------------------------------------------------------------------------O (4272 = 100.0%)
1  ... 

Histogram: RendererScheduler.RendererMainThreadLoad5.Background.AfterFifthMinute recorded 3973 samples, mean = 0.0 (flags = 0x41)
0  ------------------------------------------------------------------------O (3973 = 100.0%)
1  ... 

Histogram: RendererScheduler.RendererMainThreadLoad5.Background.AfterFirstMinute recorded 4213 samples, mean = 0.0 (flags = 0x41)
0  ------------------------------------------------------------------------O (4213 = 100.0%)
1  ... 

Histogram: RendererScheduler.RendererMainThreadLoad5.Background.AfterTenthMinute recorded 3673 samples, mean = 0.0 (flags = 0x41)
0  ------------------------------------------------------------------------O (3673 = 100.0%)
1  ... 

Histogram: RendererScheduler.RendererMainThreadLoad5.Foreground recorded 2 samples, mean = 12.5 (flags = 0x41)
0   -O                                                                        (1 = 50.0%)
1   ... 
25  -O                                                                        (1 = 50.0%) {50.0%}
26  ... 

Histogram: RendererScheduler.RendererMainThreadLoad5.Foreground.AfterFirstMinute recorded 4213 samples, mean = 0.0 (flags = 0x41)
0  ------------------------------------------------------------------------O (4213 = 100.0%)
1  ... 

Histogram: ReportingAndNEL.NumberOfLoadedNELPolicies recorded 1 samples, mean = 0.0 (flags = 0x41)
0  -O                                                                        (1 = 100.0%)
1  ... 

Histogram: ReportingAndNEL.NumberOfLoadedNELPolicies2 recorded 1 samples, mean = 0.0 (flags = 0x41)
0  -O                                                                        (1 = 100.0%)
1  ... 

Histogram: ReportingAndNEL.TimeInitializeDB recorded 1 samples, mean = 0.0 (flags = 0x41)
0  -O                                                                        (1 = 100.0%)
1  ... 

Histogram: ResourceScheduler.RequestQueuingDuration.Priority1 recorded 28 samples, mean = 0.0 (flags = 0x41)
0  ----------------------------O                                             (28 = 100.0%)
1  ... 

Histogram: ResourceScheduler.RequestQueuingDuration.Priority2 recorded 27 samples, mean = 0.0 (flags = 0x41)
0  ---------------------------O                                              (27 = 100.0%)
1  ... 

Histogram: ResourceScheduler.RequestQueuingDuration.Priority3 recorded 1 samples, mean = 0.0 (flags = 0x41)
0  -O                                                                        (1 = 100.0%)
1  ... 

Histogram: ResourceScheduler.RequestQueuingDuration.Priority4 recorded 4 samples, mean = 0.0 (flags = 0x41)
0  ----O                                                                     (4 = 100.0%)
1  ... 

Histogram: ResourceScheduler.RequestQueuingDuration.Priority5 recorded 14 samples, mean = 0.0 (flags = 0x41)
0  --------------O                                                           (14 = 100.0%)
1  ... 

Histogram: SBClientPhishing.Classifier.Event recorded 2 samples, mean = 1.0 (flags = 0x41)
0  O                                                                         (0 = 0.0%)
1  --O                                                                       (2 = 100.0%) {0.0%}
2  ... 

Histogram: SBClientPhishing.HighConfidenceAllowlistCheckDuration recorded 1 samples, mean = 5.0 (flags = 0x41)
0  ... 
5  -O                                                                        (1 = 100.0%) {0.0%}
6  ... 

Histogram: SBClientPhishing.ImageEmbedder.Event recorded 2 samples, mean = 1.0 (flags = 0x41)
0  O                                                                         (0 = 0.0%)
1  --O                                                                       (2 = 100.0%) {0.0%}
2  ... 

Histogram: SBClientPhishing.LoadReportTimesFromPrefAtServiceCreationSuccessful recorded 1 samples, mean = 1.0 (flags = 0x41)
0  O                                                                         (0 = 0.0%)
1  -O                                                                        (1 = 100.0%) {0.0%}
2  O                                                                         (0 = 0.0%) {100.0%}

Histogram: SBClientPhishing.MatchHighConfidenceAllowlist recorded 1 samples, mean = 3.0 (flags = 0x41)
0  ... 
3  -O                                                                        (1 = 100.0%) {0.0%}
4  O                                                                         (0 = 0.0%) {100.0%}

Histogram: SBClientPhishing.MatchHighConfidenceAllowlist.TriggerModel recorded 1 samples, mean = 3.0 (flags = 0x41)
0  ... 
3  -O                                                                        (1 = 100.0%) {0.0%}
4  O                                                                         (0 = 0.0%) {100.0%}

Histogram: SBClientPhishing.PreClassificationCheckResult recorded 1 samples, mean = 3.0 (flags = 0x41)
0  ... 
3  -O                                                                        (1 = 100.0%) {0.0%}
4  ... 

Histogram: SSL.Experimental.SubresourceResponse recorded 44 samples, mean = 0.0 (flags = 0x41)
0  --------------------------------------------O                             (44 = 100.0%)
1  ... 

Histogram: SafeBrowsing.AsyncCheck.CommittedNavigationIdsSize recorded 3 samples, mean = 0.7 (flags = 0x41)
0  -O                                                                        (1 = 33.3%)
1  --O                                                                       (2 = 66.7%) {33.3%}
2  ... 

Histogram: SafeBrowsing.BrowserThrottle.CheckerOnIOLifetime recorded 1 samples, mean = 880.0 (flags = 0x41)
0    ... 
729  -O                                                                        (1 = 100.0%) {0.0%}
926  ... 

Histogram: SafeBrowsing.BrowserThrottle.IntervalBetweenStartAndProcess recorded 1 samples, mean = 880.0 (flags = 0x41)
0    ... 
752  -O                                                                        (1 = 100.0%) {0.0%}
894  ... 

Histogram: SafeBrowsing.BrowserThrottle.IntervalBetweenStartAndProcess.FromNetwork recorded 1 samples, mean = 880.0 (flags = 0x41)
0    ... 
752  -O                                                                        (1 = 100.0%) {0.0%}
894  ... 

Histogram: SafeBrowsing.BrowserThrottle.IsCheckCompletedOnProcessResponse recorded 1 samples, mean = 1.0 (flags = 0x41)
0  O                                                                         (0 = 0.0%)
1  -O                                                                        (1 = 100.0%) {0.0%}
2  O                                                                         (0 = 0.0%) {100.0%}

Histogram: SafeBrowsing.BrowserThrottle.RequestDestination recorded 1 samples, mean = 3.0 (flags = 0x41)
0  ... 
3  -O                                                                        (1 = 100.0%) {0.0%}
4  ... 

Histogram: SafeBrowsing.BrowserThrottle.RequestDestination.Checked recorded 1 samples, mean = 3.0 (flags = 0x41)
0  ... 
3  -O                                                                        (1 = 100.0%) {0.0%}
4  ... 

Histogram: SafeBrowsing.BrowserThrottle.TotalDelay2.FromNetwork recorded 1 samples, mean = 0.0 (flags = 0x41)
0  -O                                                                        (1 = 100.0%)
1  ... 

Histogram: SafeBrowsing.BrowserThrottle.TotalDelay2.HashPrefixDatabaseCheck recorded 2 samples, mean = 0.0 (flags = 0x41)
0  --O                                                                       (2 = 100.0%)
1  ... 

Histogram: SafeBrowsing.BrowserThrottle.WillProcessResponseCount recorded 1 samples, mean = 1.0 (flags = 0x41)
0  O                                                                         (0 = 0.0%)
1  -O                                                                        (1 = 100.0%) {0.0%}
2  ... 

Histogram: SafeBrowsing.CheckBrowseUrl.HasLocalMatch recorded 2 samples, mean = 1.0 (flags = 0x41)
0  O                                                                         (0 = 0.0%)
1  --O                                                                       (2 = 100.0%) {0.0%}
2  O                                                                         (0 = 0.0%) {100.0%}

Histogram: SafeBrowsing.CheckUrl.Action recorded 2 samples, mean = 0.0 (flags = 0x41)
0  --O                                                                       (2 = 100.0%)
1  ... 

Histogram: SafeBrowsing.CheckUrl.FirstRequestThreatType2 recorded 1 samples, mean = 1.0 (flags = 0x41)
0  O                                                                         (0 = 0.0%)
1  -O                                                                        (1 = 100.0%) {0.0%}
2  ... 

Histogram: SafeBrowsing.CheckUrl.FirstRequestThreatType2.LocalPVer4 recorded 1 samples, mean = 1.0 (flags = 0x41)
0  O                                                                         (0 = 0.0%)
1  -O                                                                        (1 = 100.0%) {0.0%}
2  ... 

Histogram: SafeBrowsing.CheckUrl.FirstRequestTimedOut recorded 1 samples, mean = 0.0 (flags = 0x41)
0  -O                                                                        (1 = 100.0%)
1  ... 

Histogram: SafeBrowsing.CheckUrl.FirstRequestTimedOut.LocalPVer4 recorded 1 samples, mean = 0.0 (flags = 0x41)
0  -O                                                                        (1 = 100.0%)
1  ... 

Histogram: SafeBrowsing.CheckUrl.IsDocumentCheckPrefetch recorded 2 samples, mean = 0.0 (flags = 0x41)
0  --O                                                                       (2 = 100.0%)
1  ... 

Histogram: SafeBrowsing.CheckUrl.TimeTaken.HashDatabase recorded 2 samples, mean = 163.0 (flags = 0x41)
0    -O                                                                        (1 = 50.0%)
1    ... 
318  -O                                                                        (1 = 50.0%) {50.0%}
378  ... 

Histogram: SafeBrowsing.CheckUrl.Timeout recorded 2 samples, mean = 0.0 (flags = 0x41)
0  --O                                                                       (2 = 100.0%)
1  ... 

Histogram: SafeBrowsing.CheckUrl.UrlScheme recorded 2 samples, mean = 10.0 (flags = 0x41)
0   ... 
10  --O                                                                       (2 = 100.0%) {0.0%}
11  ... 

Histogram: SafeBrowsing.ClientSidePhishingDetection.AllowlistMatchResult recorded 1 samples, mean = 1.0 (flags = 0x41)
0  O                                                                         (0 = 0.0%)
1  -O                                                                        (1 = 100.0%) {0.0%}
2  ... 

Histogram: SafeBrowsing.Daily.BypassCountLast28Days.StandardProtection.AllEvents recorded 1 samples, mean = 0.0 (flags = 0x41)
0  -O                                                                        (1 = 100.0%)
1  ... 

Histogram: SafeBrowsing.Daily.SecuritySensitiveCountLast28Days.StandardProtection.AllEvents recorded 1 samples, mean = 0.0 (flags = 0x41)
0  -O                                                                        (1 = 100.0%)
1  ... 

Histogram: SafeBrowsing.FileTypeUpdate.ResourceBundleResult recorded 1 samples (flags = 0x41)
1  -O                                                                        (1 = 100.0%)

Histogram: SafeBrowsing.FileTypeUpdate.ResourceBundleVersion recorded 1 samples (flags = 0x41)
66  -O                                                                        (1 = 100.0%)

Histogram: SafeBrowsing.HPRT.Cache.FullHashCount recorded 4 samples, mean = 0.0 (flags = 0x41)
0  ----O                                                                     (4 = 100.0%)
1  ... 

Histogram: SafeBrowsing.HPRT.Cache.HashPrefixCount recorded 4 samples, mean = 0.0 (flags = 0x41)
0  ----O                                                                     (4 = 100.0%)
1  ... 

Histogram: SafeBrowsing.HPRT.Ineligible.FeatureOff recorded 1 samples, mean = 0.0 (flags = 0x41)
0  -O                                                                        (1 = 100.0%)
1  ... 

Histogram: SafeBrowsing.HPRT.Ineligible.IneligibleForLocation recorded 1 samples, mean = 0.0 (flags = 0x41)
0  -O                                                                        (1 = 100.0%)
1  ... 

Histogram: SafeBrowsing.HPRT.Ineligible.IneligibleForSessionOrLocation recorded 1 samples, mean = 1.0 (flags = 0x41)
0  O                                                                         (0 = 0.0%)
1  -O                                                                        (1 = 100.0%) {0.0%}
2  O                                                                         (0 = 0.0%) {100.0%}

Histogram: SafeBrowsing.HPRT.Ineligible.NoGoogleChromeBranding recorded 1 samples, mean = 1.0 (flags = 0x41)
0  O                                                                         (0 = 0.0%)
1  -O                                                                        (1 = 100.0%) {0.0%}
2  O                                                                         (0 = 0.0%) {100.0%}

Histogram: SafeBrowsing.HPRT.Ineligible.NotAllowedByPolicy recorded 1 samples, mean = 0.0 (flags = 0x41)
0  -O                                                                        (1 = 100.0%)
1  ... 

Histogram: SafeBrowsing.HPRT.Ineligible.NotStandardProtection recorded 1 samples, mean = 0.0 (flags = 0x41)
0  -O                                                                        (1 = 100.0%)
1  ... 

Histogram: SafeBrowsing.HPRT.Ineligible.OffTheRecord recorded 1 samples, mean = 0.0 (flags = 0x41)
0  -O                                                                        (1 = 100.0%)
1  ... 

Histogram: SafeBrowsing.HasCookieAtStartup2 recorded 1 samples, mean = 0.0 (flags = 0x41)
0  -O                                                                        (1 = 100.0%)
1  ... 

Histogram: SafeBrowsing.PageLoadToken.TokenCount recorded 4 samples, mean = 0.0 (flags = 0x41)
0  ----O                                                                     (4 = 100.0%)
1  ... 

Histogram: SafeBrowsing.Pref.Daily.Extended recorded 1 samples, mean = 0.0 (flags = 0x41)
0  -O                                                                        (1 = 100.0%)
1  ... 

Histogram: SafeBrowsing.Pref.Daily.PasswordLeakToggle recorded 1 samples, mean = 1.0 (flags = 0x41)
0  O                                                                         (0 = 0.0%)
1  -O                                                                        (1 = 100.0%) {0.0%}
2  O                                                                         (0 = 0.0%) {100.0%}

Histogram: SafeBrowsing.Pref.Daily.SafeBrowsingModeManaged recorded 1 samples, mean = 0.0 (flags = 0x41)
0  -O                                                                        (1 = 100.0%)
1  ... 

Histogram: SafeBrowsing.Pref.Daily.SafeBrowsingState recorded 1 samples, mean = 1.0 (flags = 0x41)
0  O                                                                         (0 = 0.0%)
1  -O                                                                        (1 = 100.0%) {0.0%}
2  ... 

Histogram: SafeBrowsing.Pref.Enhanced recorded 1 samples, mean = 0.0 (flags = 0x41)
0  -O                                                                        (1 = 100.0%)
1  ... 

Histogram: SafeBrowsing.Pref.Enhanced.RegularProfile recorded 1 samples, mean = 0.0 (flags = 0x41)
0  -O                                                                        (1 = 100.0%)
1  ... 

Histogram: SafeBrowsing.Pref.Extended recorded 1 samples, mean = 0.0 (flags = 0x41)
0  -O                                                                        (1 = 100.0%)
1  ... 

Histogram: SafeBrowsing.Pref.General recorded 1 samples, mean = 1.0 (flags = 0x41)
0  O                                                                         (0 = 0.0%)
1  -O                                                                        (1 = 100.0%) {0.0%}
2  O                                                                         (0 = 0.0%) {100.0%}

Histogram: SafeBrowsing.RT.CacheManager.CleanUpTime recorded 4 samples, mean = 0.0 (flags = 0x41)
0  ----O                                                                     (4 = 100.0%)
1  ... 

Histogram: SafeBrowsing.RT.CanCheckDatabase recorded 2 samples, mean = 1.0 (flags = 0x41)
0  O                                                                         (0 = 0.0%)
1  --O                                                                       (2 = 100.0%) {0.0%}
2  O                                                                         (0 = 0.0%) {100.0%}

Histogram: SafeBrowsing.RT.ConsumerVersionReason recorded 2 samples, mean = 1.0 (flags = 0x41)
0  -O                                                                        (1 = 50.0%)
1  O                                                                         (0 = 0.0%) {50.0%}
2  -O                                                                        (1 = 50.0%) {50.0%}
3  ... 

Histogram: SafeBrowsing.RendererThrottle.IsCheckCompletedOnProcessResponse recorded 44 samples, mean = 1.0 (flags = 0x41)
0  O                                                                         (0 = 0.0%)
1  --------------------------------------------O                             (44 = 100.0%) {0.0%}
2  O                                                                         (0 = 0.0%) {100.0%}

Histogram: SafeBrowsing.RendererThrottle.RequestDestination recorded 44 samples, mean = 11.2 (flags = 0x41)
0   ----O                                                                     (4 = 9.1%)
1   ... 
5   -----O                                                                    (5 = 11.4%) {9.1%}
6   ... 
8   -O                                                                        (1 = 2.3%) {20.5%}
9   -O                                                                        (1 = 2.3%) {22.7%}
10  ... 
13  -------------------------O                                                (25 = 56.8%) {25.0%}
14  ... 
16  --------O                                                                 (8 = 18.2%) {81.8%}
17  ... 

Histogram: SafeBrowsing.V4Database.Size recorded 1 samples, mean = 0.0 (flags = 0x41)
0  -O                                                                        (1 = 100.0%)
1  ... 

Histogram: SafeBrowsing.V4Database.Size.ChromeExtMalware recorded 1 samples, mean = 0.0 (flags = 0x41)
0  -O                                                                        (1 = 100.0%)
1  ... 

Histogram: SafeBrowsing.V4Database.Size.UrlBilling recorded 1 samples, mean = 0.0 (flags = 0x41)
0  -O                                                                        (1 = 100.0%)
1  ... 

Histogram: SafeBrowsing.V4Database.Size.UrlCsdDownloadAllowlist recorded 1 samples, mean = 0.0 (flags = 0x41)
0  -O                                                                        (1 = 100.0%)
1  ... 

Histogram: SafeBrowsing.V4Database.Size.UrlMalBin recorded 1 samples, mean = 0.0 (flags = 0x41)
0  -O                                                                        (1 = 100.0%)
1  ... 

Histogram: SafeBrowsing.V4Database.Size.UrlMalware recorded 1 samples, mean = 0.0 (flags = 0x41)
0  -O                                                                        (1 = 100.0%)
1  ... 

Histogram: SafeBrowsing.V4Database.Size.UrlSoceng recorded 1 samples, mean = 0.0 (flags = 0x41)
0  -O                                                                        (1 = 100.0%)
1  ... 

Histogram: SafeBrowsing.V4Database.Size.UrlUws recorded 1 samples, mean = 0.0 (flags = 0x41)
0  -O                                                                        (1 = 100.0%)
1  ... 

Histogram: SafeBrowsing.V4Database.SizeLinear recorded 1 samples, mean = 0.0 (flags = 0x41)
0  -O                                                                        (1 = 100.0%)
1  ... 

Histogram: SafeBrowsing.V4Database.SizeLinear.ChromeExtMalware recorded 1 samples, mean = 0.0 (flags = 0x41)
0  -O                                                                        (1 = 100.0%)
1  ... 

Histogram: SafeBrowsing.V4Database.SizeLinear.UrlMalBin recorded 1 samples, mean = 0.0 (flags = 0x41)
0  -O                                                                        (1 = 100.0%)
1  ... 

Histogram: SafeBrowsing.V4Database.SizeLinear.UrlSoceng recorded 1 samples, mean = 0.0 (flags = 0x41)
0  -O                                                                        (1 = 100.0%)
1  ... 

Histogram: SafeBrowsing.V4DatabaseInitializationTime recorded 1 samples, mean = 1790.0 (flags = 0x41)
0     ... 
1782  -O                                                                        (1 = 100.0%) {0.0%}
2117  ... 

Histogram: SafeBrowsing.V4Store.IsStoreValid recorded 7 samples, mean = 0.0 (flags = 0x41)
0  -------O                                                                  (7 = 100.0%)
1  ... 

Histogram: SafeBrowsing.V4Store.IsStoreValid.ChromeExtMalware recorded 1 samples, mean = 0.0 (flags = 0x41)
0  -O                                                                        (1 = 100.0%)
1  ... 

Histogram: SafeBrowsing.V4Store.IsStoreValid.UrlBilling recorded 1 samples, mean = 0.0 (flags = 0x41)
0  -O                                                                        (1 = 100.0%)
1  ... 

Histogram: SafeBrowsing.V4Store.IsStoreValid.UrlCsdDownloadAllowlist recorded 1 samples, mean = 0.0 (flags = 0x41)
0  -O                                                                        (1 = 100.0%)
1  ... 

Histogram: SafeBrowsing.V4Store.IsStoreValid.UrlMalBin recorded 1 samples, mean = 0.0 (flags = 0x41)
0  -O                                                                        (1 = 100.0%)
1  ... 

Histogram: SafeBrowsing.V4Store.IsStoreValid.UrlMalware recorded 1 samples, mean = 0.0 (flags = 0x41)
0  -O                                                                        (1 = 100.0%)
1  ... 

Histogram: SafeBrowsing.V4Store.IsStoreValid.UrlSoceng recorded 1 samples, mean = 0.0 (flags = 0x41)
0  -O                                                                        (1 = 100.0%)
1  ... 

Histogram: SafeBrowsing.V4Store.IsStoreValid.UrlUws recorded 1 samples, mean = 0.0 (flags = 0x41)
0  -O                                                                        (1 = 100.0%)
1  ... 

Histogram: SafeBrowsing.V4Store.ReadyOnStartup recorded 7 samples, mean = 0.0 (flags = 0x41)
0  -------O                                                                  (7 = 100.0%)
1  ... 

Histogram: SafeBrowsing.V4StoreRead.Result recorded 7 samples, mean = 2.0 (flags = 0x41)
0  ... 
2  -------O                                                                  (7 = 100.0%) {0.0%}
3  ... 

Histogram: Scheduling.MessagePumpTimeKeeper.BrowserIO recorded 0 samples (flags = 0x41)
0 ... 

Histogram: Scheduling.MessagePumpTimeKeeper.BrowserUI recorded 0 samples (flags = 0x41)
0 ... 

Histogram: Scheduling.Renderer.DrawInterval2 recorded 1 samples, mean = 14510.0 (flags = 0x41)
0      ... 
13889  -O                                                                        (1 = 100.0%) {0.0%}
14706  ... 

Histogram: Scheduling.ThreadController.ActiveIntervalDuration.Any.BrowserUI recorded 21 samples, mean = 0.0 (flags = 0x41)
0  ---------------------O                                                    (21 = 100.0%)
1  ... 

Histogram: Scheduling.ThreadController.ActiveIntervalDuration.Any.Other recorded 40 samples, mean = 0.6 (flags = 0x41)
0  -------------------------------------O                                    (37 = 92.5%)
1  ... 
8  ---O                                                                      (3 = 7.5%) {92.5%}
10 ... 

Histogram: Scheduling.ThreadController.ActiveIntervalDuration.Medium.Other recorded 3 samples, mean = 8.0 (flags = 0x41)
0  ... 
8  ---O                                                                      (3 = 100.0%) {0.0%}
9  ... 

Histogram: Scheduling.ThreadController.ActiveIntervalDuration.Short.BrowserUI recorded 21 samples, mean = 0.6 (flags = 0x41)
0  ---------O                                                                (9 = 42.9%)
1  -----------O                                                              (11 = 52.4%) {42.9%}
2  -O                                                                        (1 = 4.8%) {95.2%}
3  ... 

Histogram: Scheduling.ThreadController.ActiveIntervalDuration.Short.Other recorded 37 samples, mean = 134.9 (flags = 0x41)
0    ... 
4    -O                                                                        (1 = 2.7%) {0.0%}
5    O                                                                         (0 = 0.0%) {2.7%}
6    ---O                                                                      (3 = 8.1%) {2.7%}
7    O                                                                         (0 = 0.0%) {10.8%}
8    -------O                                                                  (7 = 18.9%) {10.8%}
9    O                                                                         (0 = 0.0%) {29.7%}
10   -O                                                                        (1 = 2.7%) {29.7%}
11   O                                                                         (0 = 0.0%) {32.4%}
12   -O                                                                        (1 = 2.7%) {32.4%}
13   O                                                                         (0 = 0.0%) {35.1%}
14   -O                                                                        (1 = 2.7%) {35.1%}
15   ---O                                                                      (3 = 8.1%) {37.8%}
16   ... 
20   -O                                                                        (1 = 2.7%) {45.9%}
21   ... 
31   -O                                                                        (1 = 2.7%) {48.6%}
33   -O                                                                        (1 = 2.7%) {51.4%}
35   ... 
52   --O                                                                       (2 = 5.4%) {54.1%}
55   ... 
95   --O                                                                       (2 = 5.4%) {59.5%}
100  ... 
110  --O                                                                       (2 = 5.4%) {64.9%}
116  ... 
173  -O                                                                        (1 = 2.7%) {70.3%}
182  ... 
211  -O                                                                        (1 = 2.7%) {73.0%}
222  ... 
245  -O                                                                        (1 = 2.7%) {75.7%}
258  O                                                                         (0 = 0.0%) {78.4%}
271  -O                                                                        (1 = 2.7%) {78.4%}
285  --O                                                                       (2 = 5.4%) {81.1%}
300  -O                                                                        (1 = 2.7%) {86.5%}
315  ... 
385  -O                                                                        (1 = 2.7%) {89.2%}
405  ... 
471  -O                                                                        (1 = 2.7%) {91.9%}
495  ... 
669  -O                                                                        (1 = 2.7%) {94.6%}
703  ... 
817  -O                                                                        (1 = 2.7%) {97.3%}
859  ... 

Histogram: Scheduling.ThreadController.ActiveIntervalOffCpuDuration.Any.BrowserUI recorded 21 samples, mean = 0.0 (flags = 0x41)
0  ---------------------O                                                    (21 = 100.0%)
1  ... 

Histogram: Scheduling.ThreadController.ActiveIntervalOffCpuDuration.Any.Other recorded 40 samples, mean = 0.0 (flags = 0x41)
0  ----------------------------------------O                                 (40 = 100.0%)
1  ... 

Histogram: Scheduling.ThreadController.ActiveIntervalOffCpuDuration.Medium.Other recorded 3 samples, mean = 0.0 (flags = 0x41)
0  ---O                                                                      (3 = 100.0%)
1  ... 

Histogram: Scheduling.ThreadController.ActiveIntervalOffCpuDuration.Short.BrowserUI recorded 21 samples, mean = 0.5 (flags = 0x41)
0  -----------O                                                              (11 = 52.4%)
1  ----------O                                                               (10 = 47.6%) {52.4%}
2  ... 

Histogram: Scheduling.ThreadController.ActiveIntervalOffCpuDuration.Short.Other recorded 37 samples, mean = 41.9 (flags = 0x41)
0    ---O                                                                      (3 = 8.1%)
1    --------------O                                                           (14 = 37.8%) {8.1%}
2    -----O                                                                    (5 = 13.5%) {45.9%}
3    ----O                                                                     (4 = 10.8%) {59.5%}
4    ... 
13   -O                                                                        (1 = 2.7%) {70.3%}
14   ... 
45   -O                                                                        (1 = 2.7%) {73.0%}
47   ... 
64   -O                                                                        (1 = 2.7%) {75.7%}
67   ... 
74   -O                                                                        (1 = 2.7%) {78.4%}
78   ... 
86   --O                                                                       (2 = 5.4%) {81.1%}
90   -O                                                                        (1 = 2.7%) {86.5%}
95   ... 
110  -O                                                                        (1 = 2.7%) {89.2%}
116  ... 
233  -O                                                                        (1 = 2.7%) {91.9%}
245  ... 
285  -O                                                                        (1 = 2.7%) {94.6%}
300  ... 
385  -O                                                                        (1 = 2.7%) {97.3%}
405  ... 

Histogram: Scheduling.ThreadController.ActiveIntervalOnCpuDuration.Any.BrowserUI recorded 21 samples, mean = 0.0 (flags = 0x41)
0  ---------------------O                                                    (21 = 100.0%)
1  ... 

Histogram: Scheduling.ThreadController.ActiveIntervalOnCpuDuration.Any.Other recorded 40 samples, mean = 0.6 (flags = 0x41)
0  -------------------------------------O                                    (37 = 92.5%)
1  ... 
7  -O                                                                        (1 = 2.5%) {92.5%}
8  --O                                                                       (2 = 5.0%) {95.0%}
10 ... 

Histogram: Scheduling.ThreadController.ActiveIntervalOnCpuDuration.Medium.Other recorded 3 samples, mean = 7.7 (flags = 0x41)
0  ... 
7  -O                                                                        (1 = 33.3%) {0.0%}
8  --O                                                                       (2 = 66.7%) {33.3%}
9  ... 

Histogram: Scheduling.ThreadController.ActiveIntervalOnCpuDuration.Short.BrowserUI recorded 21 samples, mean = 0.1 (flags = 0x41)
0  ------------------O                                                       (18 = 85.7%)
1  ---O                                                                      (3 = 14.3%) {85.7%}
2  ... 

Histogram: Scheduling.ThreadController.ActiveIntervalOnCpuDuration.Short.Other recorded 37 samples, mean = 93.0 (flags = 0x41)
0    ---O                                                                      (3 = 8.1%)
1    ... 
4    -O                                                                        (1 = 2.7%) {8.1%}
5    ---O                                                                      (3 = 8.1%) {10.8%}
6    -O                                                                        (1 = 2.7%) {18.9%}
7    -----O                                                                    (5 = 13.5%) {21.6%}
8    --O                                                                       (2 = 5.4%) {35.1%}
9    O                                                                         (0 = 0.0%) {40.5%}
10   -O                                                                        (1 = 2.7%) {40.5%}
11   O                                                                         (0 = 0.0%) {43.2%}
12   -O                                                                        (1 = 2.7%) {43.2%}
13   -O                                                                        (1 = 2.7%) {45.9%}
14   --O                                                                       (2 = 5.4%) {48.6%}
15   ... 
17   -O                                                                        (1 = 2.7%) {54.1%}
18   ... 
31   -O                                                                        (1 = 2.7%) {56.8%}
33   -O                                                                        (1 = 2.7%) {59.5%}
35   ... 
49   -O                                                                        (1 = 2.7%) {62.2%}
52   -O                                                                        (1 = 2.7%) {64.9%}
55   ... 
82   -O                                                                        (1 = 2.7%) {67.6%}
86   O                                                                         (0 = 0.0%) {70.3%}
90   --O                                                                       (2 = 5.4%) {70.3%}
95   ... 
105  -O                                                                        (1 = 2.7%) {75.7%}
110  ... 
173  -O                                                                        (1 = 2.7%) {78.4%}
182  ... 
201  -O                                                                        (1 = 2.7%) {81.1%}
211  --O                                                                       (2 = 5.4%) {83.8%}
222  ... 
245  -O                                                                        (1 = 2.7%) {89.2%}
258  ... 
471  -O                                                                        (1 = 2.7%) {91.9%}
495  ... 
575  --O                                                                       (2 = 5.4%) {94.6%}
605  ... 

Histogram: Scheduling.ThreadController.ActiveIntervalOnCpuPercentage.Any.BrowserUI recorded 21 samples, mean = 54.8 (flags = 0x41)
0    ---------O                                                                (9 = 42.9%)
1    ... 
50   -O                                                                        (1 = 4.8%) {42.9%}
51   ... 
100  -----------O                                                              (11 = 52.4%) {47.6%}
101  O                                                                         (0 = 0.0%) {100.0%}

Histogram: Scheduling.ThreadController.ActiveIntervalOnCpuPercentage.Any.Other recorded 40 samples, mean = 80.8 (flags = 0x41)
0    ---O                                                                      (3 = 7.5%)
1    ... 
50   -O                                                                        (1 = 2.5%) {7.5%}
51   ... 
69   -O                                                                        (1 = 2.5%) {10.0%}
70   O                                                                         (0 = 0.0%) {12.5%}
71   -O                                                                        (1 = 2.5%) {12.5%}
72   O                                                                         (0 = 0.0%) {15.0%}
73   -O                                                                        (1 = 2.5%) {15.0%}
74   O                                                                         (0 = 0.0%) {17.5%}
75   -O                                                                        (1 = 2.5%) {17.5%}
76   O                                                                         (0 = 0.0%) {20.0%}
77   -O                                                                        (1 = 2.5%) {20.0%}
78   O                                                                         (0 = 0.0%) {22.5%}
79   -O                                                                        (1 = 2.5%) {22.5%}
80   --O                                                                       (2 = 5.0%) {25.0%}
81   ... 
83   ----O                                                                     (4 = 10.0%) {30.0%}
84   O                                                                         (0 = 0.0%) {40.0%}
85   -O                                                                        (1 = 2.5%) {40.0%}
86   -O                                                                        (1 = 2.5%) {42.5%}
87   ------O                                                                   (6 = 15.0%) {45.0%}
88   ... 
92   -O                                                                        (1 = 2.5%) {60.0%}
93   --O                                                                       (2 = 5.0%) {62.5%}
94   ... 
96   ----O                                                                     (4 = 10.0%) {67.5%}
97   -O                                                                        (1 = 2.5%) {77.5%}
98   --O                                                                       (2 = 5.0%) {80.0%}
99   ---O                                                                      (3 = 7.5%) {85.0%}
100  ---O                                                                      (3 = 7.5%) {92.5%}
101  O                                                                         (0 = 0.0%) {100.0%}

Histogram: Scheduling.ThreadController.ActiveIntervalOnCpuPercentage.Medium.Other recorded 3 samples, mean = 97.7 (flags = 0x41)
0   ... 
96  -O                                                                        (1 = 33.3%) {0.0%}
97  O                                                                         (0 = 0.0%) {33.3%}
98  -O                                                                        (1 = 33.3%) {33.3%}
99  -O                                                                        (1 = 33.3%) {66.7%}
100 ... 

Histogram: Scheduling.ThreadController.ActiveIntervalOnCpuPercentage.Short.BrowserUI recorded 21 samples, mean = 54.8 (flags = 0x41)
0    ---------O                                                                (9 = 42.9%)
1    ... 
50   -O                                                                        (1 = 4.8%) {42.9%}
51   ... 
100  -----------O                                                              (11 = 52.4%) {47.6%}
101  O                                                                         (0 = 0.0%) {100.0%}

Histogram: Scheduling.ThreadController.ActiveIntervalOnCpuPercentage.Short.Other recorded 37 samples, mean = 79.4 (flags = 0x41)
0    ---O                                                                      (3 = 8.1%)
1    ... 
50   -O                                                                        (1 = 2.7%) {8.1%}
51   ... 
69   -O                                                                        (1 = 2.7%) {10.8%}
70   O                                                                         (0 = 0.0%) {13.5%}
71   -O                                                                        (1 = 2.7%) {13.5%}
72   O                                                                         (0 = 0.0%) {16.2%}
73   -O                                                                        (1 = 2.7%) {16.2%}
74   O                                                                         (0 = 0.0%) {18.9%}
75   -O                                                                        (1 = 2.7%) {18.9%}
76   O                                                                         (0 = 0.0%) {21.6%}
77   -O                                                                        (1 = 2.7%) {21.6%}
78   O                                                                         (0 = 0.0%) {24.3%}
79   -O                                                                        (1 = 2.7%) {24.3%}
80   --O                                                                       (2 = 5.4%) {27.0%}
81   ... 
83   ----O                                                                     (4 = 10.8%) {32.4%}
84   O                                                                         (0 = 0.0%) {43.2%}
85   -O                                                                        (1 = 2.7%) {43.2%}
86   -O                                                                        (1 = 2.7%) {45.9%}
87   ------O                                                                   (6 = 16.2%) {48.6%}
88   ... 
92   -O                                                                        (1 = 2.7%) {64.9%}
93   --O                                                                       (2 = 5.4%) {67.6%}
94   ... 
96   ---O                                                                      (3 = 8.1%) {73.0%}
97   -O                                                                        (1 = 2.7%) {81.1%}
98   -O                                                                        (1 = 2.7%) {83.8%}
99   --O                                                                       (2 = 5.4%) {86.5%}
100  ---O                                                                      (3 = 8.1%) {91.9%}
101  O                                                                         (0 = 0.0%) {100.0%}

Histogram: Scheduling.ThreadController.IdleDuration.Any.BrowserUI recorded 21 samples, mean = 0.0 (flags = 0x41)
0  ---------------------O                                                    (21 = 100.0%)
1  ... 

Histogram: Scheduling.ThreadController.IdleDuration.Any.Other recorded 25 samples, mean = 5932.2 (flags = 0x41)
0      --------O                                                                 (8 = 32.0%)
1      ... 
81     -----O                                                                    (5 = 20.0%) {32.0%}
96     --O                                                                       (2 = 8.0%) {52.0%}
114    ... 
894    ---O                                                                      (3 = 12.0%) {60.0%}
1062   ... 
3553   ----O                                                                     (4 = 16.0%) {72.0%}
4222   ... 
10000  ---O                                                                      (3 = 12.0%) {88.0%}

Histogram: Scheduling.ThreadController.IdleDuration.Medium.Other recorded 6 samples, mean = 94.5 (flags = 0x41)
0   ... 
92  -O                                                                        (1 = 16.7%) {0.0%}
93  -O                                                                        (1 = 16.7%) {16.7%}
94  --O                                                                       (2 = 33.3%) {33.3%}
95  -O                                                                        (1 = 16.7%) {66.7%}
96  ... 
98  -O                                                                        (1 = 16.7%) {83.3%}
100 O                                                                         (0 = 0.0%) {100.0%}

Histogram: Scheduling.ThreadController.IdleDuration.Short.BrowserUI recorded 21 samples, mean = 8.5 (flags = 0x41)
0   ... 
3   --------O                                                                 (8 = 38.1%) {0.0%}
4   ---O                                                                      (3 = 14.3%) {38.1%}
5   ---O                                                                      (3 = 14.3%) {52.4%}
6   ---O                                                                      (3 = 14.3%) {66.7%}
7   -O                                                                        (1 = 4.8%) {81.0%}
8   ... 
10  -O                                                                        (1 = 4.8%) {85.7%}
11  O                                                                         (0 = 0.0%) {90.5%}
12  -O                                                                        (1 = 4.8%) {90.5%}
13  ... 
78  -O                                                                        (1 = 4.8%) {95.2%}
82  ... 

Histogram: Scheduling.ThreadController.IdleDuration.Short.Other recorded 8 samples, mean = 40.5 (flags = 0x41)
0   ... 
18  --O                                                                       (2 = 25.0%) {0.0%}
19  -O                                                                        (1 = 12.5%) {25.0%}
20  ... 
22  -O                                                                        (1 = 12.5%) {37.5%}
23  ... 
49  -O                                                                        (1 = 12.5%) {50.0%}
52  ... 
61  --O                                                                       (2 = 25.0%) {62.5%}
64  ... 
70  -O                                                                        (1 = 12.5%) {87.5%}
74  ... 

Histogram: Search.ChoiceReprompt recorded 1 samples, mean = 6.0 (flags = 0x41)
0  ... 
6  -O                                                                        (1 = 100.0%) {0.0%}
7  O                                                                         (0 = 0.0%) {100.0%}

Histogram: Search.SearchProviderOverrideStatus recorded 1 samples, mean = 0.0 (flags = 0x41)
0  -O                                                                        (1 = 100.0%)
1  ... 

Histogram: Security.GwpAsan.Activated.Malloc.Browser recorded 1 samples, mean = 0.0 (flags = 0x41)
0  -O                                                                        (1 = 100.0%)
1  ... 

Histogram: Security.GwpAsan.Activated.PartitionAlloc.Browser recorded 1 samples, mean = 0.0 (flags = 0x41)
0  -O                                                                        (1 = 100.0%)
1  ... 

Histogram: Security.HttpsFirstMode.SettingEnabledAtStartup recorded 1 samples, mean = 0.0 (flags = 0x41)
0  -O                                                                        (1 = 100.0%)
1  ... 

Histogram: Security.JSONParser.ChromiumExtensionUsage recorded 1 samples, mean = 1.0 (flags = 0x41)
0  O                                                                         (0 = 0.0%)
1  -O                                                                        (1 = 100.0%) {0.0%}
2  ... 

Histogram: Security.JSONParser.ParsingTime recorded 17 samples, mean = 39.8 (flags = 0x41)
0    -O                                                                        (1 = 5.9%)
1    O                                                                         (0 = 0.0%) {5.9%}
2    -O                                                                        (1 = 5.9%) {5.9%}
3    O                                                                         (0 = 0.0%) {11.8%}
4    -O                                                                        (1 = 5.9%) {11.8%}
5    ---O                                                                      (3 = 17.6%) {17.6%}
7    -O                                                                        (1 = 5.9%) {35.3%}
9    ... 
16   --O                                                                       (2 = 11.8%) {41.2%}
21   O                                                                         (0 = 0.0%) {52.9%}
28   --O                                                                       (2 = 11.8%) {52.9%}
37   O                                                                         (0 = 0.0%) {64.7%}
49   -O                                                                        (1 = 5.9%) {64.7%}
65   ----O                                                                     (4 = 23.5%) {70.6%}
86   ... 
196  -O                                                                        (1 = 5.9%) {94.1%}
258  ... 

Histogram: Security.NavigationRequestSecurityLevel recorded 2 samples, mean = 1.0 (flags = 0x41)
0  O                                                                         (0 = 0.0%)
1  --O                                                                       (2 = 100.0%) {0.0%}
2  ... 

Histogram: Security.PageEndReason.SECURE recorded 1 samples, mean = 6.0 (flags = 0x41)
0  ... 
6  -O                                                                        (1 = 100.0%) {0.0%}
7  ... 

Histogram: Security.PageEndReason.SafetyTip_None recorded 1 samples, mean = 6.0 (flags = 0x41)
0  ... 
6  -O                                                                        (1 = 100.0%) {0.0%}
7  ... 

Histogram: Security.PrivateNetworkAccess.CheckResult recorded 70 samples, mean = 1.2 (flags = 0x41)
0   -----------------------------O                                            (29 = 41.4%)
1   -------------------------------------O                                    (37 = 52.9%) {41.4%}
2   ... 
12  ----O                                                                     (4 = 5.7%) {94.3%}
13  O                                                                         (0 = 0.0%) {100.0%}

Histogram: Security.SCTAuditing.NumPersistedReportsLoaded recorded 1 samples, mean = 0.0 (flags = 0x41)
0  -O                                                                        (1 = 100.0%)
1  ... 

Histogram: Security.SafetyTips.GetReputationStatusWithEngagedSitesTime recorded 1 samples, mean = 0.0 (flags = 0x41)
0  -O                                                                        (1 = 100.0%)
1  ... 

Histogram: Security.SafetyTips.ReputationCheckComplete.DidFinishNavigation recorded 1 samples, mean = 1.0 (flags = 0x41)
0  O                                                                         (0 = 0.0%)
1  -O                                                                        (1 = 100.0%) {0.0%}
2  ... 

Histogram: Security.SafetyTips.SafetyTipShown recorded 1 samples, mean = 1.0 (flags = 0x41)
0  O                                                                         (0 = 0.0%)
1  -O                                                                        (1 = 100.0%) {0.0%}
2  ... 

Histogram: Security.SafetyTips.StatusWithInitiator.Unknown recorded 1 samples, mean = 1.0 (flags = 0x41)
0  O                                                                         (0 = 0.0%)
1  -O                                                                        (1 = 100.0%) {0.0%}
2  ... 

Histogram: Security.SecurityLevel.OnCommit recorded 1 samples, mean = 3.0 (flags = 0x41)
0  ... 
3  -O                                                                        (1 = 100.0%) {0.0%}
4  ... 

Histogram: Security.SecurityLevel.OnComplete recorded 1 samples, mean = 3.0 (flags = 0x41)
0  ... 
3  -O                                                                        (1 = 100.0%) {0.0%}
4  ... 

Histogram: Security.SiteEngagement.SECURE recorded 1 samples, mean = 21.0 (flags = 0x41)
0   ... 
21  -O                                                                        (1 = 100.0%) {0.0%}
22  ... 

Histogram: Security.SiteEngagement.SafetyTip_None recorded 1 samples, mean = 21.0 (flags = 0x41)
0   ... 
21  -O                                                                        (1 = 100.0%) {0.0%}
22  ... 

Histogram: Security.TimeOnPage2.SECURE recorded 1 samples, mean = 4273716.0 (flags = 0x41)
0        ... 
3600000  -O                                                                        (1 = 100.0%) {0.0%}

Histogram: Security.TimeOnPage2.SafetyTip_None recorded 1 samples, mean = 4273716.0 (flags = 0x41)
0        ... 
3600000  -O                                                                        (1 = 100.0%) {0.0%}

Histogram: SegmentationPlatform.ClassificationRequest.TotalDuration.DeviceSwitcher recorded 1 samples, mean = 62366.0 (flags = 0x41)
0      ... 
10000  -O                                                                        (1 = 100.0%) {0.0%}

Histogram: SegmentationPlatform.ClassificationRequest.TotalDuration.WebAppInstallationPromo recorded 1 samples, mean = 0.0 (flags = 0x41)
0  -O                                                                        (1 = 100.0%)
1  ... 

Histogram: SegmentationPlatform.CrossDeviceUser.PostProcessing.TopLabel.Computed recorded 1 samples (flags = 0x41)
-1 -O                                                                        (1 = 100.0%)

Histogram: SegmentationPlatform.Database.StoreUkmEntry recorded 7 samples, mean = 0.0 (flags = 0x41)
0  -------O                                                                  (7 = 100.0%)
1  ... 

Histogram: SegmentationPlatform.Database.UpdateUrlForUkmSource recorded 6 samples, mean = 1.0 (flags = 0x41)
0  -----O                                                                    (5 = 83.3%)
1  ... 
6  -O                                                                        (1 = 16.7%) {83.3%}
7  ... 

Histogram: SegmentationPlatform.DefaultModelDelivery.Metadata.FeatureCount.ChromeLowUserEngagement recorded 1 samples, mean = 1.0 (flags = 0x41)
0  O                                                                         (0 = 0.0%)
1  -O                                                                        (1 = 100.0%) {0.0%}
2  ... 

Histogram: SegmentationPlatform.DefaultModelDelivery.Metadata.FeatureCount.ComposePromotion recorded 1 samples, mean = 1.0 (flags = 0x41)
0  O                                                                         (0 = 0.0%)
1  -O                                                                        (1 = 100.0%) {0.0%}
2  ... 

Histogram: SegmentationPlatform.DefaultModelDelivery.Metadata.FeatureCount.CrossDeviceUserSegment recorded 1 samples, mean = 4.0 (flags = 0x41)
0  ... 
4  -O                                                                        (1 = 100.0%) {0.0%}
5  ... 

Histogram: SegmentationPlatform.DefaultModelDelivery.Metadata.FeatureCount.DatabaseApiClients recorded 1 samples, mean = 3.0 (flags = 0x41)
0  ... 
3  -O                                                                        (1 = 100.0%) {0.0%}
4  ... 

Histogram: SegmentationPlatform.DefaultModelDelivery.Metadata.FeatureCount.DeviceSwitcher recorded 1 samples, mean = 1.0 (flags = 0x41)
0  O                                                                         (0 = 0.0%)
1  -O                                                                        (1 = 100.0%) {0.0%}
2  ... 

Histogram: SegmentationPlatform.DefaultModelDelivery.Metadata.FeatureCount.PasswordManagerUser recorded 1 samples, mean = 7.0 (flags = 0x41)
0  ... 
7  -O                                                                        (1 = 100.0%) {0.0%}
8  ... 

Histogram: SegmentationPlatform.DefaultModelDelivery.Metadata.FeatureCount.ResumeHeavyUserSegment recorded 1 samples, mean = 5.0 (flags = 0x41)
0  ... 
5  -O                                                                        (1 = 100.0%) {0.0%}
6  ... 

Histogram: SegmentationPlatform.DefaultModelDelivery.Metadata.FeatureCount.SearchUser recorded 1 samples, mean = 2.0 (flags = 0x41)
0  ... 
2  -O                                                                        (1 = 100.0%) {0.0%}
3  ... 

Histogram: SegmentationPlatform.DefaultModelDelivery.Metadata.FeatureCount.ShoppingUser recorded 1 samples, mean = 2.0 (flags = 0x41)
0  ... 
2  -O                                                                        (1 = 100.0%) {0.0%}
3  ... 

Histogram: SegmentationPlatform.DefaultModelDelivery.Metadata.FeatureCount.UrlVisitResumptionRanker recorded 1 samples, mean = 23.0 (flags = 0x41)
0   ... 
23  -O                                                                        (1 = 100.0%) {0.0%}
26  ... 

Histogram: SegmentationPlatform.DefaultModelDelivery.Metadata.Validation.Processed.ChromeLowUserEngagement recorded 1 samples, mean = 0.0 (flags = 0x41)
0  -O                                                                        (1 = 100.0%)
1  ... 

Histogram: SegmentationPlatform.DefaultModelDelivery.Metadata.Validation.Processed.ComposePromotion recorded 1 samples, mean = 0.0 (flags = 0x41)
0  -O                                                                        (1 = 100.0%)
1  ... 

Histogram: SegmentationPlatform.DefaultModelDelivery.Metadata.Validation.Processed.CrossDeviceUserSegment recorded 1 samples, mean = 0.0 (flags = 0x41)
0  -O                                                                        (1 = 100.0%)
1  ... 

Histogram: SegmentationPlatform.DefaultModelDelivery.Metadata.Validation.Processed.DatabaseApiClients recorded 1 samples, mean = 0.0 (flags = 0x41)
0  -O                                                                        (1 = 100.0%)
1  ... 

Histogram: SegmentationPlatform.DefaultModelDelivery.Metadata.Validation.Processed.DeviceSwitcher recorded 1 samples, mean = 0.0 (flags = 0x41)
0  -O                                                                        (1 = 100.0%)
1  ... 

Histogram: SegmentationPlatform.DefaultModelDelivery.Metadata.Validation.Processed.PasswordManagerUser recorded 1 samples, mean = 0.0 (flags = 0x41)
0  -O                                                                        (1 = 100.0%)
1  ... 

Histogram: SegmentationPlatform.DefaultModelDelivery.Metadata.Validation.Processed.ResumeHeavyUserSegment recorded 1 samples, mean = 0.0 (flags = 0x41)
0  -O                                                                        (1 = 100.0%)
1  ... 

Histogram: SegmentationPlatform.DefaultModelDelivery.Metadata.Validation.Processed.SearchUser recorded 1 samples, mean = 0.0 (flags = 0x41)
0  -O                                                                        (1 = 100.0%)
1  ... 

Histogram: SegmentationPlatform.DefaultModelDelivery.Metadata.Validation.Processed.ShoppingUser recorded 1 samples, mean = 0.0 (flags = 0x41)
0  -O                                                                        (1 = 100.0%)
1  ... 

Histogram: SegmentationPlatform.DefaultModelDelivery.Metadata.Validation.Processed.UrlVisitResumptionRanker recorded 1 samples, mean = 0.0 (flags = 0x41)
0  -O                                                                        (1 = 100.0%)
1  ... 

Histogram: SegmentationPlatform.DefaultModelDelivery.Received recorded 10 samples (flags = 0x41)
16    -O                                                                        (1 = 10.0%)
21    -O                                                                        (1 = 10.0%)
23    -O                                                                        (1 = 10.0%)
27    -O                                                                        (1 = 10.0%)
45    -O                                                                        (1 = 10.0%)
46    -O                                                                        (1 = 10.0%)
1001  -O                                                                        (1 = 10.0%)
1004  -O                                                                        (1 = 10.0%)
1007  -O                                                                        (1 = 10.0%)
1009  -O                                                                        (1 = 10.0%)

Histogram: SegmentationPlatform.DefaultModelDelivery.SaveResult.ChromeLowUserEngagement recorded 1 samples, mean = 1.0 (flags = 0x41)
0  O                                                                         (0 = 0.0%)
1  -O                                                                        (1 = 100.0%) {0.0%}
2  O                                                                         (0 = 0.0%) {100.0%}

Histogram: SegmentationPlatform.DefaultModelDelivery.SaveResult.ComposePromotion recorded 1 samples, mean = 1.0 (flags = 0x41)
0  O                                                                         (0 = 0.0%)
1  -O                                                                        (1 = 100.0%) {0.0%}
2  O                                                                         (0 = 0.0%) {100.0%}

Histogram: SegmentationPlatform.DefaultModelDelivery.SaveResult.CrossDeviceUserSegment recorded 1 samples, mean = 1.0 (flags = 0x41)
0  O                                                                         (0 = 0.0%)
1  -O                                                                        (1 = 100.0%) {0.0%}
2  O                                                                         (0 = 0.0%) {100.0%}

Histogram: SegmentationPlatform.DefaultModelDelivery.SaveResult.DatabaseApiClients recorded 1 samples, mean = 1.0 (flags = 0x41)
0  O                                                                         (0 = 0.0%)
1  -O                                                                        (1 = 100.0%) {0.0%}
2  O                                                                         (0 = 0.0%) {100.0%}

Histogram: SegmentationPlatform.DefaultModelDelivery.SaveResult.DeviceSwitcher recorded 1 samples, mean = 1.0 (flags = 0x41)
0  O                                                                         (0 = 0.0%)
1  -O                                                                        (1 = 100.0%) {0.0%}
2  O                                                                         (0 = 0.0%) {100.0%}

Histogram: SegmentationPlatform.DefaultModelDelivery.SaveResult.PasswordManagerUser recorded 1 samples, mean = 1.0 (flags = 0x41)
0  O                                                                         (0 = 0.0%)
1  -O                                                                        (1 = 100.0%) {0.0%}
2  O                                                                         (0 = 0.0%) {100.0%}

Histogram: SegmentationPlatform.DefaultModelDelivery.SaveResult.ResumeHeavyUserSegment recorded 1 samples, mean = 1.0 (flags = 0x41)
0  O                                                                         (0 = 0.0%)
1  -O                                                                        (1 = 100.0%) {0.0%}
2  O                                                                         (0 = 0.0%) {100.0%}

Histogram: SegmentationPlatform.DefaultModelDelivery.SaveResult.SearchUser recorded 1 samples, mean = 1.0 (flags = 0x41)
0  O                                                                         (0 = 0.0%)
1  -O                                                                        (1 = 100.0%) {0.0%}
2  O                                                                         (0 = 0.0%) {100.0%}

Histogram: SegmentationPlatform.DefaultModelDelivery.SaveResult.ShoppingUser recorded 1 samples, mean = 1.0 (flags = 0x41)
0  O                                                                         (0 = 0.0%)
1  -O                                                                        (1 = 100.0%) {0.0%}
2  O                                                                         (0 = 0.0%) {100.0%}

Histogram: SegmentationPlatform.DefaultModelDelivery.SaveResult.UrlVisitResumptionRanker recorded 1 samples, mean = 1.0 (flags = 0x41)
0  O                                                                         (0 = 0.0%)
1  -O                                                                        (1 = 100.0%) {0.0%}
2  O                                                                         (0 = 0.0%) {100.0%}

Histogram: SegmentationPlatform.DefaultModelDelivery.SegmentIdMatches.ChromeLowUserEngagement recorded 1 samples, mean = 1.0 (flags = 0x41)
0  O                                                                         (0 = 0.0%)
1  -O                                                                        (1 = 100.0%) {0.0%}
2  O                                                                         (0 = 0.0%) {100.0%}

Histogram: SegmentationPlatform.DefaultModelDelivery.SegmentIdMatches.ComposePromotion recorded 1 samples, mean = 1.0 (flags = 0x41)
0  O                                                                         (0 = 0.0%)
1  -O                                                                        (1 = 100.0%) {0.0%}
2  O                                                                         (0 = 0.0%) {100.0%}

Histogram: SegmentationPlatform.DefaultModelDelivery.SegmentIdMatches.CrossDeviceUserSegment recorded 1 samples, mean = 1.0 (flags = 0x41)
0  O                                                                         (0 = 0.0%)
1  -O                                                                        (1 = 100.0%) {0.0%}
2  O                                                                         (0 = 0.0%) {100.0%}

Histogram: SegmentationPlatform.DefaultModelDelivery.SegmentIdMatches.DatabaseApiClients recorded 1 samples, mean = 1.0 (flags = 0x41)
0  O                                                                         (0 = 0.0%)
1  -O                                                                        (1 = 100.0%) {0.0%}
2  O                                                                         (0 = 0.0%) {100.0%}

Histogram: SegmentationPlatform.DefaultModelDelivery.SegmentIdMatches.DeviceSwitcher recorded 1 samples, mean = 1.0 (flags = 0x41)
0  O                                                                         (0 = 0.0%)
1  -O                                                                        (1 = 100.0%) {0.0%}
2  O                                                                         (0 = 0.0%) {100.0%}

Histogram: SegmentationPlatform.DefaultModelDelivery.SegmentIdMatches.PasswordManagerUser recorded 1 samples, mean = 1.0 (flags = 0x41)
0  O                                                                         (0 = 0.0%)
1  -O                                                                        (1 = 100.0%) {0.0%}
2  O                                                                         (0 = 0.0%) {100.0%}

Histogram: SegmentationPlatform.DefaultModelDelivery.SegmentIdMatches.ResumeHeavyUserSegment recorded 1 samples, mean = 1.0 (flags = 0x41)
0  O                                                                         (0 = 0.0%)
1  -O                                                                        (1 = 100.0%) {0.0%}
2  O                                                                         (0 = 0.0%) {100.0%}

Histogram: SegmentationPlatform.DefaultModelDelivery.SegmentIdMatches.SearchUser recorded 1 samples, mean = 1.0 (flags = 0x41)
0  O                                                                         (0 = 0.0%)
1  -O                                                                        (1 = 100.0%) {0.0%}
2  O                                                                         (0 = 0.0%) {100.0%}

Histogram: SegmentationPlatform.DefaultModelDelivery.SegmentIdMatches.ShoppingUser recorded 1 samples, mean = 1.0 (flags = 0x41)
0  O                                                                         (0 = 0.0%)
1  -O                                                                        (1 = 100.0%) {0.0%}
2  O                                                                         (0 = 0.0%) {100.0%}

Histogram: SegmentationPlatform.DefaultModelDelivery.SegmentIdMatches.UrlVisitResumptionRanker recorded 1 samples, mean = 1.0 (flags = 0x41)
0  O                                                                         (0 = 0.0%)
1  -O                                                                        (1 = 100.0%) {0.0%}
2  O                                                                         (0 = 0.0%) {100.0%}

Histogram: SegmentationPlatform.DeviceSwitcher.PostProcessing.TopLabel.Computed recorded 1 samples (flags = 0x41)
7  -O                                                                        (1 = 100.0%)

Histogram: SegmentationPlatform.FeatureProcessing.Error.DeviceSwitcher recorded 1 samples, mean = 7.0 (flags = 0x41)
0  ... 
7  -O                                                                        (1 = 100.0%) {0.0%}
8  O                                                                         (0 = 0.0%) {100.0%}

Histogram: SegmentationPlatform.Init.CreationToInitializationLatency recorded 1 samples, mean = 2124.0 (flags = 0x41)
0     ... 
1901  -O                                                                        (1 = 100.0%) {0.0%}
2415  ... 

Histogram: SegmentationPlatform.Init.ModelUpdatedTimeDifferenceInDays.ChromeLowUserEngagement recorded 1 samples, mean = 2.0 (flags = 0x41)
0  ... 
2  -O                                                                        (1 = 100.0%) {0.0%}
3  ... 

Histogram: SegmentationPlatform.Init.ModelUpdatedTimeDifferenceInDays.ComposePromotion recorded 1 samples, mean = 2.0 (flags = 0x41)
0  ... 
2  -O                                                                        (1 = 100.0%) {0.0%}
3  ... 

Histogram: SegmentationPlatform.Init.ModelUpdatedTimeDifferenceInDays.CrossDeviceUserSegment recorded 1 samples, mean = 2.0 (flags = 0x41)
0  ... 
2  -O                                                                        (1 = 100.0%) {0.0%}
3  ... 

Histogram: SegmentationPlatform.Init.ModelUpdatedTimeDifferenceInDays.DatabaseApiClients recorded 1 samples, mean = 2.0 (flags = 0x41)
0  ... 
2  -O                                                                        (1 = 100.0%) {0.0%}
3  ... 

Histogram: SegmentationPlatform.Init.ModelUpdatedTimeDifferenceInDays.DeviceSwitcher recorded 1 samples, mean = 2.0 (flags = 0x41)
0  ... 
2  -O                                                                        (1 = 100.0%) {0.0%}
3  ... 

Histogram: SegmentationPlatform.Init.ModelUpdatedTimeDifferenceInDays.PasswordManagerUser recorded 1 samples, mean = 2.0 (flags = 0x41)
0  ... 
2  -O                                                                        (1 = 100.0%) {0.0%}
3  ... 

Histogram: SegmentationPlatform.Init.ModelUpdatedTimeDifferenceInDays.ResumeHeavyUserSegment recorded 1 samples, mean = 2.0 (flags = 0x41)
0  ... 
2  -O                                                                        (1 = 100.0%) {0.0%}
3  ... 

Histogram: SegmentationPlatform.Init.ModelUpdatedTimeDifferenceInDays.SearchUser recorded 1 samples, mean = 2.0 (flags = 0x41)
0  ... 
2  -O                                                                        (1 = 100.0%) {0.0%}
3  ... 

Histogram: SegmentationPlatform.Init.ModelUpdatedTimeDifferenceInDays.ShoppingUser recorded 1 samples, mean = 2.0 (flags = 0x41)
0  ... 
2  -O                                                                        (1 = 100.0%) {0.0%}
3  ... 

Histogram: SegmentationPlatform.Init.ModelUpdatedTimeDifferenceInDays.UrlVisitResumptionRanker recorded 1 samples, mean = 2.0 (flags = 0x41)
0  ... 
2  -O                                                                        (1 = 100.0%) {0.0%}
3  ... 

Histogram: SegmentationPlatform.Init.ProcessCreationToServiceCreationLatency recorded 1 samples, mean = 85689104.0 (flags = 0x41)
0       ... 
180000  -O                                                                        (1 = 100.0%) {0.0%}

Histogram: SegmentationPlatform.Maintenance.CleanupSignalSuccessCount recorded 1 samples, mean = 0.0 (flags = 0x41)
0  -O                                                                        (1 = 100.0%)
1  ... 

Histogram: SegmentationPlatform.Maintenance.SignalIdentifierCount recorded 1 samples, mean = 20.0 (flags = 0x41)
0   ... 
20  -O                                                                        (1 = 100.0%) {0.0%}
23  ... 

Histogram: SegmentationPlatform.ModelAvailability.ChromeLowUserEngagement recorded 1 samples, mean = 0.0 (flags = 0x41)
0  -O                                                                        (1 = 100.0%)
1  ... 

Histogram: SegmentationPlatform.ModelAvailability.ComposePromotion recorded 1 samples, mean = 0.0 (flags = 0x41)
0  -O                                                                        (1 = 100.0%)
1  ... 

Histogram: SegmentationPlatform.ModelAvailability.DeviceSwitcher recorded 1 samples, mean = 0.0 (flags = 0x41)
0  -O                                                                        (1 = 100.0%)
1  ... 

Histogram: SegmentationPlatform.ModelAvailability.SearchUser recorded 1 samples, mean = 0.0 (flags = 0x41)
0  -O                                                                        (1 = 100.0%)
1  ... 

Histogram: SegmentationPlatform.ModelAvailability.ShoppingUser recorded 1 samples, mean = 0.0 (flags = 0x41)
0  -O                                                                        (1 = 100.0%)
1  ... 

Histogram: SegmentationPlatform.ModelAvailability.UrlVisitResumptionRanker recorded 1 samples, mean = 0.0 (flags = 0x41)
0  -O                                                                        (1 = 100.0%)
1  ... 

Histogram: SegmentationPlatform.ModelAvailability.WebAppInstallationPromo recorded 1 samples, mean = 0.0 (flags = 0x41)
0  -O                                                                        (1 = 100.0%)
1  ... 

Histogram: SegmentationPlatform.ModelExecution.DefaultProvider.Status.DeviceSwitcher recorded 1 samples, mean = 0.0 (flags = 0x41)
0  -O                                                                        (1 = 100.0%)
1  ... 

Histogram: SegmentationPlatform.ModelExecution.Duration.Model.DeviceSwitcher.Success recorded 1 samples, mean = 0.0 (flags = 0x41)
0  -O                                                                        (1 = 100.0%)
1  ... 

Histogram: SegmentationPlatform.ModelExecution.Duration.Total.DeviceSwitcher.Success recorded 1 samples, mean = 60042.0 (flags = 0x41)
0      ... 
10000  -O                                                                        (1 = 100.0%) {0.0%}

Histogram: SegmentationPlatform.ModelExecution.Result.0.DeviceSwitcher recorded 1 samples, mean = 0.0 (flags = 0x41)
0  -O                                                                        (1 = 100.0%)
1  ... 

Histogram: SegmentationPlatform.ModelExecution.Result.1.DeviceSwitcher recorded 1 samples, mean = 0.0 (flags = 0x41)
0  -O                                                                        (1 = 100.0%)
1  ... 

Histogram: SegmentationPlatform.ModelExecution.Result.2.DeviceSwitcher recorded 1 samples, mean = 0.0 (flags = 0x41)
0  -O                                                                        (1 = 100.0%)
1  ... 

Histogram: SegmentationPlatform.ModelExecution.Result.3.DeviceSwitcher recorded 1 samples, mean = 0.0 (flags = 0x41)
0  -O                                                                        (1 = 100.0%)
1  ... 

Histogram: SegmentationPlatform.ModelExecution.Result.4.DeviceSwitcher recorded 1 samples, mean = 0.0 (flags = 0x41)
0  -O                                                                        (1 = 100.0%)
1  ... 

Histogram: SegmentationPlatform.ModelExecution.Result.5.DeviceSwitcher recorded 1 samples, mean = 0.0 (flags = 0x41)
0  -O                                                                        (1 = 100.0%)
1  ... 

Histogram: SegmentationPlatform.ModelExecution.Result.6.DeviceSwitcher recorded 1 samples, mean = 0.0 (flags = 0x41)
0  -O                                                                        (1 = 100.0%)
1  ... 

Histogram: SegmentationPlatform.ModelExecution.Result.7.DeviceSwitcher recorded 1 samples, mean = 100.0 (flags = 0x41)
0    ... 
100  -O                                                                        (1 = 100.0%) {0.0%}
101  O                                                                         (0 = 0.0%) {100.0%}

Histogram: SegmentationPlatform.ModelExecution.ZeroValuePercent.DeviceSwitcher recorded 1 samples, mean = 90.0 (flags = 0x41)
0   ... 
90  -O                                                                        (1 = 100.0%) {0.0%}
91  ... 

Histogram: SegmentationPlatform.SegmentInfoDatabase.ProtoDBUpdateResult.ChromeLowUserEngagement recorded 1 samples, mean = 1.0 (flags = 0x41)
0  O                                                                         (0 = 0.0%)
1  -O                                                                        (1 = 100.0%) {0.0%}
2  O                                                                         (0 = 0.0%) {100.0%}

Histogram: SegmentationPlatform.SegmentInfoDatabase.ProtoDBUpdateResult.ComposePromotion recorded 1 samples, mean = 1.0 (flags = 0x41)
0  O                                                                         (0 = 0.0%)
1  -O                                                                        (1 = 100.0%) {0.0%}
2  O                                                                         (0 = 0.0%) {100.0%}

Histogram: SegmentationPlatform.SegmentInfoDatabase.ProtoDBUpdateResult.CrossDeviceUserSegment recorded 1 samples, mean = 1.0 (flags = 0x41)
0  O                                                                         (0 = 0.0%)
1  -O                                                                        (1 = 100.0%) {0.0%}
2  O                                                                         (0 = 0.0%) {100.0%}

Histogram: SegmentationPlatform.SegmentInfoDatabase.ProtoDBUpdateResult.DatabaseApiClients recorded 1 samples, mean = 1.0 (flags = 0x41)
0  O                                                                         (0 = 0.0%)
1  -O                                                                        (1 = 100.0%) {0.0%}
2  O                                                                         (0 = 0.0%) {100.0%}

Histogram: SegmentationPlatform.SegmentInfoDatabase.ProtoDBUpdateResult.DeviceSwitcher recorded 1 samples, mean = 1.0 (flags = 0x41)
0  O                                                                         (0 = 0.0%)
1  -O                                                                        (1 = 100.0%) {0.0%}
2  O                                                                         (0 = 0.0%) {100.0%}

Histogram: SegmentationPlatform.SegmentInfoDatabase.ProtoDBUpdateResult.PasswordManagerUser recorded 1 samples, mean = 1.0 (flags = 0x41)
0  O                                                                         (0 = 0.0%)
1  -O                                                                        (1 = 100.0%) {0.0%}
2  O                                                                         (0 = 0.0%) {100.0%}

Histogram: SegmentationPlatform.SegmentInfoDatabase.ProtoDBUpdateResult.ResumeHeavyUserSegment recorded 1 samples, mean = 1.0 (flags = 0x41)
0  O                                                                         (0 = 0.0%)
1  -O                                                                        (1 = 100.0%) {0.0%}
2  O                                                                         (0 = 0.0%) {100.0%}

Histogram: SegmentationPlatform.SegmentInfoDatabase.ProtoDBUpdateResult.SearchUser recorded 1 samples, mean = 1.0 (flags = 0x41)
0  O                                                                         (0 = 0.0%)
1  -O                                                                        (1 = 100.0%) {0.0%}
2  O                                                                         (0 = 0.0%) {100.0%}

Histogram: SegmentationPlatform.SegmentInfoDatabase.ProtoDBUpdateResult.ShoppingUser recorded 1 samples, mean = 1.0 (flags = 0x41)
0  O                                                                         (0 = 0.0%)
1  -O                                                                        (1 = 100.0%) {0.0%}
2  O                                                                         (0 = 0.0%) {100.0%}

Histogram: SegmentationPlatform.SegmentInfoDatabase.ProtoDBUpdateResult.UrlVisitResumptionRanker recorded 1 samples, mean = 1.0 (flags = 0x41)
0  O                                                                         (0 = 0.0%)
1  -O                                                                        (1 = 100.0%) {0.0%}
2  O                                                                         (0 = 0.0%) {100.0%}

Histogram: SegmentationPlatform.SegmentInfoDatabase.ProtoDBUpdateResult.WebAppInstallationPromo recorded 1 samples, mean = 1.0 (flags = 0x41)
0  O                                                                         (0 = 0.0%)
1  -O                                                                        (1 = 100.0%) {0.0%}
2  O                                                                         (0 = 0.0%) {100.0%}

Histogram: SegmentationPlatform.SelectionFailedReason.ChromeLowUserEngagement recorded 2 samples, mean = 14.5 (flags = 0x41)
0   ... 
12  -O                                                                        (1 = 50.0%) {0.0%}
13  ... 
17  -O                                                                        (1 = 50.0%) {50.0%}
18  ... 

Histogram: SegmentationPlatform.SelectionFailedReason.ComposePromotion recorded 1 samples, mean = 17.0 (flags = 0x41)
0   ... 
17  -O                                                                        (1 = 100.0%) {0.0%}
18  ... 

Histogram: SegmentationPlatform.SelectionFailedReason.CrossDeviceUser recorded 3 samples, mean = 20.3 (flags = 0x41)
0   ... 
16  -O                                                                        (1 = 33.3%) {0.0%}
17  O                                                                         (0 = 0.0%) {33.3%}
18  -O                                                                        (1 = 33.3%) {33.3%}
19  ... 
27  -O                                                                        (1 = 33.3%) {66.7%}
28  ... 

Histogram: SegmentationPlatform.SelectionFailedReason.DatabaseApiClients recorded 1 samples, mean = 17.0 (flags = 0x41)
0   ... 
17  -O                                                                        (1 = 100.0%) {0.0%}
18  ... 

Histogram: SegmentationPlatform.SelectionFailedReason.DeviceSwitcher recorded 2 samples, mean = 19.0 (flags = 0x41)
0   ... 
17  -O                                                                        (1 = 50.0%) {0.0%}
18  ... 
21  -O                                                                        (1 = 50.0%) {50.0%}
22  ... 

Histogram: SegmentationPlatform.SelectionFailedReason.PasswordManagerUser recorded 2 samples, mean = 14.5 (flags = 0x41)
0   ... 
12  -O                                                                        (1 = 50.0%) {0.0%}
13  ... 
17  -O                                                                        (1 = 50.0%) {50.0%}
18  ... 

Histogram: SegmentationPlatform.SelectionFailedReason.ResumeHeavyUser recorded 2 samples, mean = 14.5 (flags = 0x41)
0   ... 
12  -O                                                                        (1 = 50.0%) {0.0%}
13  ... 
17  -O                                                                        (1 = 50.0%) {50.0%}
18  ... 

Histogram: SegmentationPlatform.SelectionFailedReason.SearchUser recorded 2 samples, mean = 14.5 (flags = 0x41)
0   ... 
12  -O                                                                        (1 = 50.0%) {0.0%}
13  ... 
17  -O                                                                        (1 = 50.0%) {50.0%}
18  ... 

Histogram: SegmentationPlatform.SelectionFailedReason.ShoppingUser recorded 3 samples, mean = 20.3 (flags = 0x41)
0   ... 
16  -O                                                                        (1 = 33.3%) {0.0%}
17  O                                                                         (0 = 0.0%) {33.3%}
18  -O                                                                        (1 = 33.3%) {33.3%}
19  ... 
27  -O                                                                        (1 = 33.3%) {66.7%}
28  ... 

Histogram: SegmentationPlatform.SelectionFailedReason.URLVisitResumptionRanker recorded 1 samples, mean = 17.0 (flags = 0x41)
0   ... 
17  -O                                                                        (1 = 100.0%) {0.0%}
18  ... 

Histogram: SegmentationPlatform.SelectionFailedReason.WebAppInstallationPromo recorded 3 samples, mean = 17.3 (flags = 0x41)
0   ... 
11  -O                                                                        (1 = 33.3%) {0.0%}
12  ... 
17  -O                                                                        (1 = 33.3%) {33.3%}
18  ... 
24  -O                                                                        (1 = 33.3%) {66.7%}
25  ... 

Histogram: SegmentationPlatform.ShoppingUser.PostProcessing.TopLabel.Computed recorded 1 samples (flags = 0x41)
0  -O                                                                        (1 = 100.0%)

Histogram: SegmentationPlatform.Signals.ListeningCount.HistogramEnum recorded 1 samples, mean = 7.0 (flags = 0x41)
0  ... 
7  -O                                                                        (1 = 100.0%) {0.0%}
8  ... 

Histogram: SegmentationPlatform.Signals.ListeningCount.HistogramValue recorded 1 samples, mean = 6.0 (flags = 0x41)
0  ... 
6  -O                                                                        (1 = 100.0%) {0.0%}
7  ... 

Histogram: SegmentationPlatform.Signals.ListeningCount.UserAction recorded 1 samples, mean = 7.0 (flags = 0x41)
0  ... 
7  -O                                                                        (1 = 100.0%) {0.0%}
8  ... 

Histogram: SegmentationPlatform.SyncSessions.TabsCountAtStartup recorded 1 samples, mean = 0.0 (flags = 0x41)
0  -O                                                                        (1 = 100.0%)
1  ... 

Histogram: SegmentationPlatform.UkmDatabase.InitTime recorded 1 samples, mean = 0.0 (flags = 0x41)
0  -O                                                                        (1 = 100.0%)
1  ... 

Histogram: SegmentationPlatform.WebAppInstallationPromo.PostProcessing.TopLabel.Computed recorded 1 samples (flags = 0x41)
-2 -O                                                                        (1 = 100.0%)

Histogram: ServiceWorker.FindRegistrationForClientUrl.IsCalledForNavigation recorded 5 samples, mean = 0.2 (flags = 0x41)
0  ----O                                                                     (4 = 80.0%)
1  -O                                                                        (1 = 20.0%) {80.0%}
2  O                                                                         (0 = 0.0%) {100.0%}

Histogram: ServiceWorker.FindRegistrationForClientUrl.SkippedMojoCall.OnNavigation recorded 1 samples, mean = 0.0 (flags = 0x41)
0  -O                                                                        (1 = 100.0%)
1  ... 

Histogram: ServiceWorker.OnBrowserStartup.SkipServiceWorkerOnFirstNavigation recorded 1 samples, mean = 0.0 (flags = 0x41)
0  -O                                                                        (1 = 100.0%)
1  ... 

Histogram: ServiceWorker.RegisteredStorageKeyCount recorded 1 samples, mean = 0.0 (flags = 0x41)
0  -O                                                                        (1 = 100.0%)
1  ... 

Histogram: ServiceWorker.Storage.ReadInitialDataFromDB.Time recorded 1 samples, mean = 0.0 (flags = 0x41)
0  -O                                                                        (1 = 100.0%)
1  ... 

Histogram: ServiceWorker.Storage.RegisteredStorageKeyCacheInitialization.Time recorded 1 samples, mean = 1796.0 (flags = 0x41)
0     ... 
1496  -O                                                                        (1 = 100.0%) {0.0%}
1901  ... 

Histogram: SessionRestore.UnrecoverableWriteErrorCount recorded 1 samples, mean = 0.0 (flags = 0x41)
0  -O                                                                        (1 = 100.0%)
1  ... 

Histogram: SessionStorageContext.CommitResult recorded 2 samples, mean = 0.0 (flags = 0x41)
0  --O                                                                       (2 = 100.0%)
1  ... 

Histogram: Settings.AdvancedSpellcheck.OnStartup2 recorded 1 samples, mean = 0.0 (flags = 0x41)
0  -O                                                                        (1 = 100.0%)
1  ... 

Histogram: Settings.AutocompleteSearches.OnStartup2 recorded 1 samples, mean = 1.0 (flags = 0x41)
0  O                                                                         (0 = 0.0%)
1  -O                                                                        (1 = 100.0%) {0.0%}
2  O                                                                         (0 = 0.0%) {100.0%}

Histogram: Settings.FingerprintingProtection.Enabled recorded 1 samples, mean = 0.0 (flags = 0x41)
0  -O                                                                        (1 = 100.0%)
1  ... 

Histogram: Settings.FirstPartySets.State recorded 1 samples, mean = 0.0 (flags = 0x41)
0  -O                                                                        (1 = 100.0%)
1  ... 

Histogram: Settings.IpProtection.Enabled recorded 1 samples, mean = 0.0 (flags = 0x41)
0  -O                                                                        (1 = 100.0%)
1  ... 

Histogram: Settings.PreloadStatus.OnStartup3 recorded 1 samples, mean = 1.0 (flags = 0x41)
0  O                                                                         (0 = 0.0%)
1  -O                                                                        (1 = 100.0%) {0.0%}
2  ... 

Histogram: Settings.PrivacySandbox.AdMeasurement.Enabled recorded 1 samples, mean = 0.0 (flags = 0x41)
0  -O                                                                        (1 = 100.0%)
1  ... 

Histogram: Settings.PrivacySandbox.Fledge.Enabled recorded 1 samples, mean = 0.0 (flags = 0x41)
0  -O                                                                        (1 = 100.0%)
1  ... 

Histogram: Settings.PrivacySandbox.Topics.Enabled recorded 1 samples, mean = 0.0 (flags = 0x41)
0  -O                                                                        (1 = 100.0%)
1  ... 

Histogram: Settings.ShowHomeButton2 recorded 1 samples, mean = 0.0 (flags = 0x41)
0  -O                                                                        (1 = 100.0%)
1  ... 

Histogram: Settings.StartupPageLoadSettings2 recorded 1 samples, mean = 5.0 (flags = 0x41)
0  ... 
5  -O                                                                        (1 = 100.0%) {0.0%}
6  ... 

Histogram: Settings.TrackedPreferenceUnchanged recorded 18 samples, mean = 14.5 (flags = 0x41)
0   -O                                                                        (1 = 5.6%)
1   -O                                                                        (1 = 5.6%) {5.6%}
2   -O                                                                        (1 = 5.6%) {11.1%}
3   -O                                                                        (1 = 5.6%) {16.7%}
4   -O                                                                        (1 = 5.6%) {22.2%}
5   -O                                                                        (1 = 5.6%) {27.8%}
6   -O                                                                        (1 = 5.6%) {33.3%}
7   -O                                                                        (1 = 5.6%) {38.9%}
8   ... 
11  -O                                                                        (1 = 5.6%) {44.4%}
12  ... 
14  -O                                                                        (1 = 5.6%) {50.0%}
15  -O                                                                        (1 = 5.6%) {55.6%}
16  ... 
18  -O                                                                        (1 = 5.6%) {61.1%}
19  ... 
23  -O                                                                        (1 = 5.6%) {66.7%}
24  -O                                                                        (1 = 5.6%) {72.2%}
25  ... 
29  -O                                                                        (1 = 5.6%) {77.8%}
30  ... 
32  -O                                                                        (1 = 5.6%) {83.3%}
33  -O                                                                        (1 = 5.6%) {88.9%}
34  -O                                                                        (1 = 5.6%) {94.4%}
35  O                                                                         (0 = 0.0%) {100.0%}

Histogram: Settings.TrackedPreferenceUnchanged.FromRegistry recorded 18 samples, mean = 14.5 (flags = 0x41)
0   -O                                                                        (1 = 5.6%)
1   -O                                                                        (1 = 5.6%) {5.6%}
2   -O                                                                        (1 = 5.6%) {11.1%}
3   -O                                                                        (1 = 5.6%) {16.7%}
4   -O                                                                        (1 = 5.6%) {22.2%}
5   -O                                                                        (1 = 5.6%) {27.8%}
6   -O                                                                        (1 = 5.6%) {33.3%}
7   -O                                                                        (1 = 5.6%) {38.9%}
8   ... 
11  -O                                                                        (1 = 5.6%) {44.4%}
12  ... 
14  -O                                                                        (1 = 5.6%) {50.0%}
15  -O                                                                        (1 = 5.6%) {55.6%}
16  ... 
18  -O                                                                        (1 = 5.6%) {61.1%}
19  ... 
23  -O                                                                        (1 = 5.6%) {66.7%}
24  -O                                                                        (1 = 5.6%) {72.2%}
25  ... 
29  -O                                                                        (1 = 5.6%) {77.8%}
30  ... 
32  -O                                                                        (1 = 5.6%) {83.3%}
33  -O                                                                        (1 = 5.6%) {88.9%}
34  -O                                                                        (1 = 5.6%) {94.4%}
35  O                                                                         (0 = 0.0%) {100.0%}

Histogram: Settings.TrackingProtection.Enabled recorded 1 samples, mean = 0.0 (flags = 0x41)
0  -O                                                                        (1 = 100.0%)
1  ... 

Histogram: SharedDictionary.TimeInitializeDB recorded 1 samples, mean = 1.0 (flags = 0x41)
0  O                                                                         (0 = 0.0%)
1  -O                                                                        (1 = 100.0%) {0.0%}
2  ... 

Histogram: Signin.APIKeyMatchesFeatureOnStartup recorded 3 samples, mean = 0.0 (flags = 0x41)
0  ---O                                                                      (3 = 100.0%)
1  ... 

Histogram: Signin.AccountTracker.CountOfLoadedAccounts recorded 1 samples, mean = 0.0 (flags = 0x41)
0  -O                                                                        (1 = 100.0%)
1  ... 

Histogram: Signin.ExplicitSigninMigration recorded 1 samples, mean = 0.0 (flags = 0x41)
0  -O                                                                        (1 = 100.0%)
1  ... 

Histogram: Signin.HadPreviousSyncAccount.SignedOutOnProfileLoad recorded 1 samples, mean = 0.0 (flags = 0x41)
0  -O                                                                        (1 = 100.0%)
1  ... 

Histogram: Signin.HadPreviousSyncAccount.SyncOffOnProfileLoad recorded 1 samples, mean = 0.0 (flags = 0x41)
0  -O                                                                        (1 = 100.0%)
1  ... 

Histogram: Signin.ListAccountsFailure recorded 1 samples, mean = 0.0 (flags = 0x41)
0  -O                                                                        (1 = 100.0%)
1  ... 

Histogram: Signin.PAMInitialize.PrimaryAccountPrefs recorded 1 samples, mean = 2.0 (flags = 0x41)
0  ... 
2  -O                                                                        (1 = 100.0%) {0.0%}
3  ... 

Histogram: Signin.SigninAllowed recorded 1 samples, mean = 0.0 (flags = 0x41)
0  -O                                                                        (1 = 100.0%)
1  ... 

Histogram: Signin.TokenTable.GetAllTokensSqlStatementValidity recorded 1 samples, mean = 1.0 (flags = 0x41)
0  O                                                                         (0 = 0.0%)
1  -O                                                                        (1 = 100.0%) {0.0%}
2  O                                                                         (0 = 0.0%) {100.0%}

Histogram: SimpleCache.App.CacheSizeOnInit recorded 1 samples, mean = 0.0 (flags = 0x41)
0  -O                                                                        (1 = 100.0%)
1000... 

Histogram: SimpleCache.App.ConsistencyResult recorded 1 samples, mean = 0.0 (flags = 0x41)
0  -O                                                                        (1 = 100.0%)
1  ... 

Histogram: SimpleCache.App.CreationToIndex recorded 1 samples, mean = 1.0 (flags = 0x41)
0  O                                                                         (0 = 0.0%)
1  -O                                                                        (1 = 100.0%) {0.0%}
2  ... 

Histogram: SimpleCache.App.IndexFileStateOnLoad recorded 1 samples, mean = 2.0 (flags = 0x41)
0  ... 
2  -O                                                                        (1 = 100.0%) {0.0%}
3  ... 

Histogram: SimpleCache.App.IndexInitializeMethod recorded 1 samples, mean = 1.0 (flags = 0x41)
0  O                                                                         (0 = 0.0%)
1  -O                                                                        (1 = 100.0%) {0.0%}
2  ... 

Histogram: SimpleCache.App.IndexNumEntriesOnInit recorded 1 samples, mean = 0.0 (flags = 0x41)
0  -O                                                                        (1 = 100.0%)
1  ... 

Histogram: SimpleCache.App.MaxCacheSizeOnInit recorded 1 samples, mean = 0.0 (flags = 0x41)
0  -O                                                                        (1 = 100.0%)
1000... 

Histogram: SimpleCache.Code.CacheSizeOnInit recorded 1 samples, mean = 3631.0 (flags = 0x41)
0     ... 
3206  -O                                                                        (1 = 100.0%) {0.0%}
3649  ... 

Histogram: SimpleCache.Code.ConsistencyResult recorded 1 samples, mean = 0.0 (flags = 0x41)
0  -O                                                                        (1 = 100.0%)
1  ... 

Histogram: SimpleCache.Code.CreationToIndex recorded 1 samples, mean = 0.0 (flags = 0x41)
0  -O                                                                        (1 = 100.0%)
1  ... 

Histogram: SimpleCache.Code.DiskCloseLatency recorded 28 samples, mean = 0.0 (flags = 0x41)
0  ---------------------------O                                              (27 = 96.4%)
1  -O                                                                        (1 = 3.6%) {96.4%}
2  ... 

Histogram: SimpleCache.Code.DiskCreateLatency recorded 1 samples, mean = 0.0 (flags = 0x40)
0  -O                                                                        (1 = 100.0%)
1  ... 

Histogram: SimpleCache.Code.DiskDoomLatency recorded 1 samples, mean = 0.0 (flags = 0x41)
0  -O                                                                        (1 = 100.0%)
1  ... 

Histogram: SimpleCache.Code.DiskOpenLatency recorded 27 samples, mean = 0.0 (flags = 0x41)
0  ---------------------------O                                              (27 = 100.0%)
1  ... 

Histogram: SimpleCache.Code.EntryCreationTime recorded 28 samples, mean = 0.0 (flags = 0x41)
0  ----------------------------O                                             (28 = 100.0%)
1  ... 

Histogram: SimpleCache.Code.HeaderSize recorded 3 samples, mean = 221.3 (flags = 0x41)
0    ... 
34   --O                                                                       (2 = 66.7%) {0.0%}
40   ... 
533  -O                                                                        (1 = 33.3%) {66.7%}
633  ... 

Histogram: SimpleCache.Code.IndexFileStateOnLoad recorded 1 samples, mean = 2.0 (flags = 0x41)
0  ... 
2  -O                                                                        (1 = 100.0%) {0.0%}
3  ... 

Histogram: SimpleCache.Code.IndexInitializeMethod recorded 1 samples, mean = 1.0 (flags = 0x41)
0  O                                                                         (0 = 0.0%)
1  -O                                                                        (1 = 100.0%) {0.0%}
2  ... 

Histogram: SimpleCache.Code.IndexNumEntriesOnInit recorded 1 samples, mean = 54.0 (flags = 0x41)
0   ... 
49  -O                                                                        (1 = 100.0%) {0.0%}
61  ... 

Histogram: SimpleCache.Code.MaxCacheSizeOnInit recorded 1 samples, mean = 211781.0 (flags = 0x41)
0       ... 
201998  -O                                                                        (1 = 100.0%) {0.0%}
229921  ... 

Histogram: SimpleCache.Code.OpenEntryIndexState recorded 32 samples, mean = 1.8 (flags = 0x41)
0  O                                                                         (0 = 0.0%)
1  -----O                                                                    (5 = 15.6%) {0.0%}
2  ---------------------------O                                              (27 = 84.4%) {15.6%}
3  O                                                                         (0 = 0.0%) {100.0%}

Histogram: SimpleCache.Code.SyncCheckEOFResult recorded 35 samples, mean = 0.0 (flags = 0x40)
0  -----------------------------------O                                      (35 = 100.0%)
1  ... 

Histogram: SimpleCache.Code.SyncCloseResult recorded 28 samples, mean = 0.0 (flags = 0x40)
0  ----------------------------O                                             (28 = 100.0%)
1  ... 

Histogram: SimpleCache.Code.SyncOpenPrefetchMode recorded 27 samples, mean = 0.0 (flags = 0x41)
0  ---------------------------O                                              (27 = 100.0%)
1  ... 

Histogram: SimpleCache.Code.SyncOpenResult recorded 27 samples, mean = 0.0 (flags = 0x40)
0  ---------------------------O                                              (27 = 100.0%)
1  ... 

Histogram: SiteEngagementService.EngagementScore recorded 1 samples, mean = 21.0 (flags = 0x41)
0   ... 
21  -O                                                                        (1 = 100.0%) {0.0%}
22  ... 

Histogram: SiteEngagementService.EngagementType recorded 1 samples, mean = 0.0 (flags = 0x41)
0  -O                                                                        (1 = 100.0%)
1  ... 

Histogram: SiteEngagementService.MeanEngagement recorded 1 samples, mean = 21.0 (flags = 0x41)
0   ... 
21  -O                                                                        (1 = 100.0%) {0.0%}
22  ... 

Histogram: SiteEngagementService.MedianEngagement recorded 1 samples, mean = 21.0 (flags = 0x41)
0   ... 
21  -O                                                                        (1 = 100.0%) {0.0%}
22  ... 

Histogram: SiteEngagementService.OriginsEngaged recorded 1 samples, mean = 1.0 (flags = 0x41)
0  O                                                                         (0 = 0.0%)
1  -O                                                                        (1 = 100.0%) {0.0%}
2  ... 

Histogram: SiteIsolatedCodeCache.JS.Behaviour recorded 33 samples, mean = 0.5 (flags = 0x41)
0  -------------------------O                                                (25 = 75.8%)
1  ----O                                                                     (4 = 12.1%) {75.8%}
2  -O                                                                        (1 = 3.0%) {87.9%}
3  --O                                                                       (2 = 6.1%) {90.9%}
4  -O                                                                        (1 = 3.0%) {97.0%}
5  ... 

Histogram: SiteIsolatedCodeCache.JS.FetchCodeCache recorded 21 samples, mean = 0.0 (flags = 0x41)
0  --------------------O                                                     (20 = 95.2%)
1  -O                                                                        (1 = 4.8%) {95.2%}
2  ... 

Histogram: SiteIsolatedCodeCache.JS.Hit recorded 25 samples, mean = 0.8 (flags = 0x41)
0  ----O                                                                     (4 = 16.0%)
1  ---------------------O                                                    (21 = 84.0%) {16.0%}
2  O                                                                         (0 = 0.0%) {100.0%}

Histogram: SiteIsolatedCodeCache.JS.PotentialMemoryBackedCodeCacheHit recorded 25 samples, mean = 0.0 (flags = 0x41)
0  -------------------------O                                                (25 = 100.0%)
1  ... 

Histogram: SiteIsolatedCodeCache.JS.PotentialMemoryBackedCodeCacheSize2 recorded 14 samples, mean = 1186036.0 (flags = 0x41)
0       ... 
977583  --------------O                                                           (14 = 100.0%) {0.0%}
1404020 ... 

Histogram: SiteIsolatedCodeCache.WASM.Behaviour recorded 3 samples, mean = 1.0 (flags = 0x41)
0  O                                                                         (0 = 0.0%)
1  ---O                                                                      (3 = 100.0%) {0.0%}
2  ... 

Histogram: SiteIsolation.BrowsingInstance.MaxCountPerProcess recorded 3 samples, mean = 0.7 (flags = 0x41)
0  -O                                                                        (1 = 33.3%)
1  --O                                                                       (2 = 66.7%) {33.3%}
2  ... 

Histogram: SiteIsolation.NewProcessUsedForNavigationWhenSameSiteProcessExists recorded 1 samples, mean = 0.0 (flags = 0x41)
0  -O                                                                        (1 = 100.0%)
1  ... 

Histogram: SiteIsolation.ProcessPerSiteWithMainFrameThreshold.IsDevToolsUser recorded 1 samples, mean = 0.0 (flags = 0x41)
0  -O                                                                        (1 = 100.0%)
1  ... 

Histogram: Skia.SubmitRenderPasses recorded 21 samples, mean = 1.1 (flags = 0x41)
0  ------------O                                                             (12 = 57.1%)
1  ---O                                                                      (3 = 14.3%) {57.1%}
2  -O                                                                        (1 = 4.8%) {71.4%}
3  -O                                                                        (1 = 4.8%) {76.2%}
4  ----O                                                                     (4 = 19.0%) {81.0%}
5  ... 

Histogram: Sql.Statement.Affiliation.VMSteps recorded 15 samples, mean = 15.5 (flags = 0x41)
0   ... 
3   ----O                                                                     (4 = 26.7%) {0.0%}
4   O                                                                         (0 = 0.0%) {26.7%}
5   -O                                                                        (1 = 6.7%) {26.7%}
6   -O                                                                        (1 = 6.7%) {33.3%}
7   ... 
12  -----O                                                                    (5 = 33.3%) {40.0%}
14  ... 
20  -O                                                                        (1 = 6.7%) {73.3%}
24  O                                                                         (0 = 0.0%) {80.0%}
29  -O                                                                        (1 = 6.7%) {80.0%}
34  O                                                                         (0 = 0.0%) {86.7%}
40  -O                                                                        (1 = 6.7%) {86.7%}
48  -O                                                                        (1 = 6.7%) {93.3%}
57  ... 

Histogram: Sql.Statement.BrowsingTopics.VMSteps recorded 12 samples, mean = 8.0 (flags = 0x41)
0   ... 
3   ----O                                                                     (4 = 33.3%) {0.0%}
4   O                                                                         (0 = 0.0%) {33.3%}
5   -O                                                                        (1 = 8.3%) {33.3%}
6   ... 
8   --O                                                                       (2 = 16.7%) {41.7%}
10  O                                                                         (0 = 0.0%) {58.3%}
12  -----O                                                                    (5 = 41.7%) {58.3%}
14  ... 

Histogram: Sql.Statement.Cookie.VMSteps recorded 29 samples, mean = 18.9 (flags = 0x41)
0   ... 
3   ------O                                                                   (6 = 20.7%) {0.0%}
4   O                                                                         (0 = 0.0%) {20.7%}
5   --O                                                                       (2 = 6.9%) {20.7%}
6   O                                                                         (0 = 0.0%) {27.6%}
7   -O                                                                        (1 = 3.4%) {27.6%}
8   O                                                                         (0 = 0.0%) {31.0%}
10  -O                                                                        (1 = 3.4%) {31.0%}
12  ----------O                                                               (10 = 34.5%) {34.5%}
14  ... 
20  --O                                                                       (2 = 6.9%) {69.0%}
24  -O                                                                        (1 = 3.4%) {75.9%}
29  O                                                                         (0 = 0.0%) {79.3%}
34  -O                                                                        (1 = 3.4%) {79.3%}
40  O                                                                         (0 = 0.0%) {82.8%}
48  ---O                                                                      (3 = 10.3%) {82.8%}
57  --O                                                                       (2 = 6.9%) {93.1%}
68  ... 

Histogram: Sql.Statement.DIPS.VMSteps recorded 28 samples, mean = 11.4 (flags = 0x41)
0   ... 
3   --O                                                                       (2 = 7.1%) {0.0%}
4   O                                                                         (0 = 0.0%) {7.1%}
5   -O                                                                        (1 = 3.6%) {7.1%}
6   ... 
8   -------O                                                                  (7 = 25.0%) {10.7%}
10  ---O                                                                      (3 = 10.7%) {35.7%}
12  ----------O                                                               (10 = 35.7%) {46.4%}
14  --O                                                                       (2 = 7.1%) {82.1%}
17  -O                                                                        (1 = 3.6%) {89.3%}
20  -O                                                                        (1 = 3.6%) {92.9%}
24  -O                                                                        (1 = 3.6%) {96.4%}
29  ... 

Histogram: Sql.Statement.FirstPartySets.VMSteps recorded 31 samples, mean = 9.2 (flags = 0x41)
0   ... 
3   ----------O                                                               (10 = 32.3%) {0.0%}
4   O                                                                         (0 = 0.0%) {32.3%}
5   -O                                                                        (1 = 3.2%) {32.3%}
6   ... 
8   ----O                                                                     (4 = 12.9%) {35.5%}
10  ---O                                                                      (3 = 9.7%) {48.4%}
12  -----------O                                                              (11 = 35.5%) {58.1%}
14  ... 
20  -O                                                                        (1 = 3.2%) {93.5%}
24  -O                                                                        (1 = 3.2%) {96.8%}
29  ... 

Histogram: Sql.Statement.History.VMSteps recorded 134 samples, mean = 23.6 (flags = 0x41)
0    ... 
3    ------O                                                                   (6 = 4.5%) {0.0%}
4    O                                                                         (0 = 0.0%) {4.5%}
5    -O                                                                        (1 = 0.7%) {4.5%}
6    --O                                                                       (2 = 1.5%) {5.2%}
7    O                                                                         (0 = 0.0%) {6.7%}
8    ----O                                                                     (4 = 3.0%) {6.7%}
10   ----O                                                                     (4 = 3.0%) {9.7%}
12   ----------------------------------O                                       (34 = 25.4%) {12.7%}
14   ---O                                                                      (3 = 2.2%) {38.1%}
17   ----------------------------O                                             (28 = 20.9%) {40.3%}
20   ---------------------------O                                              (27 = 20.1%) {61.2%}
24   --------O                                                                 (8 = 6.0%) {81.3%}
29   ---O                                                                      (3 = 2.2%) {87.3%}
34   -O                                                                        (1 = 0.7%) {89.6%}
40   -O                                                                        (1 = 0.7%) {90.3%}
48   -O                                                                        (1 = 0.7%) {91.0%}
57   -O                                                                        (1 = 0.7%) {91.8%}
68   -----O                                                                    (5 = 3.7%) {92.5%}
81   -O                                                                        (1 = 0.7%) {96.3%}
96   -O                                                                        (1 = 0.7%) {97.0%}
114  O                                                                         (0 = 0.0%) {97.8%}
135  ---O                                                                      (3 = 2.2%) {97.8%}
160  ... 

Histogram: Sql.Statement.OptOutBlacklist.VMSteps recorded 4 samples, mean = 10.8 (flags = 0x41)
0   ... 
5   -O                                                                        (1 = 25.0%) {0.0%}
6   O                                                                         (0 = 0.0%) {25.0%}
7   -O                                                                        (1 = 25.0%) {25.0%}
8   O                                                                         (0 = 0.0%) {50.0%}
10  -O                                                                        (1 = 25.0%) {50.0%}
12  ... 
20  -O                                                                        (1 = 25.0%) {75.0%}
24  ... 

Histogram: Sql.Statement.Passwords.VMSteps recorded 51 samples, mean = 24.6 (flags = 0x41)
0   ... 
3   ----O                                                                     (4 = 7.8%) {0.0%}
4   O                                                                         (0 = 0.0%) {7.8%}
5   --O                                                                       (2 = 3.9%) {7.8%}
6   ------O                                                                   (6 = 11.8%) {11.8%}
7   ----O                                                                     (4 = 7.8%) {23.5%}
8   ---O                                                                      (3 = 5.9%) {31.4%}
10  O                                                                         (0 = 0.0%) {37.3%}
12  ------------O                                                             (12 = 23.5%) {37.3%}
14  --O                                                                       (2 = 3.9%) {60.8%}
17  O                                                                         (0 = 0.0%) {64.7%}
20  --O                                                                       (2 = 3.9%) {64.7%}
24  ... 
34  --O                                                                       (2 = 3.9%) {68.6%}
40  ----O                                                                     (4 = 7.8%) {72.5%}
48  O                                                                         (0 = 0.0%) {80.4%}
57  ----O                                                                     (4 = 7.8%) {80.4%}
68  ------O                                                                   (6 = 11.8%) {88.2%}
81  ... 

Histogram: Sql.Statement.Predictor.VMSteps recorded 15 samples, mean = 15.4 (flags = 0x41)
0   ... 
3   --O                                                                       (2 = 13.3%) {0.0%}
4   O                                                                         (0 = 0.0%) {13.3%}
5   -O                                                                        (1 = 6.7%) {13.3%}
6   ---O                                                                      (3 = 20.0%) {20.0%}
7   O                                                                         (0 = 0.0%) {40.0%}
8   -O                                                                        (1 = 6.7%) {40.0%}
10  --O                                                                       (2 = 13.3%) {46.7%}
12  -O                                                                        (1 = 6.7%) {60.0%}
14  -O                                                                        (1 = 6.7%) {66.7%}
17  ... 
24  -O                                                                        (1 = 6.7%) {73.3%}
29  -O                                                                        (1 = 6.7%) {80.0%}
34  O                                                                         (0 = 0.0%) {86.7%}
40  -O                                                                        (1 = 6.7%) {86.7%}
48  -O                                                                        (1 = 6.7%) {93.3%}
57  ... 

Histogram: Sql.Statement.Quota.VMSteps recorded 21 samples, mean = 8.9 (flags = 0x41)
0   ... 
3   ----O                                                                     (4 = 19.0%) {0.0%}
4   O                                                                         (0 = 0.0%) {19.0%}
5   -O                                                                        (1 = 4.8%) {19.0%}
6   -O                                                                        (1 = 4.8%) {23.8%}
7   O                                                                         (0 = 0.0%) {28.6%}
8   ---O                                                                      (3 = 14.3%) {28.6%}
10  ----O                                                                     (4 = 19.0%) {42.9%}
12  --------O                                                                 (8 = 38.1%) {61.9%}
14  ... 

Histogram: Sql.Statement.ReportingAndNEL.VMSteps recorded 12 samples, mean = 13.8 (flags = 0x41)
0   ... 
3   --O                                                                       (2 = 16.7%) {0.0%}
4   O                                                                         (0 = 0.0%) {16.7%}
5   -O                                                                        (1 = 8.3%) {16.7%}
6   -O                                                                        (1 = 8.3%) {25.0%}
7   ... 
12  -----O                                                                    (5 = 41.7%) {33.3%}
14  ... 
20  -O                                                                        (1 = 8.3%) {75.0%}
24  O                                                                         (0 = 0.0%) {83.3%}
29  -O                                                                        (1 = 8.3%) {83.3%}
34  -O                                                                        (1 = 8.3%) {91.7%}
40  ... 

Histogram: Sql.Statement.SharedDictionary.VMSteps recorded 20 samples, mean = 9.1 (flags = 0x41)
0   ... 
3   --------O                                                                 (8 = 40.0%) {0.0%}
4   O                                                                         (0 = 0.0%) {40.0%}
5   -O                                                                        (1 = 5.0%) {40.0%}
6   ... 
8   -O                                                                        (1 = 5.0%) {45.0%}
10  O                                                                         (0 = 0.0%) {50.0%}
12  -------O                                                                  (7 = 35.0%) {50.0%}
14  O                                                                         (0 = 0.0%) {85.0%}
17  --O                                                                       (2 = 10.0%) {85.0%}
20  -O                                                                        (1 = 5.0%) {95.0%}
24  ... 

Histogram: Sql.Statement.SharedStorage.VMSteps recorded 3 samples, mean = 7.7 (flags = 0x41)
0   ... 
5   -O                                                                        (1 = 33.3%) {0.0%}
6   ... 
8   -O                                                                        (1 = 33.3%) {33.3%}
10  -O                                                                        (1 = 33.3%) {66.7%}
12  ... 

Histogram: Sql.Statement.Thumbnail.VMSteps recorded 22 samples, mean = 12.4 (flags = 0x41)
0   ... 
3   ------O                                                                   (6 = 27.3%) {0.0%}
4   O                                                                         (0 = 0.0%) {27.3%}
5   -O                                                                        (1 = 4.5%) {27.3%}
6   ... 
8   -O                                                                        (1 = 4.5%) {31.8%}
10  O                                                                         (0 = 0.0%) {36.4%}
12  ----------O                                                               (10 = 45.5%) {36.4%}
14  ... 
20  -O                                                                        (1 = 4.5%) {81.8%}
24  O                                                                         (0 = 0.0%) {86.4%}
29  ---O                                                                      (3 = 13.6%) {86.4%}
34  ... 

Histogram: Sql.Statement.TopSites.VMSteps recorded 13 samples, mean = 12.7 (flags = 0x41)
0   ... 
3   --O                                                                       (2 = 15.4%) {0.0%}
4   O                                                                         (0 = 0.0%) {15.4%}
5   -O                                                                        (1 = 7.7%) {15.4%}
6   ... 
12  ---------O                                                                (9 = 69.2%) {23.1%}
14  ... 
40  -O                                                                        (1 = 7.7%) {92.3%}
48  ... 

Histogram: Sql.Statement.TrustTokens.VMSteps recorded 16 samples, mean = 14.1 (flags = 0x41)
0   ... 
3   --O                                                                       (2 = 12.5%) {0.0%}
4   O                                                                         (0 = 0.0%) {12.5%}
5   -O                                                                        (1 = 6.2%) {12.5%}
6   ---O                                                                      (3 = 18.8%) {18.8%}
7   ... 
10  -O                                                                        (1 = 6.2%) {37.5%}
12  -----O                                                                    (5 = 31.2%) {43.8%}
14  ... 
20  -O                                                                        (1 = 6.2%) {75.0%}
24  O                                                                         (0 = 0.0%) {81.2%}
29  -O                                                                        (1 = 6.2%) {81.2%}
34  --O                                                                       (2 = 12.5%) {87.5%}
40  ... 

Histogram: Sql.Statement.UKMMetrics.VMSteps recorded 31 samples, mean = 14.1 (flags = 0x41)
0   ... 
3   -----O                                                                    (5 = 16.1%) {0.0%}
4   O                                                                         (0 = 0.0%) {16.1%}
5   -O                                                                        (1 = 3.2%) {16.1%}
6   ... 
8   -------O                                                                  (7 = 22.6%) {19.4%}
10  O                                                                         (0 = 0.0%) {41.9%}
12  -------O                                                                  (7 = 22.6%) {41.9%}
14  O                                                                         (0 = 0.0%) {64.5%}
17  -O                                                                        (1 = 3.2%) {64.5%}
20  -------O                                                                  (7 = 22.6%) {67.7%}
24  O                                                                         (0 = 0.0%) {90.3%}
29  -O                                                                        (1 = 3.2%) {90.3%}
34  O                                                                         (0 = 0.0%) {93.5%}
40  --O                                                                       (2 = 6.5%) {93.5%}
48  ... 

Histogram: Sql.Statement.Web.VMSteps recorded 116 samples, mean = 53.1 (flags = 0x41)
0    ... 
3    --------O                                                                 (8 = 6.9%) {0.0%}
4    -O                                                                        (1 = 0.9%) {6.9%}
5    -O                                                                        (1 = 0.9%) {7.8%}
6    ------------O                                                             (12 = 10.3%) {8.6%}
7    ----------O                                                               (10 = 8.6%) {19.0%}
8    ------O                                                                   (6 = 5.2%) {27.6%}
10   ---------O                                                                (9 = 7.8%) {32.8%}
12   --------------O                                                           (14 = 12.1%) {40.5%}
14   -O                                                                        (1 = 0.9%) {52.6%}
17   ---O                                                                      (3 = 2.6%) {53.4%}
20   -O                                                                        (1 = 0.9%) {56.0%}
24   -O                                                                        (1 = 0.9%) {56.9%}
29   --O                                                                       (2 = 1.7%) {57.8%}
34   --O                                                                       (2 = 1.7%) {59.5%}
40   --O                                                                       (2 = 1.7%) {61.2%}
48   ---O                                                                      (3 = 2.6%) {62.9%}
57   ----O                                                                     (4 = 3.4%) {65.5%}
68   ----O                                                                     (4 = 3.4%) {69.0%}
81   --O                                                                       (2 = 1.7%) {72.4%}
96   -------O                                                                  (7 = 6.0%) {74.1%}
114  -----O                                                                    (5 = 4.3%) {80.2%}
135  -------O                                                                  (7 = 6.0%) {84.5%}
160  -----O                                                                    (5 = 4.3%) {90.5%}
190  ------O                                                                   (6 = 5.2%) {94.8%}
226  ... 

Histogram: Sql.vfs.SyncTime recorded 47 samples, mean = 0.1 (flags = 0x41)
0  --------------------------------------------O                             (44 = 93.6%)
1  --O                                                                       (2 = 4.3%) {93.6%}
2  -O                                                                        (1 = 2.1%) {97.9%}
3  ... 

Histogram: Stability.Counts2 recorded 8 samples, mean = 24.2 (flags = 0x43)
0   ... 
2   -O                                                                        (1 = 12.5%) {0.0%}
3   ... 
15  -O                                                                        (1 = 12.5%) {12.5%}
16  ... 
26  ---O                                                                      (3 = 37.5%) {25.0%}
27  ... 
33  ---O                                                                      (3 = 37.5%) {62.5%}
34  O                                                                         (0 = 0.0%) {100.0%}

Histogram: Stability.Experimental.PageLoads recorded 1 samples, mean = 17.0 (flags = 0x41)
0   ... 
17  -O                                                                        (1 = 100.0%) {0.0%}
18  O                                                                         (0 = 0.0%) {100.0%}

Histogram: Startup.AfterStartupTaskCount recorded 1 samples, mean = 2.0 (flags = 0x41)
0  ... 
2  -O                                                                        (1 = 100.0%) {0.0%}
3  ... 

Histogram: Startup.AfterStartupTaskDelayedUntilTime recorded 1 samples, mean = 16015.0 (flags = 0x41)
0      ... 
15215  -O                                                                        (1 = 100.0%) {0.0%}
20614  ... 

Histogram: Startup.BrowserMainRunnerImplInitializeLongTime recorded 1 samples, mean = 61.0 (flags = 0x41)
0   ... 
58  -O                                                                        (1 = 100.0%) {0.0%}
67  ... 

Histogram: Startup.BrowserMessageLoopFirstIdle recorded 1 samples, mean = 4275572.0 (flags = 0x41)
0        ... 
3600000  -O                                                                        (1 = 100.0%) {0.0%}

Histogram: Startup.BrowserMessageLoopFirstIdle.WarmStartup recorded 1 samples, mean = 4275572.0 (flags = 0x41)
0        ... 
3600000  -O                                                                        (1 = 100.0%) {0.0%}

Histogram: Startup.BrowserMessageLoopStartHardFaultCount recorded 1 samples, mean = 2.0 (flags = 0x41)
0  ... 
2  -O                                                                        (1 = 100.0%) {0.0%}
3  ... 

Histogram: Startup.BrowserMessageLoopStartTime recorded 1 samples, mean = 73.0 (flags = 0x41)
0   ... 
67  -O                                                                        (1 = 100.0%) {0.0%}
77  ... 

Histogram: Startup.BrowserMessageLoopStartTime.WarmStartup recorded 1 samples, mean = 73.0 (flags = 0x41)
0   ... 
67  -O                                                                        (1 = 100.0%) {0.0%}
77  ... 

Histogram: Startup.CreateFirstProfile recorded 1 samples, mean = 33.0 (flags = 0x41)
0   ... 
26  -O                                                                        (1 = 100.0%) {0.0%}
35  ... 

Histogram: Startup.FirstWebContents.FinishReason recorded 1 samples, mean = 6.0 (flags = 0x41)
0  ... 
6  -O                                                                        (1 = 100.0%) {0.0%}
7  ... 

Histogram: Startup.LoadTime.ApplicationStartToChromeMain recorded 1 samples, mean = 0.0 (flags = 0x41)
0  -O                                                                        (1 = 100.0%)
1  ... 

Histogram: Startup.LoadTime.ApplicationStartToChromeMain.WarmStartup recorded 1 samples, mean = 0.0 (flags = 0x41)
0  -O                                                                        (1 = 100.0%)
1  ... 

Histogram: Startup.LoadTime.ProcessCreateToApplicationStart recorded 1 samples, mean = 8270.0 (flags = 0x41)
0     ... 
6118  -O                                                                        (1 = 100.0%) {0.0%}
8289  ... 

Histogram: Startup.LoadTime.ProcessCreateToApplicationStart.WarmStartup recorded 1 samples, mean = 8270.0 (flags = 0x41)
0     ... 
6118  -O                                                                        (1 = 100.0%) {0.0%}
8289  ... 

Histogram: Startup.LoadTime.RecordedProcessCreation recorded 1 samples, mean = 1.0 (flags = 0x1)
0  O                                                                         (0 = 0.0%)
1  -O                                                                        (1 = 100.0%) {0.0%}
2  O                                                                         (0 = 0.0%) {100.0%}

Histogram: Startup.PreMainMessageLoopRunImplLongTime recorded 1 samples, mean = 39.0 (flags = 0x41)
0   ... 
37  -O                                                                        (1 = 100.0%) {0.0%}
43  ... 

Histogram: Startup.Renderer.LoadTime.ApplicationStartToRendererStartRunLoop recorded 1 samples, mean = 10.0 (flags = 0x41)
0   ... 
10  -O                                                                        (1 = 100.0%) {0.0%}
13  ... 

Histogram: Startup.Renderer.LoadTime.ChromeMainToRendererStartRunLoop recorded 1 samples, mean = 10.0 (flags = 0x41)
0   ... 
10  -O                                                                        (1 = 100.0%) {0.0%}
13  ... 

Histogram: Startup.Renderer.LoadTime.ProcessCreationToRendererStartRunLoop recorded 1 samples, mean = 35.0 (flags = 0x41)
0   ... 
32  -O                                                                        (1 = 100.0%) {0.0%}
41  ... 

Histogram: Startup.Temperature recorded 1 samples, mean = 1.0 (flags = 0x41)
0  O                                                                         (0 = 0.0%)
1  -O                                                                        (1 = 100.0%) {0.0%}
2  ... 

Histogram: Storage.Blob.CreateDirectoryResult recorded 1 samples, mean = 0.0 (flags = 0x41)
0  -O                                                                        (1 = 100.0%)
1  ... 

Histogram: Storage.SessionStorage.RendererAreaCacheHit recorded 1 samples, mean = 0.0 (flags = 0x41)
0  -O                                                                        (1 = 100.0%)
1  ... 

Histogram: Storage.SharedStorage.Database.Timing.OpenImpl recorded 1 samples, mean = 0.0 (flags = 0x41)
0  -O                                                                        (1 = 100.0%)
1  ... 

Histogram: Storage.SharedStorage.OnShutdown.NumSqlErrors recorded 1 samples, mean = 0.0 (flags = 0x41)
0  -O                                                                        (1 = 100.0%)
1  ... 

Histogram: Storage.SharedStorage.OnShutdown.RecoveryFromInitFailureAttempted recorded 1 samples, mean = 0.0 (flags = 0x41)
0  -O                                                                        (1 = 100.0%)
1  ... 

Histogram: Storage.SharedStorage.OnShutdown.RecoveryOnDiskAttempted recorded 1 samples, mean = 0.0 (flags = 0x41)
0  -O                                                                        (1 = 100.0%)
1  ... 

Histogram: Storage.SharedStorage.Worklet.NumPerPage recorded 1 samples, mean = 0.0 (flags = 0x41)
0  -O                                                                        (1 = 100.0%)
1  ... 

Histogram: Storage.SharedStorage.Worklet.SelectURL.CallsPerPage recorded 1 samples, mean = 0.0 (flags = 0x41)
0  -O                                                                        (1 = 100.0%)
1  ... 

Histogram: Style.InvalidationTime recorded 2 samples, mean = 40.0 (flags = 0x41)
0   ... 
21  -O                                                                        (1 = 50.0%) {0.0%}
29  ... 
55  -O                                                                        (1 = 50.0%) {50.0%}
76  ... 

Histogram: Style.RebuildLayoutTreeTime recorded 6 samples, mean = 283.2 (flags = 0x41)
0     ... 
29    --O                                                                       (2 = 33.3%) {0.0%}
40    -O                                                                        (1 = 16.7%) {33.3%}
55    -O                                                                        (1 = 16.7%) {50.0%}
76    -O                                                                        (1 = 16.7%) {66.7%}
105   ... 
1043  -O                                                                        (1 = 16.7%) {83.3%}
1447  ... 

Histogram: Style.RecalcTime recorded 7 samples, mean = 1537.6 (flags = 0x41)
0     ... 
40    -O                                                                        (1 = 14.3%) {0.0%}
55    ... 
105   -O                                                                        (1 = 14.3%) {14.3%}
146   ... 
282   -O                                                                        (1 = 14.3%) {28.6%}
391   ... 
1043  -O                                                                        (1 = 14.3%) {42.9%}
1447  O                                                                         (0 = 0.0%) {57.1%}
2008  --O                                                                       (2 = 28.6%) {57.1%}
2786  O                                                                         (0 = 0.0%) {85.7%}
3865  -O                                                                        (1 = 14.3%) {85.7%}
5362  ... 

Histogram: SubresourceFilter.MainFrameLoad.RulesetIsAvailableAnyActivationLevel recorded 1 samples, mean = 0.0 (flags = 0x41)
0  -O                                                                        (1 = 100.0%)
1  ... 

Histogram: SubresourceFilter.PageLoad.ActivationDecision recorded 1 samples, mean = 1.0 (flags = 0x41)
0  O                                                                         (0 = 0.0%)
1  -O                                                                        (1 = 100.0%) {0.0%}
2  ... 

Histogram: SubresourceFilter.PageLoad.ActivationList recorded 1 samples, mean = 0.0 (flags = 0x41)
0  -O                                                                        (1 = 100.0%)
1  ... 

Histogram: SubresourceFilter.PageLoad.ActivationState recorded 2 samples, mean = 0.0 (flags = 0x41)
0  --O                                                                       (2 = 100.0%)
1  ... 

Histogram: SubresourceFilter.PageLoad.SafeBrowsingDelay recorded 1 samples, mean = 0.0 (flags = 0x41)
0  -O                                                                        (1 = 100.0%)
1  ... 

Histogram: SubresourceFilter.SafeBrowsing.TotalCheckTime recorded 3 samples, mean = 0.0 (flags = 0x41)
0  ---O                                                                      (3 = 100.0%)
1  ... 

Histogram: Sync.ModelTypeStoreBackendError.ReadRecords recorded 5 samples, mean = 1.0 (flags = 0x41)
0  O                                                                         (0 = 0.0%)
1  -----O                                                                    (5 = 100.0%) {0.0%}
2  ... 

Histogram: Sync.ModelTypeStoreBackendInitializationSuccess recorded 1 samples, mean = 1.0 (flags = 0x41)
0  O                                                                         (0 = 0.0%)
1  -O                                                                        (1 = 100.0%) {0.0%}
2  O                                                                         (0 = 0.0%) {100.0%}

Histogram: Sync.PassphraseType2 recorded 1 samples, mean = 0.0 (flags = 0x41)
0  -O                                                                        (1 = 100.0%)
1  ... 

Histogram: Sync.SyncToSigninMigrationDecision recorded 1 samples, mean = 1.0 (flags = 0x41)
0  O                                                                         (0 = 0.0%)
1  -O                                                                        (1 = 100.0%) {0.0%}
2  ... 

Histogram: Sync.TrustedVaultFileReadStatus recorded 1 samples, mean = 0.0 (flags = 0x41)
0  -O                                                                        (1 = 100.0%)
1  ... 

Histogram: Sync.TrustedVaultFileWriteSuccess recorded 1 samples, mean = 1.0 (flags = 0x41)
0  O                                                                         (0 = 0.0%)
1  -O                                                                        (1 = 100.0%) {0.0%}
2  O                                                                         (0 = 0.0%) {100.0%}

Histogram: TabGroups.CollapsedGroupCountPerLoad recorded 1 samples, mean = 0.0 (flags = 0x41)
0  -O                                                                        (1 = 100.0%)
1  ... 

Histogram: TabGroups.UserCustomizedGroupCountPerLoad recorded 1 samples, mean = 0.0 (flags = 0x41)
0  -O                                                                        (1 = 100.0%)
1  ... 

Histogram: TabGroups.UserGroupCountPerLoad recorded 1 samples, mean = 0.0 (flags = 0x41)
0  -O                                                                        (1 = 100.0%)
1  ... 

Histogram: TabGroups.UserPinnedTabCountPerLoad recorded 1 samples, mean = 0.0 (flags = 0x41)
0  -O                                                                        (1 = 100.0%)
1  ... 

Histogram: Tabs.NewNavigationWithSameOriginTab recorded 1 samples, mean = 0.0 (flags = 0x41)
0  -O                                                                        (1 = 100.0%)
1  ... 

Histogram: Tabs.TabCount recorded 14 samples, mean = 0.0 (flags = 0x41)
0  --------------O                                                           (14 = 100.0%)
1  ... 

Histogram: Tabs.TabCount.PluggedIn recorded 14 samples, mean = 0.0 (flags = 0x41)
0  --------------O                                                           (14 = 100.0%)
1  ... 

Histogram: Tabs.TabCountPerLoad recorded 1 samples, mean = 0.0 (flags = 0x41)
0  -O                                                                        (1 = 100.0%)
1  ... 

Histogram: Tabs.WindowCount recorded 14 samples, mean = 0.0 (flags = 0x41)
0  --------------O                                                           (14 = 100.0%)
1  ... 

Histogram: Tabs.WindowCount.PluggedIn recorded 14 samples, mean = 0.0 (flags = 0x41)
0  --------------O                                                           (14 = 100.0%)
1  ... 

Histogram: ThirdPartyModules.InputMethodEditorsCount recorded 1 samples, mean = 1.0 (flags = 0x41)
0  O                                                                         (0 = 0.0%)
1  -O                                                                        (1 = 100.0%) {0.0%}
2  ... 

Histogram: ThreadPool.UnnecessaryWakeup.Browser.Background recorded 6 samples, mean = 1.0 (flags = 0x41)
0  O                                                                         (0 = 0.0%)
1  ------O                                                                   (6 = 100.0%) {0.0%}
2  O                                                                         (0 = 0.0%) {100.0%}

Histogram: ThreadPool.UnnecessaryWakeup.Browser.Foreground recorded 61 samples, mean = 1.0 (flags = 0x41)
0  O                                                                         (0 = 0.0%)
1  -------------------------------------------------------------O            (61 = 100.0%) {0.0%}
2  O                                                                         (0 = 0.0%) {100.0%}

Histogram: ThreadPool.UnnecessaryWakeup.GPU.Foreground recorded 2 samples, mean = 1.0 (flags = 0x41)
0  O                                                                         (0 = 0.0%)
1  --O                                                                       (2 = 100.0%) {0.0%}
2  O                                                                         (0 = 0.0%) {100.0%}

Histogram: ThreadPool.UnnecessaryWakeup.Renderer.Foreground recorded 52 samples, mean = 1.0 (flags = 0x41)
0  O                                                                         (0 = 0.0%)
1  ----------------------------------------------------O                     (52 = 100.0%) {0.0%}
2  O                                                                         (0 = 0.0%) {100.0%}

Histogram: Translate.ApplicationStart.AlwaysTranslateLanguage.Count recorded 1 samples, mean = 0.0 (flags = 0x41)
0  -O                                                                        (1 = 100.0%)
1  ... 

Histogram: Translate.ApplicationStart.NeverTranslateLanguage recorded 1 samples (flags = 0x41)
-74147910-O                                                                        (1 = 100.0%)

Histogram: Translate.ApplicationStart.NeverTranslateLanguage.Count recorded 1 samples, mean = 1.0 (flags = 0x41)
0  O                                                                         (0 = 0.0%)
1  -O                                                                        (1 = 100.0%) {0.0%}
2  ... 

Histogram: Translate.ApplicationStart.NeverTranslateSite.Count recorded 1 samples, mean = 0.0 (flags = 0x41)
0  -O                                                                        (1 = 100.0%)
1  ... 

Histogram: Translate.LanguageDetection.LanguageVerification recorded 1 samples, mean = 2.0 (flags = 0x41)
0  ... 
2  -O                                                                        (1 = 100.0%) {0.0%}
3  ... 

Histogram: Translate.LanguageDeterminedDuration recorded 1 samples, mean = 997.0 (flags = 0x41)
0    ... 
989  -O                                                                        (1 = 100.0%) {0.0%}
1340 ... 

Histogram: Translate.PageLoad.FinalSourceLanguage recorded 1 samples (flags = 0x41)
-74147910-O                                                                        (1 = 100.0%)

Histogram: Translate.PageLoad.FinalState recorded 1 samples, mean = 1.0 (flags = 0x41)
0  O                                                                         (0 = 0.0%)
1  -O                                                                        (1 = 100.0%) {0.0%}
2  ... 

Histogram: Translate.PageLoad.FinalTargetLanguage recorded 1 samples (flags = 0x41)
-74147910-O                                                                        (1 = 100.0%)

Histogram: Translate.PageLoad.InitialSourceLanguage recorded 1 samples (flags = 0x41)
-74147910-O                                                                        (1 = 100.0%)

Histogram: Translate.PageLoad.InitialState recorded 1 samples, mean = 1.0 (flags = 0x41)
0  O                                                                         (0 = 0.0%)
1  -O                                                                        (1 = 100.0%) {0.0%}
2  ... 

Histogram: Translate.PageLoad.InitialTargetLanguage recorded 1 samples (flags = 0x41)
-74147910-O                                                                        (1 = 100.0%)

Histogram: Translate.PageLoad.InitialTargetLanguage.Origin recorded 1 samples, mean = 1.0 (flags = 0x41)
0  O                                                                         (0 = 0.0%)
1  -O                                                                        (1 = 100.0%) {0.0%}
2  ... 

Histogram: Translate.PageLoad.IsInitialSourceLanguageInUsersContentLanguages recorded 1 samples, mean = 1.0 (flags = 0x41)
0  O                                                                         (0 = 0.0%)
1  -O                                                                        (1 = 100.0%) {0.0%}
2  O                                                                         (0 = 0.0%) {100.0%}

Histogram: Translate.PageLoad.NumReversions recorded 1 samples, mean = 0.0 (flags = 0x41)
0  -O                                                                        (1 = 100.0%)
1  ... 

Histogram: Translate.PageLoad.NumTargetLanguageChanges recorded 1 samples, mean = 0.0 (flags = 0x41)
0  -O                                                                        (1 = 100.0%)
1  ... 

Histogram: Translate.PageLoad.NumTranslations recorded 1 samples, mean = 0.0 (flags = 0x41)
0  -O                                                                        (1 = 100.0%)
1  ... 

Histogram: Translate.PageLoad.Ranker.Decision recorded 1 samples, mean = 1.0 (flags = 0x41)
0  O                                                                         (0 = 0.0%)
1  -O                                                                        (1 = 100.0%) {0.0%}
2  ... 

Histogram: Translate.PageLoad.Ranker.Version recorded 1 samples (flags = 0x41)
0  -O                                                                        (1 = 100.0%)

Histogram: Translate.PageLoad.TriggerDecision recorded 1 samples, mean = 4.0 (flags = 0x41)
0  ... 
4  -O                                                                        (1 = 100.0%) {0.0%}
5  ... 

Histogram: Translate.Ranker.Model.Status2 recorded 2 samples, mean = 6.5 (flags = 0x41)
0  ... 
6  -O                                                                        (1 = 50.0%) {0.0%}
7  -O                                                                        (1 = 50.0%) {50.0%}
8  O                                                                         (0 = 0.0%) {100.0%}

Histogram: UI.DeviceScale recorded 1 samples (flags = 0x41)
100  -O                                                                        (1 = 100.0%)

Histogram: UKM.Entries.Dropped recorded 159 samples, mean = 1.0 (flags = 0x41)
0  O                                                                         (0 = 0.0%)
1  ------------------------------------------------------------------------O (159 = 100.0%) {0.0%}
2  ... 

Histogram: UKM.Entries.Dropped.ByEntryHash recorded 159 samples (flags = 0x41)
58315124    -O                                                                        (1 = 0.6%)
181657211   --O                                                                       (2 = 1.3%)
189164898   -O                                                                        (1 = 0.6%)
251237400   -O                                                                        (1 = 0.6%)
270025173   -O                                                                        (1 = 0.6%)
277070773   -O                                                                        (1 = 0.6%)
385121421   -O                                                                        (1 = 0.6%)
465002269   -O                                                                        (1 = 0.6%)
480593958   ----O                                                                     (4 = 2.5%)
532600439   -O                                                                        (1 = 0.6%)
624513781   -O                                                                        (1 = 0.6%)
654949485   --------O                                                                 (8 = 5.0%)
661477988   -O                                                                        (1 = 0.6%)
705322609   ---O                                                                      (3 = 1.9%)
805578149   -O                                                                        (1 = 0.6%)
810755299   -O                                                                        (1 = 0.6%)
828084724   -----------------------------------O                                      (35 = 22.0%)
854760832   -O                                                                        (1 = 0.6%)
888761441   -O                                                                        (1 = 0.6%)
902138984   ----O                                                                     (4 = 2.5%)
986870865   ----O                                                                     (4 = 2.5%)
1004547038  -O                                                                        (1 = 0.6%)
1035062417  -O                                                                        (1 = 0.6%)
1039353520  --O                                                                       (2 = 1.3%)
1078164680  --O                                                                       (2 = 1.3%)
1149114043  -O                                                                        (1 = 0.6%)
1262170432  -------O                                                                  (7 = 4.4%)
1321082436  -O                                                                        (1 = 0.6%)
1350795912  -O                                                                        (1 = 0.6%)
1354891390  -O                                                                        (1 = 0.6%)
1404242571  -----------------------------------O                                      (35 = 22.0%)
1548358279  -O                                                                        (1 = 0.6%)
1576109827  -O                                                                        (1 = 0.6%)
1604233346  ---O                                                                      (3 = 1.9%)
1607081943  -O                                                                        (1 = 0.6%)
1645426679  --O                                                                       (2 = 1.3%)
1663717192  -O                                                                        (1 = 0.6%)
1767609109  -----------O                                                              (11 = 6.9%)
1790338714  -O                                                                        (1 = 0.6%)
1832900131  ----O                                                                     (4 = 2.5%)
1866365893  -O                                                                        (1 = 0.6%)
1871083634  -O                                                                        (1 = 0.6%)
1982793904  -O                                                                        (1 = 0.6%)
2037740339  ----O                                                                     (4 = 2.5%)
2066033668  -O                                                                        (1 = 0.6%)

Histogram: UKM.PersistentLogRecall.Status recorded 1 samples, mean = 1.0 (flags = 0x41)
0  O                                                                         (0 = 0.0%)
1  -O                                                                        (1 = 100.0%) {0.0%}
2  ... 

Histogram: UKM.Sources.Dropped recorded 7 samples, mean = 1.0 (flags = 0x41)
0  O                                                                         (0 = 0.0%)
1  -------O                                                                  (7 = 100.0%) {0.0%}
2  ... 

Histogram: UKM.WebDXFeatureSets.Dropped recorded 2 samples, mean = 1.0 (flags = 0x41)
0  O                                                                         (0 = 0.0%)
1  --O                                                                       (2 = 100.0%) {0.0%}
2  ... 

Histogram: UMA.ChildProcess.Ping.Periodic recorded 18 samples, mean = 1.0 (flags = 0x41)
0  ------O                                                                   (6 = 33.3%)
1  ------O                                                                   (6 = 33.3%) {33.3%}
2  ------O                                                                   (6 = 33.3%) {66.7%}
3  O                                                                         (0 = 0.0%) {100.0%}

Histogram: UMA.ChildProcess.Ping.SharedMemorySetUp recorded 22 samples, mean = 1.0 (flags = 0x41)
0  --------O                                                                 (8 = 36.4%)
1  -------O                                                                  (7 = 31.8%) {36.4%}
2  -------O                                                                  (7 = 31.8%) {68.2%}
3  O                                                                         (0 = 0.0%) {100.0%}

Histogram: UMA.CleanExitBeaconConsistency3 recorded 1 samples, mean = 0.0 (flags = 0x41)
0  -O                                                                        (1 = 100.0%)
1  ... 

Histogram: UMA.EntropySourceType recorded 1 samples, mean = 1.0 (flags = 0x41)
0  O                                                                         (0 = 0.0%)
1  -O                                                                        (1 = 100.0%) {0.0%}
2  ... 

Histogram: UMA.LocalHistogram recorded 9 samples, mean = 1.0 (flags = 0x40)
0  O                                                                         (0 = 0.0%)
1  ---------O                                                                (9 = 100.0%) {0.0%}
2  O                                                                         (0 = 0.0%) {100.0%}

Histogram: UMA.MachineIdState recorded 1 samples, mean = 3.0 (flags = 0x41)
0  ... 
3  -O                                                                        (1 = 100.0%) {0.0%}
4  O                                                                         (0 = 0.0%) {100.0%}

Histogram: UMA.MetricsService.Initialize.Time recorded 1 samples, mean = 26.0 (flags = 0x41)
0   ... 
21  -O                                                                        (1 = 100.0%) {0.0%}
28  ... 

Histogram: UMA.MetricsService.PendingOngoingLogOnDisable recorded 1 samples, mean = 0.0 (flags = 0x41)
0  -O                                                                        (1 = 100.0%)
1  ... 

Histogram: UMA.PersistentAllocator.BrowserMetrics.Errors recorded 0 samples (flags = 0x41)
0 ... 

Histogram: UMA.PersistentAllocator.BrowserMetrics.UsedPct recorded 0 samples (flags = 0x41)
0 ... 

Histogram: UMA.PersistentAllocator.EarlyHistograms.BrowserMetrics recorded 1 samples, mean = 1.0 (flags = 0x41)
0  O                                                                         (0 = 0.0%)
1  -O                                                                        (1 = 100.0%) {0.0%}
2  ... 

Histogram: UMA.PersistentAllocator.EarlyHistograms.GpuMetrics recorded 1 samples, mean = 26.0 (flags = 0x41)
0   ... 
26  -O                                                                        (1 = 100.0%) {0.0%}
28  ... 

Histogram: UMA.PersistentAllocator.EarlyHistograms.RendererMetrics recorded 3 samples, mean = 29.0 (flags = 0x41)
0   ... 
25  -O                                                                        (1 = 33.3%) {0.0%}
26  ... 
30  -O                                                                        (1 = 33.3%) {33.3%}
32  -O                                                                        (1 = 33.3%) {66.7%}
34  ... 

Histogram: UMA.PersistentAllocator.EarlyHistograms.UtilityMetrics recorded 3 samples, mean = 11.3 (flags = 0x41)
0   ... 
7   -O                                                                        (1 = 33.3%) {0.0%}
8   -O                                                                        (1 = 33.3%) {33.3%}
9   ... 
19  -O                                                                        (1 = 33.3%) {66.7%}
20  ... 

Histogram: UMA.PersistentAllocator.FieldTrialAllocator.Errors recorded 0 samples (flags = 0x41)
0 ... 

Histogram: UMA.PersistentAllocator.FieldTrialAllocator.UsedPct recorded 8 samples, mean = 0.0 (flags = 0x41)
0  --------O                                                                 (8 = 100.0%)
1  ... 

Histogram: UMA.PersistentHistograms.InitResult recorded 1 samples, mean = 2.0 (flags = 0x41)
0  ... 
2  -O                                                                        (1 = 100.0%) {0.0%}
3  ... 

Histogram: UMA.Pseudo.PageLoad.LayoutInstability.CumulativeShiftScore recorded 1 samples, mean = 0.0 (flags = 0x41)
0  -O                                                                        (1 = 100.0%)
1  ... 

Histogram: UMA.Pseudo.PageLoad.LayoutInstability.MaxCumulativeShiftScore.SessionWindow.Gap1000ms.Max5000ms2 recorded 1 samples, mean = 0.0 (flags = 0x41)
0  -O                                                                        (1 = 100.0%)
1  ... 

Histogram: UnifiedConsent.MakeSearchesAndBrowsingBetter.OnProfileLoad recorded 1 samples, mean = 0.0 (flags = 0x41)
0  -O                                                                        (1 = 100.0%)
1  ... 

Histogram: V8.CollectSourcePositions recorded 9 samples, mean = 32.1 (flags = 0x41)
0   ... 
12  ---O                                                                      (3 = 33.3%) {0.0%}
16  ---O                                                                      (3 = 33.3%) {33.3%}
21  O                                                                         (0 = 0.0%) {66.7%}
28  -O                                                                        (1 = 11.1%) {66.7%}
37  ... 
65  -O                                                                        (1 = 11.1%) {77.8%}
86  -O                                                                        (1 = 11.1%) {88.9%}
113 ... 

Histogram: V8.CompileDeserializeMicroSeconds recorded 20 samples, mean = 4.7 (flags = 0x41)
0   O                                                                         (0 = 0.0%)
1   -------O                                                                  (7 = 35.0%) {0.0%}
2   --O                                                                       (2 = 10.0%) {35.0%}
3   --O                                                                       (2 = 10.0%) {45.0%}
4   --O                                                                       (2 = 10.0%) {55.0%}
5   ----O                                                                     (4 = 20.0%) {65.0%}
7   -O                                                                        (1 = 5.0%) {85.0%}
9   ... 
16  -O                                                                        (1 = 5.0%) {90.0%}
21  -O                                                                        (1 = 5.0%) {95.0%}
28  ... 

Histogram: V8.CompileLazyMicroSeconds recorded 4 samples, mean = 4388.0 (flags = 0x41)
0      ... 
40     -O                                                                        (1 = 25.0%) {0.0%}
55     ... 
1447   -O                                                                        (1 = 25.0%) {25.0%}
2008   O                                                                         (0 = 0.0%) {50.0%}
2786   -O                                                                        (1 = 25.0%) {50.0%}
3865   ... 
10321  -O                                                                        (1 = 25.0%) {75.0%}
14319  ... 

Histogram: V8.CompileMicroSeconds recorded 20 samples, mean = 29.6 (flags = 0x41)
0    O                                                                         (0 = 0.0%)
1    -O                                                                        (1 = 5.0%) {0.0%}
2    -------O                                                                  (7 = 35.0%) {5.0%}
3    ----O                                                                     (4 = 20.0%) {40.0%}
4    ... 
9    -O                                                                        (1 = 5.0%) {60.0%}
12   -O                                                                        (1 = 5.0%) {65.0%}
16   --O                                                                       (2 = 10.0%) {70.0%}
21   -O                                                                        (1 = 5.0%) {80.0%}
28   ... 
86   -O                                                                        (1 = 5.0%) {85.0%}
113  -O                                                                        (1 = 5.0%) {90.0%}
149  O                                                                         (0 = 0.0%) {95.0%}
196  -O                                                                        (1 = 5.0%) {95.0%}
258  ... 

Histogram: V8.CompileScript.CacheBehaviour recorded 45 samples, mean = 4.9 (flags = 0x41)
0   ... 
2   --------------------O                                                     (20 = 44.4%) {0.0%}
3   O                                                                         (0 = 0.0%) {44.4%}
4   ---------------O                                                          (15 = 33.3%) {44.4%}
5   ... 
8   -O                                                                        (1 = 2.2%) {77.8%}
9   ... 
12  -----O                                                                    (5 = 11.1%) {80.0%}
13  ----O                                                                     (4 = 8.9%) {91.1%}
14  ... 

Histogram: V8.CompileScriptMicroSeconds recorded 45 samples, mean = 38.9 (flags = 0x41)
0    O                                                                         (0 = 0.0%)
1    -----O                                                                    (5 = 11.1%) {0.0%}
2    O                                                                         (0 = 0.0%) {11.1%}
3    -----O                                                                    (5 = 11.1%) {11.1%}
4    -O                                                                        (1 = 2.2%) {22.2%}
5    -----O                                                                    (5 = 11.1%) {24.4%}
7    ------O                                                                   (6 = 13.3%) {35.6%}
9    --O                                                                       (2 = 4.4%) {48.9%}
12   -----O                                                                    (5 = 11.1%) {53.3%}
16   ---O                                                                      (3 = 6.7%) {64.4%}
21   -----O                                                                    (5 = 11.1%) {71.1%}
28   -O                                                                        (1 = 2.2%) {82.2%}
37   -O                                                                        (1 = 2.2%) {84.4%}
49   O                                                                         (0 = 0.0%) {86.7%}
65   --O                                                                       (2 = 4.4%) {86.7%}
86   O                                                                         (0 = 0.0%) {91.1%}
113  -O                                                                        (1 = 2.2%) {91.1%}
149  -O                                                                        (1 = 2.2%) {93.3%}
196  O                                                                         (0 = 0.0%) {95.6%}
258  -O                                                                        (1 = 2.2%) {95.6%}
340  O                                                                         (0 = 0.0%) {97.8%}
448  -O                                                                        (1 = 2.2%) {97.8%}
590  ... 

Histogram: V8.CompileScriptMicroSeconds.BackgroundThread recorded 5 samples, mean = 1854.8 (flags = 0x41)
0     ... 
149   -O                                                                        (1 = 20.0%) {0.0%}
196   --O                                                                       (2 = 40.0%) {20.0%}
258   ... 
1347  -O                                                                        (1 = 20.0%) {60.0%}
1774  ... 
7031  -O                                                                        (1 = 20.0%) {80.0%}
9260  ... 

Histogram: V8.CompileScriptMicroSeconds.ConsumeCache recorded 20 samples, mean = 6.5 (flags = 0x41)
0   O                                                                         (0 = 0.0%)
1   -----O                                                                    (5 = 25.0%) {0.0%}
2   O                                                                         (0 = 0.0%) {25.0%}
3   ----O                                                                     (4 = 20.0%) {25.0%}
4   -O                                                                        (1 = 5.0%) {45.0%}
5   --O                                                                       (2 = 10.0%) {50.0%}
7   ----O                                                                     (4 = 20.0%) {60.0%}
9   -O                                                                        (1 = 5.0%) {80.0%}
12  O                                                                         (0 = 0.0%) {85.0%}
16  --O                                                                       (2 = 10.0%) {85.0%}
21  -O                                                                        (1 = 5.0%) {95.0%}
28  ... 

Histogram: V8.CompileScriptMicroSeconds.ConsumeCache.BackgroundThread recorded 20 samples, mean = 218.2 (flags = 0x41)
0     ... 
9     -O                                                                        (1 = 5.0%) {0.0%}
12    O                                                                         (0 = 0.0%) {5.0%}
16    --O                                                                       (2 = 10.0%) {5.0%}
21    ---O                                                                      (3 = 15.0%) {15.0%}
28    ---O                                                                      (3 = 15.0%) {30.0%}
37    --O                                                                       (2 = 10.0%) {45.0%}
49    ----O                                                                     (4 = 20.0%) {55.0%}
65    O                                                                         (0 = 0.0%) {75.0%}
86    --O                                                                       (2 = 10.0%) {75.0%}
113   --O                                                                       (2 = 10.0%) {85.0%}
149   ... 
3077  -O                                                                        (1 = 5.0%) {95.0%}
4053  ... 

Histogram: V8.CompileScriptMicroSeconds.NoCache.InlineScript recorded 15 samples, mean = 32.0 (flags = 0x41)
0    ... 
5    -O                                                                        (1 = 6.7%) {0.0%}
7    -O                                                                        (1 = 6.7%) {6.7%}
9    -O                                                                        (1 = 6.7%) {13.3%}
12   ----O                                                                     (4 = 26.7%) {20.0%}
16   -O                                                                        (1 = 6.7%) {46.7%}
21   ---O                                                                      (3 = 20.0%) {53.3%}
28   -O                                                                        (1 = 6.7%) {73.3%}
37   ... 
65   --O                                                                       (2 = 13.3%) {80.0%}
86   O                                                                         (0 = 0.0%) {93.3%}
113  -O                                                                        (1 = 6.7%) {93.3%}
149  ... 

Histogram: V8.CompileScriptMicroSeconds.NoCache.Other recorded 5 samples, mean = 227.4 (flags = 0x41)
0    ... 
21   -O                                                                        (1 = 20.0%) {0.0%}
28   O                                                                         (0 = 0.0%) {20.0%}
37   -O                                                                        (1 = 20.0%) {20.0%}
49   ... 
149  -O                                                                        (1 = 20.0%) {40.0%}
196  O                                                                         (0 = 0.0%) {60.0%}
258  -O                                                                        (1 = 20.0%) {60.0%}
340  O                                                                         (0 = 0.0%) {80.0%}
448  -O                                                                        (1 = 20.0%) {80.0%}
590  ... 

Histogram: V8.CompileScriptMicroSeconds.StreamingFinalization recorded 5 samples, mean = 7.4 (flags = 0x41)
0   ... 
3   -O                                                                        (1 = 20.0%) {0.0%}
4   O                                                                         (0 = 0.0%) {20.0%}
5   -O                                                                        (1 = 20.0%) {20.0%}
7   --O                                                                       (2 = 40.0%) {40.0%}
9   O                                                                         (0 = 0.0%) {80.0%}
12  -O                                                                        (1 = 20.0%) {80.0%}
16  ... 

Histogram: V8.ErrorsThrownPerContext recorded 1 samples, mean = 0.0 (flags = 0x41)
0  -O                                                                        (1 = 100.0%)
1  ... 

Histogram: V8.GC.Cycle.CollectionRate.Full recorded 1 samples, mean = 81.0 (flags = 0x41)
0   ... 
80  -O                                                                        (1 = 100.0%) {0.0%}
100 O                                                                         (0 = 0.0%) {100.0%}

Histogram: V8.GC.Cycle.CollectionRate.Full.Cpp recorded 1 samples, mean = 65.0 (flags = 0x41)
0   ... 
64  -O                                                                        (1 = 100.0%) {0.0%}
80  ... 

Histogram: V8.GC.Cycle.CollectionRate.Young recorded 9 samples, mean = 33.7 (flags = 0x41)
0   ... 
17  -O                                                                        (1 = 11.1%) {0.0%}
21  --O                                                                       (2 = 22.2%) {11.1%}
26  --O                                                                       (2 = 22.2%) {33.3%}
33  -O                                                                        (1 = 11.1%) {55.6%}
41  --O                                                                       (2 = 22.2%) {66.7%}
51  -O                                                                        (1 = 11.1%) {88.9%}
64  ... 

Histogram: V8.GC.Cycle.CollectionWeight.Full recorded 1 samples, mean = 0.0 (flags = 0x41)
0  -O                                                                        (1 = 100.0%)
1  ... 

Histogram: V8.GC.Cycle.CollectionWeight.Full.Cpp recorded 1 samples, mean = 0.0 (flags = 0x41)
0  -O                                                                        (1 = 100.0%)
1  ... 

Histogram: V8.GC.Cycle.CollectionWeight.MainThread.Full recorded 1 samples, mean = 0.0 (flags = 0x41)
0  -O                                                                        (1 = 100.0%)
1  ... 

Histogram: V8.GC.Cycle.CollectionWeight.MainThread.Full.Cpp recorded 1 samples, mean = 0.0 (flags = 0x41)
0  -O                                                                        (1 = 100.0%)
1  ... 

Histogram: V8.GC.Cycle.Efficiency.Full recorded 1 samples, mean = 65.0 (flags = 0x41)
0   ... 
65  -O                                                                        (1 = 100.0%) {0.0%}
88  ... 

Histogram: V8.GC.Cycle.Efficiency.Full.Cpp recorded 1 samples, mean = 285.0 (flags = 0x41)
0    ... 
222  -O                                                                        (1 = 100.0%) {0.0%}
302  ... 

Histogram: V8.GC.Cycle.Efficiency.MainThread.Full recorded 1 samples, mean = 279.0 (flags = 0x41)
0    ... 
222  -O                                                                        (1 = 100.0%) {0.0%}
302  ... 

Histogram: V8.GC.Cycle.Efficiency.MainThread.Full.Cpp recorded 1 samples, mean = 415.0 (flags = 0x41)
0    ... 
411  -O                                                                        (1 = 100.0%) {0.0%}
559  ... 

Histogram: V8.GC.Cycle.Efficiency.MainThread.Young recorded 9 samples, mean = 2157.2 (flags = 0x41)
0     ... 
411   -O                                                                        (1 = 11.1%) {0.0%}
559   O                                                                         (0 = 0.0%) {11.1%}
760   -O                                                                        (1 = 11.1%) {11.1%}
1034  -O                                                                        (1 = 11.1%) {22.2%}
1407  -O                                                                        (1 = 11.1%) {33.3%}
1914  --O                                                                       (2 = 22.2%) {44.4%}
2604  --O                                                                       (2 = 22.2%) {66.7%}
3542  -O                                                                        (1 = 11.1%) {88.9%}
4818  ... 

Histogram: V8.GC.Cycle.Efficiency.Young recorded 9 samples, mean = 907.6 (flags = 0x41)
0     ... 
222   -O                                                                        (1 = 11.1%) {0.0%}
302   O                                                                         (0 = 0.0%) {11.1%}
411   -O                                                                        (1 = 11.1%) {11.1%}
559   --O                                                                       (2 = 22.2%) {22.2%}
760   --O                                                                       (2 = 22.2%) {44.4%}
1034  -O                                                                        (1 = 11.1%) {66.7%}
1407  --O                                                                       (2 = 22.2%) {77.8%}
1914  ... 

Histogram: V8.GC.Cycle.Full recorded 1 samples, mean = 35.0 (flags = 0x41)
0   ... 
34  -O                                                                        (1 = 100.0%) {0.0%}
40  ... 

Histogram: V8.GC.Cycle.Full.Compact recorded 1 samples, mean = 8.0 (flags = 0x41)
0  ... 
8  -O                                                                        (1 = 100.0%) {0.0%}
10 ... 

Histogram: V8.GC.Cycle.Full.Compact.Cpp recorded 1 samples, mean = 2.0 (flags = 0x41)
0  ... 
2  -O                                                                        (1 = 100.0%) {0.0%}
3  ... 

Histogram: V8.GC.Cycle.Full.Cpp recorded 1 samples, mean = 9.0 (flags = 0x41)
0  ... 
8  -O                                                                        (1 = 100.0%) {0.0%}
10 ... 

Histogram: V8.GC.Cycle.Full.Mark recorded 1 samples, mean = 19.0 (flags = 0x41)
0   ... 
17  -O                                                                        (1 = 100.0%) {0.0%}
20  ... 

Histogram: V8.GC.Cycle.Full.Mark.Cpp recorded 1 samples, mean = 3.0 (flags = 0x41)
0  ... 
3  -O                                                                        (1 = 100.0%) {0.0%}
4  ... 

Histogram: V8.GC.Cycle.Full.Sweep recorded 1 samples, mean = 3.0 (flags = 0x41)
0  ... 
3  -O                                                                        (1 = 100.0%) {0.0%}
4  ... 

Histogram: V8.GC.Cycle.Full.Sweep.Cpp recorded 1 samples, mean = 2.0 (flags = 0x41)
0  ... 
2  -O                                                                        (1 = 100.0%) {0.0%}
3  ... 

Histogram: V8.GC.Cycle.Full.Weak recorded 1 samples, mean = 0.0 (flags = 0x41)
0  -O                                                                        (1 = 100.0%)
1  ... 

Histogram: V8.GC.Cycle.Full.Weak.Cpp recorded 1 samples, mean = 0.0 (flags = 0x41)
0  -O                                                                        (1 = 100.0%)
1  ... 

Histogram: V8.GC.Cycle.MainThread.Full recorded 1 samples, mean = 8.0 (flags = 0x41)
0  ... 
8  -O                                                                        (1 = 100.0%) {0.0%}
10 ... 

Histogram: V8.GC.Cycle.MainThread.Full.Atomic recorded 1 samples, mean = 6.0 (flags = 0x41)
0  ... 
6  -O                                                                        (1 = 100.0%) {0.0%}
7  ... 

Histogram: V8.GC.Cycle.MainThread.Full.Atomic.Compact recorded 1 samples, mean = 2.0 (flags = 0x41)
0  ... 
2  -O                                                                        (1 = 100.0%) {0.0%}
3  ... 

Histogram: V8.GC.Cycle.MainThread.Full.Atomic.Compact.Cpp recorded 1 samples, mean = 2.0 (flags = 0x41)
0  ... 
2  -O                                                                        (1 = 100.0%) {0.0%}
3  ... 

Histogram: V8.GC.Cycle.MainThread.Full.Atomic.Cpp recorded 1 samples, mean = 2.0 (flags = 0x41)
0  ... 
2  -O                                                                        (1 = 100.0%) {0.0%}
3  ... 

Histogram: V8.GC.Cycle.MainThread.Full.Atomic.Mark recorded 1 samples, mean = 0.0 (flags = 0x41)
0  -O                                                                        (1 = 100.0%)
1  ... 

Histogram: V8.GC.Cycle.MainThread.Full.Atomic.Mark.Cpp recorded 1 samples, mean = 0.0 (flags = 0x41)
0  -O                                                                        (1 = 100.0%)
1  ... 

Histogram: V8.GC.Cycle.MainThread.Full.Atomic.Sweep recorded 1 samples, mean = 0.0 (flags = 0x41)
0  -O                                                                        (1 = 100.0%)
1  ... 

Histogram: V8.GC.Cycle.MainThread.Full.Atomic.Sweep.Cpp recorded 1 samples, mean = 0.0 (flags = 0x41)
0  -O                                                                        (1 = 100.0%)
1  ... 

Histogram: V8.GC.Cycle.MainThread.Full.Atomic.Weak recorded 1 samples, mean = 0.0 (flags = 0x41)
0  -O                                                                        (1 = 100.0%)
1  ... 

Histogram: V8.GC.Cycle.MainThread.Full.Atomic.Weak.Cpp recorded 1 samples, mean = 0.0 (flags = 0x41)
0  -O                                                                        (1 = 100.0%)
1  ... 

Histogram: V8.GC.Cycle.MainThread.Full.Compact recorded 1 samples, mean = 2.0 (flags = 0x41)
0  ... 
2  -O                                                                        (1 = 100.0%) {0.0%}
3  ... 

Histogram: V8.GC.Cycle.MainThread.Full.Compact.Cpp recorded 1 samples, mean = 2.0 (flags = 0x41)
0  ... 
2  -O                                                                        (1 = 100.0%) {0.0%}
3  ... 

Histogram: V8.GC.Cycle.MainThread.Full.Cpp recorded 1 samples, mean = 6.0 (flags = 0x41)
0  ... 
6  -O                                                                        (1 = 100.0%) {0.0%}
7  ... 

Histogram: V8.GC.Cycle.MainThread.Full.Incremental.Mark recorded 1 samples, mean = 1.0 (flags = 0x41)
0  O                                                                         (0 = 0.0%)
1  -O                                                                        (1 = 100.0%) {0.0%}
2  ... 

Histogram: V8.GC.Cycle.MainThread.Full.Incremental.Mark.Cpp recorded 1 samples, mean = 1.0 (flags = 0x41)
0  O                                                                         (0 = 0.0%)
1  -O                                                                        (1 = 100.0%) {0.0%}
2  ... 

Histogram: V8.GC.Cycle.MainThread.Full.Incremental.Mark.StartStop recorded 1 samples, mean = 3.0 (flags = 0x41)
0  ... 
3  -O                                                                        (1 = 100.0%) {0.0%}
4  ... 

Histogram: V8.GC.Cycle.MainThread.Full.Incremental.Sweep recorded 1 samples, mean = 0.0 (flags = 0x41)
0  -O                                                                        (1 = 100.0%)
1  ... 

Histogram: V8.GC.Cycle.MainThread.Full.Incremental.Sweep.Cpp recorded 1 samples, mean = 1.0 (flags = 0x41)
0  O                                                                         (0 = 0.0%)
1  -O                                                                        (1 = 100.0%) {0.0%}
2  ... 

Histogram: V8.GC.Cycle.MainThread.Full.Mark recorded 1 samples, mean = 1.0 (flags = 0x41)
0  O                                                                         (0 = 0.0%)
1  -O                                                                        (1 = 100.0%) {0.0%}
2  ... 

Histogram: V8.GC.Cycle.MainThread.Full.Mark.Cpp recorded 1 samples, mean = 1.0 (flags = 0x41)
0  O                                                                         (0 = 0.0%)
1  -O                                                                        (1 = 100.0%) {0.0%}
2  ... 

Histogram: V8.GC.Cycle.MainThread.Full.Sweep recorded 1 samples, mean = 0.0 (flags = 0x41)
0  -O                                                                        (1 = 100.0%)
1  ... 

Histogram: V8.GC.Cycle.MainThread.Full.Sweep.Cpp recorded 1 samples, mean = 1.0 (flags = 0x41)
0  O                                                                         (0 = 0.0%)
1  -O                                                                        (1 = 100.0%) {0.0%}
2  ... 

Histogram: V8.GC.Cycle.MainThread.Full.Weak recorded 1 samples, mean = 0.0 (flags = 0x41)
0  -O                                                                        (1 = 100.0%)
1  ... 

Histogram: V8.GC.Cycle.MainThread.Full.Weak.Cpp recorded 1 samples, mean = 0.0 (flags = 0x41)
0  -O                                                                        (1 = 100.0%)
1  ... 

Histogram: V8.GC.Cycle.MainThread.Young recorded 9 samples, mean = 0.0 (flags = 0x41)
0  ---------O                                                                (9 = 100.0%)
1  ... 

Histogram: V8.GC.Cycle.Memory.Freed.Full recorded 1 samples, mean = 7680.0 (flags = 0x41)
0     ... 
6554  -O                                                                        (1 = 100.0%) {0.0%}
8915  ... 

Histogram: V8.GC.Cycle.Memory.Freed.Full.Cpp recorded 1 samples, mean = 2176.0 (flags = 0x41)
0     ... 
1914  -O                                                                        (1 = 100.0%) {0.0%}
2604  ... 

Histogram: V8.GC.Cycle.Objects.After.Full recorded 1 samples, mean = 10222.0 (flags = 0x41)
0     ... 
8915  -O                                                                        (1 = 100.0%) {0.0%}
12127 ... 

Histogram: V8.GC.Cycle.Objects.After.Full.Cpp recorded 1 samples, mean = 5011.0 (flags = 0x41)
0     ... 
4818  -O                                                                        (1 = 100.0%) {0.0%}
6554  ... 

Histogram: V8.GC.Cycle.Objects.Before.Full recorded 1 samples, mean = 12537.0 (flags = 0x41)
0      ... 
12127  -O                                                                        (1 = 100.0%) {0.0%}
16496  ... 

Histogram: V8.GC.Cycle.Objects.Before.Full.Cpp recorded 1 samples, mean = 7618.0 (flags = 0x41)
0     ... 
6554  -O                                                                        (1 = 100.0%) {0.0%}
8915  ... 

Histogram: V8.GC.Cycle.Objects.Freed.Full recorded 1 samples, mean = 2315.0 (flags = 0x41)
0     ... 
1914  -O                                                                        (1 = 100.0%) {0.0%}
2604  ... 

Histogram: V8.GC.Cycle.Objects.Freed.Full.Cpp recorded 1 samples, mean = 2607.0 (flags = 0x41)
0     ... 
2604  -O                                                                        (1 = 100.0%) {0.0%}
3542  ... 

Histogram: V8.GC.Cycle.Reason.Full recorded 1 samples, mean = 9.0 (flags = 0x41)
0  ... 
9  -O                                                                        (1 = 100.0%) {0.0%}
10 ... 

Histogram: V8.GC.Cycle.Reason.Young recorded 9 samples, mean = 3.4 (flags = 0x41)
0   O                                                                         (0 = 0.0%)
1   -------O                                                                  (7 = 77.8%) {0.0%}
2   ... 
12  --O                                                                       (2 = 22.2%) {77.8%}
13  ... 

Histogram: V8.GC.Cycle.Young recorded 9 samples, mean = 1.0 (flags = 0x41)
0  -O                                                                        (1 = 11.1%)
1  -------O                                                                  (7 = 77.8%) {11.1%}
2  -O                                                                        (1 = 11.1%) {88.9%}
3  ... 

Histogram: V8.GC.Event.MainThread.Full.Finalize.Incremental.ReduceMemory recorded 2 samples, mean = 4.0 (flags = 0x41)
0  ... 
2  -O                                                                        (1 = 50.0%) {0.0%}
3  ... 
6  -O                                                                        (1 = 50.0%) {50.0%}
7  ... 

Histogram: V8.GC.Event.MainThread.Full.Finalize.Incremental.ReduceMemory.Foreground recorded 2 samples, mean = 4.0 (flags = 0x41)
0  ... 
2  -O                                                                        (1 = 50.0%) {0.0%}
3  ... 
6  -O                                                                        (1 = 50.0%) {50.0%}
7  ... 

Histogram: V8.GC.Event.MainThread.Full.Incremental.Mark recorded 26 samples, mean = 0.0 (flags = 0x41)
0  --------------------------O                                               (26 = 100.0%)
1  ... 

Histogram: V8.GC.Event.MainThread.Full.Incremental.Mark.Cpp recorded 28 samples, mean = 0.0 (flags = 0x41)
0  ----------------------------O                                             (28 = 100.0%)
1  ... 

Histogram: V8.GC.Event.MainThread.Full.Incremental.Sweep.Cpp recorded 65 samples, mean = 0.0 (flags = 0x41)
0  ----------------------------------------------------------------O         (64 = 98.5%)
1  -O                                                                        (1 = 1.5%) {98.5%}
2  ... 

Histogram: V8.GC.TimeToSafepoint recorded 13 samples, mean = 2.1 (flags = 0x41)
0   -------O                                                                  (7 = 53.8%)
1   -----O                                                                    (5 = 38.5%) {53.8%}
2   ... 
21  -O                                                                        (1 = 7.7%) {92.3%}
29  ... 

Histogram: V8.GCIncrementalMarking recorded 36 samples, mean = 0.1 (flags = 0x41)
0  ----------------------------------O                                       (34 = 94.4%)
1  --O                                                                       (2 = 5.6%) {94.4%}
2  ... 

Histogram: V8.GCIncrementalMarkingReason recorded 2 samples, mean = 17.0 (flags = 0x41)
0   ... 
17  --O                                                                       (2 = 100.0%) {0.0%}
18  ... 

Histogram: V8.GCIncrementalMarkingStart recorded 2 samples, mean = 0.0 (flags = 0x41)
0  --O                                                                       (2 = 100.0%)
1  ... 

Histogram: V8.GCMarkCompactReason recorded 1 samples, mean = 9.0 (flags = 0x41)
0  ... 
9  -O                                                                        (1 = 100.0%) {0.0%}
10 ... 

Histogram: V8.GCScavenger.ScavengeMain recorded 9 samples, mean = 0.0 (flags = 0x41)
0  ---------O                                                                (9 = 100.0%)
1  ... 

Histogram: V8.GCScavenger.ScavengeRoots recorded 9 samples, mean = 0.0 (flags = 0x41)
0  ---------O                                                                (9 = 100.0%)
1  ... 

Histogram: V8.JSDispatchTableEntriesCount recorded 2 samples, mean = 1.0 (flags = 0x41)
0  O                                                                         (0 = 0.0%)
1  --O                                                                       (2 = 100.0%) {0.0%}
2  ... 

Histogram: V8.LocalWindowProxy.CreateContextTime recorded 2 samples, mean = 1.5 (flags = 0x41)
0  O                                                                         (0 = 0.0%)
1  -O                                                                        (1 = 50.0%) {0.0%}
2  -O                                                                        (1 = 50.0%) {50.0%}
3  ... 

Histogram: V8.LocalWindowProxy.InitializeTime recorded 2 samples, mean = 2.5 (flags = 0x41)
0  ... 
2  -O                                                                        (1 = 50.0%) {0.0%}
3  -O                                                                        (1 = 50.0%) {50.0%}
4  ... 

Histogram: V8.MaglevOptimizeExecute recorded 129 samples, mean = 201.7 (flags = 0x41)
0     ... 
20    -O                                                                        (1 = 0.8%) {0.0%}
25    O                                                                         (0 = 0.0%) {0.8%}
31    -----O                                                                    (5 = 3.9%) {0.8%}
39    ---O                                                                      (3 = 2.3%) {4.7%}
49    -------O                                                                  (7 = 5.4%) {7.0%}
61    ------------O                                                             (12 = 9.3%) {12.4%}
76    --------------O                                                           (14 = 10.9%) {21.7%}
95    ---------------O                                                          (15 = 11.6%) {32.6%}
119   ---------------O                                                          (15 = 11.6%) {44.2%}
149   ---------O                                                                (9 = 7.0%) {55.8%}
186   ---------------O                                                          (15 = 11.6%) {62.8%}
233   -----------O                                                              (11 = 8.5%) {74.4%}
292   ----------O                                                               (10 = 7.8%) {82.9%}
365   ----O                                                                     (4 = 3.1%) {90.7%}
457   -O                                                                        (1 = 0.8%) {93.8%}
572   ---O                                                                      (3 = 2.3%) {94.6%}
716   -O                                                                        (1 = 0.8%) {96.9%}
896   -O                                                                        (1 = 0.8%) {97.7%}
1122  O                                                                         (0 = 0.0%) {98.4%}
1404  --O                                                                       (2 = 1.6%) {98.4%}
1757  ... 

Histogram: V8.MaglevOptimizeFinalize recorded 129 samples, mean = 4.6 (flags = 0x41)
0   --O                                                                       (2 = 1.6%)
1   -----------O                                                              (11 = 8.5%) {1.6%}
2   -------------------------O                                                (25 = 19.4%) {10.1%}
3   -------------------------O                                                (25 = 19.4%) {29.5%}
4   --------------O                                                           (14 = 10.9%) {48.8%}
5   ----------------O                                                         (16 = 12.4%) {59.7%}
6   --------------------O                                                     (20 = 15.5%) {72.1%}
8   -----O                                                                    (5 = 3.9%) {87.6%}
10  -------O                                                                  (7 = 5.4%) {91.5%}
13  O                                                                         (0 = 0.0%) {96.9%}
16  -O                                                                        (1 = 0.8%) {96.9%}
20  ---O                                                                      (3 = 2.3%) {97.7%}
25  ... 

Histogram: V8.MaglevOptimizePrepare recorded 129 samples, mean = 0.1 (flags = 0x41)
0  ------------------------------------------------------------------------O (116 = 89.9%)
1  --------O                                                                 (13 = 10.1%) {89.9%}
2  ... 

Histogram: V8.MaglevOptimizeTotalTime recorded 129 samples, mean = 257.0 (flags = 0x41)
0     ... 
28    -O                                                                        (1 = 0.8%) {0.0%}
37    O                                                                         (0 = 0.0%) {0.8%}
49    ------O                                                                   (6 = 4.7%) {0.8%}
65    -------O                                                                  (7 = 5.4%) {5.4%}
86    ---------------O                                                          (15 = 11.6%) {10.9%}
113   ------------------O                                                       (18 = 14.0%) {22.5%}
149   ---------------O                                                          (15 = 11.6%) {36.4%}
196   -----------------------O                                                  (23 = 17.8%) {48.1%}
258   ---------------------O                                                    (21 = 16.3%) {65.9%}
340   -------O                                                                  (7 = 5.4%) {82.2%}
448   -------O                                                                  (7 = 5.4%) {87.6%}
590   -----O                                                                    (5 = 3.9%) {93.0%}
777   --O                                                                       (2 = 1.6%) {96.9%}
1023  O                                                                         (0 = 0.0%) {98.4%}
1347  --O                                                                       (2 = 1.6%) {98.4%}
1774  ... 

Histogram: V8.MemoryExternalFragmentationCodeSpace recorded 11 samples, mean = 46.5 (flags = 0x41)
0   ... 
13  -O                                                                        (1 = 9.1%) {0.0%}
14  ... 
16  -O                                                                        (1 = 9.1%) {9.1%}
17  -O                                                                        (1 = 9.1%) {18.2%}
18  ... 
28  -O                                                                        (1 = 9.1%) {27.3%}
29  -O                                                                        (1 = 9.1%) {36.4%}
30  ... 
34  -O                                                                        (1 = 9.1%) {45.5%}
35  ... 
67  --O                                                                       (2 = 18.2%) {54.5%}
68  ... 
73  -O                                                                        (1 = 9.1%) {72.7%}
74  ... 
79  -O                                                                        (1 = 9.1%) {81.8%}
80  ... 
88  -O                                                                        (1 = 9.1%) {90.9%}
89  ... 

Histogram: V8.MemoryExternalFragmentationLoSpace recorded 11 samples, mean = 2.1 (flags = 0x41)
0  O                                                                         (0 = 0.0%)
1  -----O                                                                    (5 = 45.5%) {0.0%}
2  O                                                                         (0 = 0.0%) {45.5%}
3  ------O                                                                   (6 = 54.5%) {45.5%}
4  ... 

Histogram: V8.MemoryExternalFragmentationOldSpace recorded 11 samples, mean = 11.1 (flags = 0x41)
0   ... 
7   -O                                                                        (1 = 9.1%) {0.0%}
8   ----O                                                                     (4 = 36.4%) {9.1%}
9   O                                                                         (0 = 0.0%) {45.5%}
10  -O                                                                        (1 = 9.1%) {45.5%}
11  O                                                                         (0 = 0.0%) {54.5%}
12  -O                                                                        (1 = 9.1%) {54.5%}
13  --O                                                                       (2 = 18.2%) {63.6%}
14  ... 
16  -O                                                                        (1 = 9.1%) {81.8%}
17  ... 
19  -O                                                                        (1 = 9.1%) {90.9%}
20  ... 

Histogram: V8.MemoryExternalFragmentationTotal recorded 11 samples, mean = 41.2 (flags = 0x41)
0   ... 
17  -O                                                                        (1 = 9.1%) {0.0%}
18  O                                                                         (0 = 0.0%) {9.1%}
19  -O                                                                        (1 = 9.1%) {9.1%}
20  ... 
38  -O                                                                        (1 = 9.1%) {18.2%}
39  O                                                                         (0 = 0.0%) {27.3%}
40  -O                                                                        (1 = 9.1%) {27.3%}
41  ... 
43  --O                                                                       (2 = 18.2%) {36.4%}
44  ... 
46  -O                                                                        (1 = 9.1%) {54.5%}
47  ... 
49  -O                                                                        (1 = 9.1%) {63.6%}
50  -O                                                                        (1 = 9.1%) {72.7%}
51  ... 
53  -O                                                                        (1 = 9.1%) {81.8%}
54  O                                                                         (0 = 0.0%) {90.9%}
55  -O                                                                        (1 = 9.1%) {90.9%}
56  ... 

Histogram: V8.MemoryHeapSampleCodeSpaceCommitted recorded 11 samples, mean = 907.6 (flags = 0x41)
0     ------O                                                                   (6 = 54.5%)
1000  --O                                                                       (2 = 18.2%) {54.5%}
1138  ... 
1474  ---O                                                                      (3 = 27.3%) {72.7%}
1678  ... 

Histogram: V8.MemoryHeapSampleMaximumCommitted recorded 11 samples, mean = 13175.6 (flags = 0x41)
0      ... 
3649   -O                                                                        (1 = 9.1%) {0.0%}
4153   ... 
6124   -O                                                                        (1 = 9.1%) {9.1%}
6971   ... 
9032   --O                                                                       (2 = 18.2%) {18.2%}
10281  -O                                                                        (1 = 9.1%) {36.4%}
11702  --O                                                                       (2 = 18.2%) {45.5%}
13320  ... 
17257  -O                                                                        (1 = 9.1%) {63.6%}
19642  ---O                                                                      (3 = 27.3%) {72.7%}
22357  ... 

Histogram: V8.MemoryHeapSampleTotalCommitted recorded 11 samples, mean = 11732.7 (flags = 0x41)
0      ... 
3649   -O                                                                        (1 = 9.1%) {0.0%}
4153   ... 
6124   -O                                                                        (1 = 9.1%) {9.1%}
6971   ... 
9032   --O                                                                       (2 = 18.2%) {18.2%}
10281  -O                                                                        (1 = 9.1%) {36.4%}
11702  ----O                                                                     (4 = 36.4%) {45.5%}
13320  ... 
17257  -O                                                                        (1 = 9.1%) {81.8%}
19642  -O                                                                        (1 = 9.1%) {90.9%}
22357  ... 

Histogram: V8.MemoryHeapSampleTotalUsed recorded 11 samples, mean = 6862.4 (flags = 0x41)
0      ... 
2174   -O                                                                        (1 = 9.1%) {0.0%}
2475   ... 
3206   -O                                                                        (1 = 9.1%) {9.1%}
3649   -O                                                                        (1 = 9.1%) {18.2%}
4153   O                                                                         (0 = 0.0%) {27.3%}
4727   --O                                                                       (2 = 18.2%) {27.3%}
5380   O                                                                         (0 = 0.0%) {45.5%}
6124   -O                                                                        (1 = 9.1%) {45.5%}
6971   O                                                                         (0 = 0.0%) {54.5%}
7935   -O                                                                        (1 = 9.1%) {54.5%}
9032   ---O                                                                      (3 = 27.3%) {63.6%}
10281  -O                                                                        (1 = 9.1%) {90.9%}
11702  ... 

Histogram: V8.RegExpBacktracks recorded 263 samples, mean = 1.7 (flags = 0x41)
0    ------O                                                                   (19 = 7.2%)
1    ------------------------------------------------------------------------O (229 = 87.1%) {7.2%}
2    --O                                                                       (5 = 1.9%) {94.3%}
3    -O                                                                        (4 = 1.5%) {96.2%}
4    -O                                                                        (3 = 1.1%) {97.7%}
6    O                                                                         (1 = 0.4%) {98.9%}
9    O                                                                         (1 = 0.4%) {99.2%}
13   ... 
127  O                                                                         (1 = 0.4%) {99.6%}
185  ... 

Histogram: V8.SandboxedCodePointersCount recorded 2 samples, mean = 1087.0 (flags = 0x41)
0    ... 
977  --O                                                                       (2 = 100.0%) {0.0%}
1136 ... 

Histogram: V8.SandboxedCppHeapPointersCount recorded 2 samples, mean = 4309.5 (flags = 0x41)
0     ... 
380   -O                                                                        (1 = 50.0%) {0.0%}
452   ... 
7152  -O                                                                        (1 = 50.0%) {50.0%}
8499  ... 

Histogram: V8.SandboxedExternalPointersCount recorded 13 samples, mean = 905.6 (flags = 0x41)
0     ----O                                                                     (4 = 30.8%)
1     ... 
20    -O                                                                        (1 = 7.7%) {30.8%}
24    -O                                                                        (1 = 7.7%) {38.5%}
29    ... 
57    -O                                                                        (1 = 7.7%) {46.2%}
68    --O                                                                       (2 = 15.4%) {53.8%}
81    ... 
758   -O                                                                        (1 = 7.7%) {69.2%}
901   ... 
1513  -O                                                                        (1 = 7.7%) {76.9%}
1798  ... 
4261  --O                                                                       (2 = 15.4%) {84.6%}
5064  ... 

Histogram: V8.SandboxedTrustedPointersCount recorded 2 samples, mean = 3760.0 (flags = 0x41)
0     ... 
3267  --O                                                                       (2 = 100.0%) {0.0%}
3799  ... 

Histogram: V8.SnapshotDeserializeContextMicroSeconds recorded 4 samples, mean = 430.0 (flags = 0x41)
0    ... 
196  -O                                                                        (1 = 25.0%) {0.0%}
258  -O                                                                        (1 = 25.0%) {25.0%}
340  O                                                                         (0 = 0.0%) {50.0%}
448  -O                                                                        (1 = 25.0%) {50.0%}
590  -O                                                                        (1 = 25.0%) {75.0%}
777  ... 

Histogram: V8.TurboFan1KTicks recorded 7 samples, mean = 14.0 (flags = 0x41)
0   ... 
4   -O                                                                        (1 = 14.3%) {0.0%}
5   --O                                                                       (2 = 28.6%) {14.3%}
6   ... 
9   -O                                                                        (1 = 14.3%) {42.9%}
10  ... 
14  -O                                                                        (1 = 14.3%) {57.1%}
15  -O                                                                        (1 = 14.3%) {71.4%}
16  ... 
45  -O                                                                        (1 = 14.3%) {85.7%}
47  ... 

Histogram: V8.TurboFanOptimizeConcurrentTotalTime recorded 6 samples, mean = 2282.8 (flags = 0x41)
0     ... 
752   --O                                                                       (2 = 33.3%) {0.0%}
1043  --O                                                                       (2 = 33.3%) {33.3%}
1447  ... 
2786  -O                                                                        (1 = 16.7%) {66.7%}
3865  O                                                                         (0 = 0.0%) {83.3%}
5362  -O                                                                        (1 = 16.7%) {83.3%}
7439  ... 

Histogram: V8.TurboFanOptimizeExecute recorded 6 samples, mean = 2175.7 (flags = 0x41)
0     ... 
590   -O                                                                        (1 = 16.7%) {0.0%}
777   -O                                                                        (1 = 16.7%) {16.7%}
1023  --O                                                                       (2 = 33.3%) {33.3%}
1347  ... 
3077  -O                                                                        (1 = 16.7%) {66.7%}
4053  O                                                                         (0 = 0.0%) {83.3%}
5338  -O                                                                        (1 = 16.7%) {83.3%}
7031  ... 

Histogram: V8.TurboFanOptimizeFinalize recorded 6 samples, mean = 19.2 (flags = 0x41)
0   ... 
9   --O                                                                       (2 = 33.3%) {0.0%}
12  O                                                                         (0 = 0.0%) {33.3%}
16  --O                                                                       (2 = 33.3%) {33.3%}
21  -O                                                                        (1 = 16.7%) {66.7%}
28  -O                                                                        (1 = 16.7%) {83.3%}
37  ... 

Histogram: V8.TurboFanOptimizeForOnStackReplacementExecute recorded 1 samples, mean = 1901.0 (flags = 0x41)
0     ... 
1774  -O                                                                        (1 = 100.0%) {0.0%}
2336  ... 

Histogram: V8.TurboFanOptimizeForOnStackReplacementFinalize recorded 1 samples, mean = 16.0 (flags = 0x41)
0   ... 
16  -O                                                                        (1 = 100.0%) {0.0%}
21  ... 

Histogram: V8.TurboFanOptimizeForOnStackReplacementPrepare recorded 1 samples, mean = 12.0 (flags = 0x41)
0   ... 
12  -O                                                                        (1 = 100.0%) {0.0%}
16  ... 

Histogram: V8.TurboFanOptimizeForOnStackReplacementTotalTime recorded 1 samples, mean = 1948.0 (flags = 0x41)
0     ... 
1447  -O                                                                        (1 = 100.0%) {0.0%}
2008  ... 

Histogram: V8.TurboFanOptimizePrepare recorded 6 samples, mean = 7.8 (flags = 0x41)
0   ... 
4   -O                                                                        (1 = 16.7%) {0.0%}
5   --O                                                                       (2 = 33.3%) {16.7%}
7   --O                                                                       (2 = 33.3%) {50.0%}
9   ... 
16  -O                                                                        (1 = 16.7%) {83.3%}
21  ... 

Histogram: V8.TurboFanOptimizeTotalBackground recorded 6 samples, mean = 2175.7 (flags = 0x41)
0     ... 
542   -O                                                                        (1 = 16.7%) {0.0%}
752   -O                                                                        (1 = 16.7%) {16.7%}
1043  --O                                                                       (2 = 33.3%) {33.3%}
1447  ... 
2786  -O                                                                        (1 = 16.7%) {66.7%}
3865  O                                                                         (0 = 0.0%) {83.3%}
5362  -O                                                                        (1 = 16.7%) {83.3%}
7439  ... 

Histogram: V8.TurboFanOptimizeTotalForeground recorded 6 samples, mean = 27.0 (flags = 0x41)
0   ... 
11  -O                                                                        (1 = 16.7%) {0.0%}
15  -O                                                                        (1 = 16.7%) {16.7%}
21  --O                                                                       (2 = 33.3%) {33.3%}
29  -O                                                                        (1 = 16.7%) {66.7%}
40  -O                                                                        (1 = 16.7%) {83.3%}
55  ... 

Histogram: V8.TurboFanOptimizeTotalTime recorded 6 samples, mean = 2282.8 (flags = 0x41)
0     ... 
752   --O                                                                       (2 = 33.3%) {0.0%}
1043  --O                                                                       (2 = 33.3%) {33.3%}
1447  ... 
2786  -O                                                                        (1 = 16.7%) {66.7%}
3865  O                                                                         (0 = 0.0%) {83.3%}
5362  -O                                                                        (1 = 16.7%) {83.3%}
7439  ... 

Histogram: V8.WasmCompilationMethod recorded 2 samples, mean = 0.0 (flags = 0x41)
0  --O                                                                       (2 = 100.0%)
1  ... 

Histogram: V8.WasmCompileModuleMicroSeconds.wasm recorded 1 samples, mean = 110.0 (flags = 0x41)
0    ... 
105  -O                                                                        (1 = 100.0%) {0.0%}
146  ... 

Histogram: V8.WasmFunctionsPerModule.wasm recorded 2 samples, mean = 0.0 (flags = 0x41)
0  --O                                                                       (2 = 100.0%)
1  ... 

Histogram: V8.WasmMemoryProtectionKeysSupport recorded 1 samples, mean = 0.0 (flags = 0x41)
0  -O                                                                        (1 = 100.0%)
1  ... 

Histogram: V8.WasmModuleCodeSizeKiB recorded 2 samples, mean = 8.0 (flags = 0x41)
0  ... 
8  --O                                                                       (2 = 100.0%) {0.0%}
9  ... 

Histogram: V8.WasmModuleCodeSizeMiB recorded 2 samples, mean = 0.0 (flags = 0x41)
0  --O                                                                       (2 = 100.0%)
1  ... 

Histogram: V8.WasmModuleMetadataSizeKiB recorded 2 samples, mean = 2.0 (flags = 0x41)
0  ... 
2  --O                                                                       (2 = 100.0%) {0.0%}
3  ... 

Histogram: V8.WasmModuleNumberOfCodeSpaces recorded 1 samples, mean = 1.0 (flags = 0x41)
0  O                                                                         (0 = 0.0%)
1  -O                                                                        (1 = 100.0%) {0.0%}
2  ... 

Histogram: V8.WasmModuleSizeBytes.wasm recorded 2 samples, mean = 8.0 (flags = 0x41)
0  ... 
8  --O                                                                       (2 = 100.0%) {0.0%}
12 ... 

Histogram: V8.WasmModulesPerEngine recorded 1 samples, mean = 1.0 (flags = 0x41)
0  O                                                                         (0 = 0.0%)
1  -O                                                                        (1 = 100.0%) {0.0%}
2  ... 

Histogram: V8.WasmModulesPerIsolate recorded 1 samples, mean = 1.0 (flags = 0x41)
0  O                                                                         (0 = 0.0%)
1  -O                                                                        (1 = 100.0%) {0.0%}
2  ... 

Histogram: Variations.ExtendedSafeMode.BeaconFileStateAtStartup recorded 1 samples, mean = 0.0 (flags = 0x41)
0  -O                                                                        (1 = 100.0%)
1  ... 

Histogram: Variations.ExtendedSafeMode.BeaconFileWrite recorded 2 samples, mean = 1.0 (flags = 0x41)
0  O                                                                         (0 = 0.0%)
1  --O                                                                       (2 = 100.0%) {0.0%}
2  O                                                                         (0 = 0.0%) {100.0%}

Histogram: Variations.ForcedFieldTrialsAtStartupForInternalsPage recorded 1 samples, mean = 0.0 (flags = 0x41)
0  -O                                                                        (1 = 100.0%)
1  ... 

Histogram: Variations.Headers.ExperimentCount recorded 92 samples, mean = 1.0 (flags = 0x41)
0  O                                                                         (0 = 0.0%)
1  ------------------------------------------------------------------------O (92 = 100.0%) {0.0%}
2  ... 

Histogram: Variations.Headers.HasLowEntropySourceValue recorded 92 samples, mean = 1.0 (flags = 0x41)
0  O                                                                         (0 = 0.0%)
1  ------------------------------------------------------------------------O (92 = 100.0%) {0.0%}
2  O                                                                         (0 = 0.0%) {100.0%}

Histogram: Variations.Headers.RequestContextCategory recorded 71 samples, mean = 2.5 (flags = 0x41)
0  ---------------------------O                                              (27 = 38.0%)
1  ... 
4  --------------------------------------------O                             (44 = 62.0%) {38.0%}
5  ... 

Histogram: Variations.Headers.URLValidationResult.Append recorded 71 samples, mean = 2.4 (flags = 0x41)
0  ... 
2  ---------------------------------------------O                            (45 = 63.4%) {0.0%}
3  --------------------------O                                               (26 = 36.6%) {63.4%}
4  ... 

Histogram: Variations.Headers.URLValidationResult.Remove recorded 2 samples, mean = 2.0 (flags = 0x41)
0  ... 
2  --O                                                                       (2 = 100.0%) {0.0%}
3  ... 

Histogram: Variations.Limits.VariationKeySize.Default recorded 23 samples, mean = 0.0 (flags = 0x41)
0  -----------------------O                                                  (23 = 100.0%)
1  ... 

Histogram: Variations.LoadPermanentConsistencyCountryResult recorded 1 samples, mean = 0.0 (flags = 0x41)
0  -O                                                                        (1 = 100.0%)
1  ... 

Histogram: Variations.PolicyRestriction recorded 1 samples, mean = 0.0 (flags = 0x41)
0  -O                                                                        (1 = 100.0%)
1  ... 

Histogram: Variations.SafeMode.Streak.Crashes recorded 1 samples (flags = 0x41)
0  -O                                                                        (1 = 100.0%)

Histogram: Variations.SafeMode.Streak.FetchFailures recorded 1 samples (flags = 0x41)
0  -O                                                                        (1 = 100.0%)

Histogram: Variations.SeedLoadResult recorded 1 samples, mean = 1.0 (flags = 0x41)
0  O                                                                         (0 = 0.0%)
1  -O                                                                        (1 = 100.0%) {0.0%}
2  ... 

Histogram: Variations.SeedUsage recorded 1 samples, mean = 2.0 (flags = 0x41)
0  ... 
2  -O                                                                        (1 = 100.0%) {0.0%}
3  ... 

Histogram: Variations.UserChannel recorded 1 samples (flags = 0x41)
-1 -O                                                                        (1 = 100.0%)

Histogram: Views.Browser.NumColorProvidersInitializedDuringOnNativeThemeUpdated recorded 3 samples, mean = 0.0 (flags = 0x41)
0  ---O                                                                      (3 = 100.0%)
1  ... 

Histogram: Views.Browser.TimeSpentInitializingColorProvider recorded 3 samples, mean = 0.0 (flags = 0x41)
0  ---O                                                                      (3 = 100.0%)
1  ... 

Histogram: Views.Browser.TimeSpentProcessingOnNativeThemeUpdatedEvent recorded 3 samples, mean = 0.0 (flags = 0x41)
0  ---O                                                                      (3 = 100.0%)
1  ... 

Histogram: Views.ColorProviderCacheSize recorded 3 samples, mean = 2.0 (flags = 0x41)
0  O                                                                         (0 = 0.0%)
1  -O                                                                        (1 = 33.3%) {0.0%}
2  -O                                                                        (1 = 33.3%) {33.3%}
3  -O                                                                        (1 = 33.3%) {66.7%}
4  ... 

Histogram: Viz.FrameSinkVideoCapturer.CaptureDuration recorded 5 samples, mean = 8.0 (flags = 0x41)
0   --O                                                                       (2 = 40.0%)
1   --O                                                                       (2 = 40.0%) {40.0%}
2   ... 
37  -O                                                                        (1 = 20.0%) {80.0%}
42  ... 

Histogram: Viz.FrameSinkVideoCapturer.CaptureSucceeded recorded 5 samples, mean = 1.0 (flags = 0x41)
0  O                                                                         (0 = 0.0%)
1  -----O                                                                    (5 = 100.0%) {0.0%}
2  O                                                                         (0 = 0.0%) {100.0%}

Histogram: Viz.FrameSinkVideoCapturer.FrameResurrected recorded 5 samples, mean = 0.0 (flags = 0x41)
0  -----O                                                                    (5 = 100.0%)
1  ... 

Histogram: Viz.FrameSinkVideoCapturer.RGBA.CaptureDuration recorded 5 samples, mean = 8.0 (flags = 0x41)
0   --O                                                                       (2 = 40.0%)
1   --O                                                                       (2 = 40.0%) {40.0%}
2   ... 
37  -O                                                                        (1 = 20.0%) {80.0%}
42  ... 

Histogram: Viz.FrameSinkVideoCapturer.RGBA.CaptureSucceeded recorded 5 samples, mean = 1.0 (flags = 0x41)
0  O                                                                         (0 = 0.0%)
1  -----O                                                                    (5 = 100.0%) {0.0%}
2  O                                                                         (0 = 0.0%) {100.0%}

Histogram: Viz.FrameSinkVideoCapturer.ReserveFrameDuration recorded 5 samples, mean = 6.4 (flags = 0x41)
0   ----O                                                                     (4 = 80.0%)
1   ... 
30  -O                                                                        (1 = 20.0%) {80.0%}
33  ... 

Histogram: Viz.FrameSinkVideoCapturer.TotalDuration recorded 5 samples, mean = 8.0 (flags = 0x41)
0   --O                                                                       (2 = 40.0%)
1   --O                                                                       (2 = 40.0%) {40.0%}
2   ... 
37  -O                                                                        (1 = 20.0%) {80.0%}
42  ... 

Histogram: WebApp.DiyAppsInstalledCount.ByUser recorded 1 samples, mean = 0.0 (flags = 0x41)
0  -O                                                                        (1 = 100.0%)
1  ... 

Histogram: WebApp.GeneratedIconFix.StartUpAttemptCount recorded 1 samples, mean = 0.0 (flags = 0x41)
0  -O                                                                        (1 = 100.0%)
1  ... 

Histogram: WebApp.Icon.AppsWithEmptyDownloadedIconSizes recorded 1 samples, mean = 0.0 (flags = 0x41)
0  -O                                                                        (1 = 100.0%)
1  ... 

Histogram: WebApp.Icon.AppsWithEmptyIconBitmap recorded 1 samples, mean = 0.0 (flags = 0x41)
0  -O                                                                        (1 = 100.0%)
1  ... 

Histogram: WebApp.Icon.AppsWithEmptyIconFile recorded 1 samples, mean = 0.0 (flags = 0x41)
0  -O                                                                        (1 = 100.0%)
1  ... 

Histogram: WebApp.Icon.AppsWithGeneratedIconBitmap recorded 1 samples, mean = 0.0 (flags = 0x41)
0  -O                                                                        (1 = 100.0%)
1  ... 

Histogram: WebApp.Icon.AppsWithGeneratedIconFlag recorded 1 samples, mean = 0.0 (flags = 0x41)
0  -O                                                                        (1 = 100.0%)
1  ... 

Histogram: WebApp.Icon.AppsWithGeneratedIconFlagFalseNegative recorded 1 samples, mean = 0.0 (flags = 0x41)
0  -O                                                                        (1 = 100.0%)
1  ... 

Histogram: WebApp.Icon.AppsWithMissingIconFile recorded 1 samples, mean = 0.0 (flags = 0x41)
0  -O                                                                        (1 = 100.0%)
1  ... 

Histogram: WebApp.InstalledCount.ByUser recorded 1 samples, mean = 0.0 (flags = 0x41)
0  -O                                                                        (1 = 100.0%)
1  ... 

Histogram: WebApp.InstalledCount.ByUserNotLocallyInstalled recorded 1 samples, mean = 0.0 (flags = 0x41)
0  -O                                                                        (1 = 100.0%)
1  ... 

Histogram: WebApp.Preinstalled.AppToReplaceStillDefaultInstalledCount recorded 1 samples, mean = 0.0 (flags = 0x41)
0  -O                                                                        (1 = 100.0%)
1  ... 

Histogram: WebApp.Preinstalled.AppToReplaceStillInstalledCount recorded 1 samples, mean = 0.0 (flags = 0x41)
0  -O                                                                        (1 = 100.0%)
1  ... 

Histogram: WebApp.Preinstalled.AppToReplaceStillInstalledInShelfCount recorded 1 samples, mean = 0.0 (flags = 0x41)
0  -O                                                                        (1 = 100.0%)
1  ... 

Histogram: WebApp.Preinstalled.ConfigErrorCount recorded 1 samples, mean = 0.0 (flags = 0x41)
0  -O                                                                        (1 = 100.0%)
1  ... 

Histogram: WebApp.Preinstalled.CorruptUserUninstallPrefsCount recorded 1 samples, mean = 0.0 (flags = 0x41)
0  -O                                                                        (1 = 100.0%)
1  ... 

Histogram: WebApp.Preinstalled.DisabledCount recorded 1 samples, mean = 0.0 (flags = 0x41)
0  -O                                                                        (1 = 100.0%)
1  ... 

Histogram: WebApp.Preinstalled.EnabledCount recorded 1 samples, mean = 0.0 (flags = 0x41)
0  -O                                                                        (1 = 100.0%)
1  ... 

Histogram: WebApp.Preinstalled.InstallCount recorded 1 samples, mean = 0.0 (flags = 0x41)
0  -O                                                                        (1 = 100.0%)
1  ... 

Histogram: WebApp.Preinstalled.UninstallAndReplaceCount recorded 1 samples, mean = 0.0 (flags = 0x41)
0  -O                                                                        (1 = 100.0%)
1  ... 

Histogram: WebApp.Preinstalled.UninstallAppRemovedCount recorded 1 samples, mean = 0.0 (flags = 0x41)
0  -O                                                                        (1 = 100.0%)
1  ... 

Histogram: WebApp.Preinstalled.UninstallSourceRemovedCount recorded 1 samples, mean = 0.0 (flags = 0x41)
0  -O                                                                        (1 = 100.0%)
1  ... 

Histogram: WebApp.Preinstalled.UninstallTotalCount recorded 1 samples, mean = 0.0 (flags = 0x41)
0  -O                                                                        (1 = 100.0%)
1  ... 

Histogram: WebApp.Uninstall.NonSyncIncompleteCount recorded 1 samples, mean = 0.0 (flags = 0x41)
0  -O                                                                        (1 = 100.0%)
1  ... 

Histogram: WebAuthentication.Windows.KeyCredentialManagerSupported recorded 1 samples, mean = 1.0 (flags = 0x41)
0  O                                                                         (0 = 0.0%)
1  -O                                                                        (1 = 100.0%) {0.0%}
2  ... 

Histogram: WebContentsObserver.DOMContentLoaded recorded 1 samples, mean = 0.0 (flags = 0x41)
0  -O                                                                        (1 = 100.0%)
1  ... 

Histogram: WebContentsObserver.DidChangeVisibleSecurityState recorded 2 samples, mean = 0.0 (flags = 0x41)
0  --O                                                                       (2 = 100.0%)
1  ... 

Histogram: WebContentsObserver.DidFinishLoad recorded 1 samples, mean = 0.0 (flags = 0x41)
0  -O                                                                        (1 = 100.0%)
1  ... 

Histogram: WebContentsObserver.DidFinishNavigation recorded 3 samples, mean = 0.3 (flags = 0x41)
0  --O                                                                       (2 = 66.7%)
1  -O                                                                        (1 = 33.3%) {66.7%}
2  ... 

Histogram: WebContentsObserver.DidFirstVisuallyNonEmptyPaint recorded 1 samples, mean = 0.0 (flags = 0x41)
0  -O                                                                        (1 = 100.0%)
1  ... 

Histogram: WebContentsObserver.DidRedirectNavigation recorded 1 samples, mean = 0.0 (flags = 0x41)
0  -O                                                                        (1 = 100.0%)
1  ... 

Histogram: WebContentsObserver.DidStartLoading recorded 1 samples, mean = 0.0 (flags = 0x41)
0  -O                                                                        (1 = 100.0%)
1  ... 

Histogram: WebContentsObserver.DidStartNavigation recorded 3 samples, mean = 0.0 (flags = 0x41)
0  ---O                                                                      (3 = 100.0%)
1  ... 

Histogram: WebContentsObserver.DidStartNavigation.MainFrame recorded 3 samples, mean = 0.0 (flags = 0x41)
0  ---O                                                                      (3 = 100.0%)
1  ... 

Histogram: WebContentsObserver.DidStopLoading recorded 1 samples, mean = 0.0 (flags = 0x41)
0  -O                                                                        (1 = 100.0%)
1  ... 

Histogram: WebContentsObserver.DidUpdateNavigationHandleTiming recorded 5 samples, mean = 0.0 (flags = 0x41)
0  -----O                                                                    (5 = 100.0%)
1  ... 

Histogram: WebContentsObserver.LoadProgressChanged recorded 10 samples, mean = 0.0 (flags = 0x41)
0  ----------O                                                               (10 = 100.0%)
1  ... 

Histogram: WebContentsObserver.NavigationEntryCommitted recorded 2 samples, mean = 0.0 (flags = 0x41)
0  --O                                                                       (2 = 100.0%)
1  ... 

Histogram: WebContentsObserver.PrimaryMainDocumentElementAvailable recorded 1 samples, mean = 0.0 (flags = 0x41)
0  -O                                                                        (1 = 100.0%)
1  ... 

Histogram: WebContentsObserver.RenderFrameCreated recorded 2 samples, mean = 0.0 (flags = 0x41)
0  --O                                                                       (2 = 100.0%)
1  ... 

Histogram: WebContentsObserver.RenderFrameDeleted recorded 2 samples, mean = 0.0 (flags = 0x41)
0  --O                                                                       (2 = 100.0%)
1  ... 

Histogram: WebContentsObserver.RenderViewReady recorded 2 samples, mean = 0.0 (flags = 0x41)
0  --O                                                                       (2 = 100.0%)
1  ... 

Histogram: WebContentsObserver.TitleWasSet recorded 1 samples, mean = 0.0 (flags = 0x41)
0  -O                                                                        (1 = 100.0%)
1  ... 

Histogram: WebCore.Scripts.Async.NotStreamingReason recorded 20 samples, mean = 9.0 (flags = 0x41)
0  ... 
9  --------------------O                                                     (20 = 100.0%) {0.0%}
10 ... 

Histogram: WebCore.Scripts.Async.StartedStreaming recorded 25 samples, mean = 0.2 (flags = 0x41)
0  --------------------O                                                     (20 = 80.0%)
1  -----O                                                                    (5 = 20.0%) {80.0%}
2  O                                                                         (0 = 0.0%) {100.0%}

Histogram: WebCore.Scripts.Other.NotStreamingReason recorded 15 samples, mean = 11.0 (flags = 0x41)
0   ... 
11  ---------------O                                                          (15 = 100.0%) {0.0%}
12  ... 

Histogram: WebCore.Scripts.Other.StartedStreaming recorded 15 samples, mean = 0.0 (flags = 0x41)
0  ---------------O                                                          (15 = 100.0%)
1  ... 

Histogram: WebCore.Scripts.V8CodeCacheMetadata.Get recorded 47 samples, mean = 4.3 (flags = 0x41)
0  -------O                                                                  (7 = 14.9%)
1  ... 
5  ----------------------------------------O                                 (40 = 85.1%) {14.9%}
6  O                                                                         (0 = 0.0%) {100.0%}

Histogram: WebCore.Scripts.V8CodeCacheMetadata.Set recorded 3 samples, mean = 0.3 (flags = 0x41)
0  --O                                                                       (2 = 66.7%)
1  -O                                                                        (1 = 33.3%) {66.7%}
2  ... 

Histogram: WebCore.Scripts.V8CompileHintsStatus recorded 41 samples, mean = 8.4 (flags = 0x41)
0   ... 
6   --------------------O                                                     (20 = 48.8%) {0.0%}
7   ... 
10  -----O                                                                    (5 = 12.2%) {48.8%}
11  ----------------O                                                         (16 = 39.0%) {61.0%}
12  ... 

Histogram: WebCore.Scripts.V8CrowdsourcedCompileHints.ModelQuality recorded 1 samples, mean = 0.0 (flags = 0x41)
0  -O                                                                        (1 = 100.0%)
1  ... 

Histogram: WebCore.Scripts.V8LocalCompileHintsGenerated recorded 1 samples, mean = 0.0 (flags = 0x41)
0  -O                                                                        (1 = 100.0%)
1  ... 

Histogram: WebCore.Scripts.V8LocalCompileHintsObsoletedByCodeCache recorded 1 samples, mean = 0.0 (flags = 0x41)
0  -O                                                                        (1 = 100.0%)
1  ... 

Histogram: WebDatabase.InitResult recorded 2 samples, mean = 0.0 (flags = 0x41)
0  --O                                                                       (2 = 100.0%)
1  ... 

Histogram: WebFont.CacheHit recorded 5 samples, mean = 1.4 (flags = 0x41)
0  O                                                                         (0 = 0.0%)
1  ----O                                                                     (4 = 80.0%) {0.0%}
2  O                                                                         (0 = 0.0%) {80.0%}
3  -O                                                                        (1 = 20.0%) {80.0%}
4  O                                                                         (0 = 0.0%) {100.0%}

Histogram: WebFont.Clients.RenderBlockingFonts.ExpiredFonts recorded 1 samples, mean = 1.0 (flags = 0x41)
0  O                                                                         (0 = 0.0%)
1  -O                                                                        (1 = 100.0%) {0.0%}
2  O                                                                         (0 = 0.0%) {100.0%}

Histogram: WebFont.HadBlankText recorded 1 samples, mean = 0.0 (flags = 0x41)
0  -O                                                                        (1 = 100.0%)
1  ... 

Histogram: WebFont.LocalFontUsed recorded 1 samples, mean = 1.0 (flags = 0x41)
0  O                                                                         (0 = 0.0%)
1  -O                                                                        (1 = 100.0%) {0.0%}
2  O                                                                         (0 = 0.0%) {100.0%}

Histogram: Windows.AcLayersLoaded recorded 1 samples, mean = 0.0 (flags = 0x41)
0  -O                                                                        (1 = 100.0%)
1  ... 

Histogram: Windows.CetAvailable recorded 1 samples, mean = 1.0 (flags = 0x41)
0  O                                                                         (0 = 0.0%)
1  -O                                                                        (1 = 100.0%) {0.0%}
2  O                                                                         (0 = 0.0%) {100.0%}

Histogram: Windows.CetEnabled recorded 1 samples, mean = 0.0 (flags = 0x41)
0  -O                                                                        (1 = 100.0%)
1  ... 

Histogram: Windows.DisplayIdFromDeviceId recorded 17 samples, mean = 3.0 (flags = 0x41)
0  ... 
3  -----------------O                                                        (17 = 100.0%) {0.0%}
4  O                                                                         (0 = 0.0%) {100.0%}

Histogram: Windows.DisplayIdFromDeviceKey recorded 17 samples, mean = 3.0 (flags = 0x41)
0  ... 
3  -----------------O                                                        (17 = 100.0%) {0.0%}
4  O                                                                         (0 = 0.0%) {100.0%}

Histogram: Windows.Enclave.SGX.Available recorded 1 samples, mean = 0.0 (flags = 0x41)
0  -O                                                                        (1 = 100.0%)
1  ... 

Histogram: Windows.Enclave.SGX2.Available recorded 1 samples, mean = 0.0 (flags = 0x41)
0  -O                                                                        (1 = 100.0%)
1  ... 

Histogram: Windows.Enclave.VBS.Available recorded 1 samples, mean = 0.0 (flags = 0x41)
0  -O                                                                        (1 = 100.0%)
1  ... 

Histogram: Windows.Enclave.VBSBasic.Available recorded 1 samples, mean = 0.0 (flags = 0x41)
0  -O                                                                        (1 = 100.0%)
1  ... 

Histogram: Windows.HasHighResolutionTimeTicks recorded 1 samples, mean = 1.0 (flags = 0x41)
0  O                                                                         (0 = 0.0%)
1  -O                                                                        (1 = 100.0%) {0.0%}
2  O                                                                         (0 = 0.0%) {100.0%}

Histogram: Windows.HasThreadTicks recorded 1 samples, mean = 1.0 (flags = 0x41)
0  O                                                                         (0 = 0.0%)
1  -O                                                                        (1 = 100.0%) {0.0%}
2  O                                                                         (0 = 0.0%) {100.0%}

Histogram: Windows.HighResolutionTimerUsage recorded 42 samples, mean = 0.0 (flags = 0x41)
0  ------------------------------------------O                               (42 = 100.0%)
1  ... 

Histogram: Windows.HypervPresent recorded 1 samples, mean = 0.0 (flags = 0x41)
0  -O                                                                        (1 = 100.0%)
1  ... 

Histogram: Windows.LegacyDisplayIdAlgorithm recorded 39 samples, mean = 0.0 (flags = 0x41)
0  ---------------------------------------O                                  (39 = 100.0%)
1  ... 

Histogram: Windows.ParallelDllLoadingEnabled recorded 1 samples, mean = 1.0 (flags = 0x41)
0  O                                                                         (0 = 0.0%)
1  -O                                                                        (1 = 100.0%) {0.0%}
2  O                                                                         (0 = 0.0%) {100.0%}

Histogram: Windows.PatchLevel recorded 1 samples (flags = 0x41)
1717051657  -O                                                                        (1 = 100.0%)

Histogram: Windows.PatchLevelKernel32 recorded 1 samples (flags = 0x41)
1710497928  -O                                                                        (1 = 100.0%)

Histogram: Windows.ProcessorFamily recorded 1 samples (flags = 0x41)
205  -O                                                                        (1 = 100.0%)

Histogram: Windows.ProcessorVirtualizationFirmwareEnabled recorded 1 samples, mean = 1.0 (flags = 0x41)
0  O                                                                         (0 = 0.0%)
1  -O                                                                        (1 = 100.0%) {0.0%}
2  O                                                                         (0 = 0.0%) {100.0%}


